MINISTÉRIO DA FAZENDA - MF;;;;;;;;;;;;;;;;;;;;;;;;;;;;;;;;;;;;;;;;;;;;;;;;;;;;;;;;;;;;;;;;;;;;;;;;;;;;;;;;;;;;;;;;;;;;;;;;;;;;;;;;;;;;;;;;;;;;;;;;;;;;;;;;;;;;;;;;;;;;;;;;;;;;;;;;;;;;;;;;;;;;;;;;;;;;;;;;;;;;;;;;;;;;;;;;;;;;;;;;;;;;;;;;;;;;;;;;;;;;;;;;;;;;;;;;;;;;;;;;;
SECRETARIA DO TESOURO NACIONAL - STN;;;;;;;;;;;;;;;;;;;;;;;;;;;;;;;;;;;;;;;;;;;;;;;;;;;;;;;;;;;;;;;;;;;;;;;;;;;;;;;;;;;;;;;;;;;;;;;;;;;;;;;;;;;;;;;;;;;;;;;;;;;;;;;;;;;;;;;;;;;;;;;;;;;;;;;;;;;;;;;;;;;;;;;;;;;;;;;;;;;;;;;;;;;;;;;;;;;;;;;;;;;;;;;;;;;;;;;;;;;;;;;;;;;;;;;;;;;;;;;;;
COORDENAÇÃO-GERAL DE ANÁLISE E INFORMAÇÕES DAS TRANSFERÊNCIAS FINANCEIRAS INTERGOVERNAMENTAIS - COINT;;;;;;;;;;;;;;;;;;;;;;;;;;;;;;;;;;;;;;;;;;;;;;;;;;;;;;;;;;;;;;;;;;;;;;;;;;;;;;;;;;;;;;;;;;;;;;;;;;;;;;;;;;;;;;;;;;;;;;;;;;;;;;;;;;;;;;;;;;;;;;;;;;;;;;;;;;;;;;;;;;;;;;;;;;;;;;;;;;;;;;;;;;;;;;;;;;;;;;;;;;;;;;;;;;;;;;;;;;;;;;;;;;;;;;;;;;;;;;;;;
;;;;;;;;;;;;;;;;;;;;;;;;;;;;;;;;;;;;;;;;;;;;;;;;;;;;;;;;;;;;;;;;;;;;;;;;;;;;;;;;;;;;;;;;;;;;;;;;;;;;;;;;;;;;;;;;;;;;;;;;;;;;;;;;;;;;;;;;;;;;;;;;;;;;;;;;;;;;;;;;;;;;;;;;;;;;;;;;;;;;;;;;;;;;;;;;;;;;;;;;;;;;;;;;;;;;;;;;;;;;;;;;;;;;;;;;;;;;;;;;;
;;;;;;;;;;;;;;;;;;;;;;;;;;;;;;;;;;;;;;;;;;;;;;;;;;;;;;;;;;;;;;;;;;;;;;;;;;;;;;;;;;;;;;;;;;;;;;;;;;;;;;;;;;;;;;;;;;;;;;;;;;;;;;;;;;;;;;;;;;;;;;;;;;;;;;;;;;;;;;;;;;;;;;;;;;;;;;;;;;;;;;;;;;;;;;;;;;;;;;;;;;;;;;;;;;;;;;;;;;;;;;;;;;;;;;;;;;;;;;;;;
;;;;;;;;;;;;;;;;;;;;;;;;;;;;;;;;;;;;;;;;;;;;;;;;;;;;;;;;;;;;;;;;;;;;;;;;;;;;;;;;;;;;;;;;;;;;;;;;;;;;;;;;;;;;;;;;;;;;;;;;;;;;;;;;;;;;;;;;;;;;;;;;;;;;;;;;;;;;;;;;;;;;;;;;;;;;;;;;;;;;;;;;;;;;;;;;;;;;;;;;;;;;;;;;;;;;;;;;;;;;;;;;;;;;;;;;;;;;;;;;;
;;;;;;;;;;;;;;;;;;;;;;;;;;;;;;;;;;;;;;;;;;;;;;;;;;;;;;;;;;;;;;;;;;;;;;;;;;;;;;;;;;;;;;;;;;;;;;;;;;;;;;;;;;;;;;;;;;;;;;;;;;;;;;;;;;;;;;;;;;;;;;;;;;;;;;;;;;;;;;;;;;;;;;;;;;;;;;;;;;;;;;;;;;;;;;;;;;;;;;;;;;;;;;;;;;;;;;;;;;;;;;;;;;;;;;;;;;;;;;;;;
ESTADOS;UF;janeiro/04;fevereiro/04;março/04;abril/04;maio/04;junho/04;julho/04;agosto/04;setembro/04;outubro/04;novembro/04;dezembro/04;janeiro/05;fevereiro/05;março/05;abril/05;maio/05;junho/05;julho/05;agosto/05;setembro/05;outubro/05;novembro/05;dezembro/05;janeiro/06;fevereiro/06;março/06;abril/06;maio/06;junho/06;julho/06;agosto/06;setembro/06;outubro/06;novembro/06;dezembro/06;janeiro/07;fevereiro/07;março/07;abril/07;maio/07;junho/07;julho/07;agosto/07;setembro/07;outubro/07;novembro/07;dezembro/07;janeiro/08;fevereiro/08;março/08;abril/08;maio/08;junho/08;julho/08;agosto/08;setembro/08;outubro/08;novembro/08;dezembro/08;janeiro/09;fevereiro/09;março/09;abril/09;maio/09;junho/09;julho/09;agosto/09;setembro/09;outubro/09;novembro/09;dezembro/09;janeiro/10;fevereiro/10;março/10;abril/10;maio/10;junho/10;julho/10;agosto/10;setembro/10;outubro/10;novembro/10;dezembro/10;janeiro/11;fevereiro/11;março/11;abril/11;maio/11;junho/11;julho/11;agosto/11;setembro/11;outubro/11;novembro/11;dezembro/11;janeiro/12;fevereiro/12;março/12;abril/12;maio/12;junho/12;julho/12;agosto/12;setembro/12;outubro/12;novembro/12;dezembro/12;janeiro/13;fevereiro/13;março/13;abril/13;maio/13;junho/13;julho/13;agosto/13;setembro/13;outubro/13;novembro/13;dezembro/13;janeiro/14;fevereiro/14;março/14;abril/14;maio/14;junho/14;julho/14;agosto/14;setembro/14;outubro/14;novembro/14;dezembro/14;janeiro/15;fevereiro/15;março/15;abril/15;maio/15;junho/15;julho/15;agosto/15;setembro/15;outubro/15;novembro/15;dezembro/15;janeiro/16;fevereiro/16;março/16;abril/16;maio/16;junho/16;julho/16;agosto/16;setembro/16;outubro/16;novembro/16;dezembro/16;janeiro/17;fevereiro/17;março/17;abril/17;maio/17;junho/17;julho/17;agosto/17;setembro/17;outubro/17;novembro/17;dezembro/17;janeiro/18;fevereiro/18;março/18;abril/18;maio/18;junho/18;julho/18;agosto/18;setembro/18;outubro/18;novembro/18;dezembro/18;janeiro/19;fevereiro/19;março/19;abril/19;maio/19;junho/19;julho/19;agosto/19;setembro/19;outubro/19;novembro/19;dezembro/19;janeiro/20;fevereiro/20;março/20;abril/20;maio/20;junho/20;julho/20;agosto/20;setembro/20;outubro/20;novembro/20;dezembro/20;janeiro/21;fevereiro/21;março/21;abril/21;maio/21;junho/21;julho/21;agosto/21;setembro/21;outubro/21;novembro/21;dezembro/21;janeiro/22;fevereiro/22;março/22;abril/22;maio/22;junho/22;julho/22;agosto/22;setembro/22;outubro/22;novembro/22;dezembro/22;janeiro/23;fevereiro/23;março/23;abril/23;maio/23;junho/23;julho/23;agosto/23;setembro/23;outubro/23;novembro/23;dezembro/23
;;;;;;;;;;;;;;;;;;;;;;;;;;;;;;;;;;;;;;;;;;;;;;;;;;;;;;;;;;;;;;;;;;;;;;;;;;;;;;;;;;;;;;;;;;;;;;;;;;;;;;;;;;;;;;;;;;;;;;;;;;;;;;;;;;;;;;;;;;;;;;;;;;;;;;;;;;;;;;;;;;;;;;;;;;;;;;;;;;;;;;;;;;;;;;;;;;;;;;;;;;;;;;;;;;;;;;;;;;;;;;;;;;;;;;;;;;;;;;;;;
Acre;AC; -   ; -   ; -   ; -   ; -   ; -   ; 1.237.379,52 ; -   ; -   ; 814.632,27 ; -   ; -   ; 813.883,60 ; -   ; -   ; 763.893,76 ; -   ; -   ; 805.422,41 ; -   ; -   ; 803.779,45 ; -   ; -   ; 793.168,91 ; -   ; -   ; 737.630,04 ; -   ; -   ; 821.451,49 ; -   ; -   ; 813.975,80 ; -   ; -   ; 851.722,51 ; -   ; -   ; 804.891,33 ; -   ; -   ; 863.176,40 ; -   ; -   ; 872.086,64 ; -   ; -   ; 873.617,57 ; -   ; -   ; 868.159,24 ; -   ; -   ; 698.965,91 ; -   ; -   ; 520.838,05 ; -   ; -   ; 516.456,00 ; -   ; -   ; 55.624,39 ; -   ; -   ; 501.464,61 ; -   ; -   ; 802.487,11 ; -   ; -   ; 894.701,95 ; -   ; -   ; 896.880,97 ; -   ; -   ; 766.589,45 ; -   ; -   ; 945.327,33 ; -   ; -   ; 941.662,95 ; -   ; -   ; 943.945,79 ; -   ; -   ; 1.116.881,81 ; -   ; -   ; 1.165.371,65 ; -   ; -   ; 885.328,38 ; -   ; -   ; 573.148,65 ; -   ; -   ; 629.265,22 ; -   ; -   ; 111.766,94 ; -   ; -   ; 3.409,51 ; -   ; -   ; 109.902,79 ; -   ; -   ; -   ; -   ; -   ; -   ; -   ; -   ; 229.534,92 ; -   ; -   ; -   ; -   ; -   ; -   ; -   ; -   ; -   ; -   ; -   ; 4.324,90 ; 10.767,66 ; -   ; -   ; -   ; -   ; 215.885,80 ; -   ; -   ; 626.721,81 ; -   ; -   ; 616.136,06 ; -   ; -   ; 788.428,51 ; -   ; -   ; 957.348,35 ; -   ; -   ; 4.748,85 ; -   ; -   ; 827.083,18 ; -   ; -   ; 755.436,38 ; -   ; -   ; 809.248,33 ; -   ; -   ; 846.633,22 ; -   ; -   ; 809.368,87 ; -   ; -   ; 710.207,76 ; -   ; -   ; 708.331,93 ; -   ; -   ; 357.421,86 ; -   ; -   ; 414.046,44 ; -   ; -   ; 429.050,38 ; -   ; -   ; 401.389,44 ; -   ; -   ; 392.220,31 ; -   ; -   ; 418.148,54 ; -   ; -   ; 376.704,37 ; -   ; -   ; 241.854,93 ; -   ; -   ; 357.904,76 ; -   ; -   ; 187.565,43 ; -   ; -   ; 153.407,60 ; -   ; -   ; 213.486,29 ; -   ; -   ; 344.909,82 ; -   ; -   ; 425.699,19 ; -   ; -   ; 483.934,00 ; -   ; -   ; 393.832,69 ; -   ; -   ; 86.101,56 ; -   ; -   ; 9.043,71 ; -   ; -   ; -   ; -   ; -   ; -   ; -   ; -   ; -   ; -   ; -   
Alagoas;AL; -   ; -   ; -   ; -   ; -   ; -   ; 2.675.415,18 ; -   ; -   ; 1.761.367,06 ; -   ; -   ; 1.759.748,32 ; -   ; -   ; 1.559.310,40 ; -   ; -   ; 1.644.081,42 ; -   ; -   ; 1.640.727,71 ; -   ; -   ; 1.619.068,77 ; -   ; -   ; 1.478.452,58 ; -   ; -   ; 1.646.458,26 ; -   ; -   ; 1.631.474,52 ; -   ; -   ; 1.707.131,32 ; -   ; -   ; 1.553.207,37 ; -   ; -   ; 1.665.680,70 ; -   ; -   ; 1.682.874,87 ; -   ; -   ; 1.685.829,13 ; -   ; -   ; 1.636.023,56 ; -   ; -   ; 1.317.183,11 ; -   ; -   ; 981.505,79 ; -   ; -   ; 973.247,93 ; -   ; -   ; 99.357,23 ; -   ; -   ; 895.724,59 ; -   ; -   ; 1.433.416,08 ; -   ; -   ; 1.598.131,79 ; -   ; -   ; 1.597.803,03 ; -   ; -   ; 1.365.687,30 ; -   ; -   ; 1.684.110,75 ; -   ; -   ; 1.677.582,62 ; -   ; -   ; 1.668.207,06 ; -   ; -   ; 1.973.831,70 ; -   ; -   ; 2.059.526,33 ; -   ; -   ; 1.564.614,26 ; -   ; -   ; 1.022.785,85 ; -   ; -   ; 1.122.926,08 ; -   ; -   ; 199.448,51 ; -   ; -   ; 6.084,29 ; -   ; -   ; 194.536,29 ; -   ; -   ; -   ; -   ; -   ; -   ; -   ; -   ; 406.294,24 ; -   ; -   ; -   ; -   ; -   ; -   ; -   ; -   ; -   ; -   ; -   ; 7.758,36 ; 19.315,93 ; -   ; -   ; -   ; -   ; 389.608,48 ; -   ; -   ; 1.131.129,00 ; -   ; -   ; 1.112.023,48 ; -   ; -   ; 1.427.416,17 ; -   ; -   ; 1.733.238,34 ; -   ; -   ; 8.597,59 ; -   ; -   ; 1.497.398,81 ; -   ; -   ; 1.395.415,98 ; -   ; -   ; 1.494.815,56 ; -   ; -   ; 1.563.871,63 ; -   ; -   ; 1.495.038,22 ; -   ; -   ; 1.312.582,96 ; -   ; -   ; 1.309.116,10 ; -   ; -   ; 660.575,49 ; -   ; -   ; 765.227,21 ; -   ; -   ; 732.435,58 ; -   ; -   ; 685.215,35 ; -   ; -   ; 669.562,65 ; -   ; -   ; 713.824,96 ; -   ; -   ; 646.975,82 ; -   ; -   ; 415.376,90 ; -   ; -   ; 614.688,19 ; -   ; -   ; 322.136,69 ; -   ; -   ; 267.982,88 ; -   ; -   ; 372.932,45 ; -   ; -   ; 602.512,05 ; -   ; -   ; 743.640,43 ; -   ; -   ; 849.175,02 ; -   ; -   ; 691.071,28 ; -   ; -   ; 151.085,26 ; -   ; -   ; 15.869,30 ; -   ; -   ; -   ; -   ; -   ; -   ; -   ; -   ; -   ; -   ; -   
Amazonas;AM; -   ; -   ; -   ; -   ; -   ; -   ; 2.324.266,93 ; -   ; -   ; 1.530.187,63 ; -   ; -   ; 1.528.781,36 ; -   ; -   ; 1.559.387,19 ; -   ; -   ; 1.644.162,38 ; -   ; -   ; 1.640.808,51 ; -   ; -   ; 1.619.148,51 ; -   ; -   ; 1.601.065,41 ; -   ; -   ; 1.783.004,35 ; -   ; -   ; 1.766.777,96 ; -   ; -   ; 1.848.709,22 ; -   ; -   ; 1.685.598,76 ; -   ; -   ; 1.807.659,02 ; -   ; -   ; 1.826.318,78 ; -   ; -   ; 1.829.524,85 ; -   ; -   ; 1.909.889,19 ; -   ; -   ; 1.537.675,78 ; -   ; -   ; 1.145.807,03 ; -   ; -   ; 1.136.166,83 ; -   ; -   ; 116.419,07 ; -   ; -   ; 1.049.540,34 ; -   ; -   ; 1.679.565,37 ; -   ; -   ; 1.872.566,41 ; -   ; -   ; 1.940.576,48 ; -   ; -   ; 1.658.665,43 ; -   ; -   ; 2.045.399,62 ; -   ; -   ; 2.037.471,03 ; -   ; -   ; 2.106.089,66 ; -   ; -   ; 2.491.936,78 ; -   ; -   ; 2.600.125,14 ; -   ; -   ; 1.975.305,11 ; -   ; -   ; 1.222.262,05 ; -   ; -   ; 1.341.932,85 ; -   ; -   ; 238.347,40 ; -   ; -   ; 7.270,92 ; -   ; -   ; 229.652,84 ; -   ; -   ; -   ; -   ; -   ; -   ; -   ; -   ; 479.636,10 ; -   ; -   ; -   ; -   ; -   ; -   ; -   ; -   ; -   ; -   ; -   ; 9.047,40 ; 22.525,25 ; -   ; -   ; -   ; -   ; 438.040,22 ; -   ; -   ; 1.271.141,68 ; -   ; -   ; 1.249.671,25 ; -   ; -   ; 1.556.728,98 ; -   ; -   ; 1.890.256,25 ; -   ; -   ; 9.376,47 ; -   ; -   ; 1.633.051,49 ; -   ; -   ; 1.446.493,64 ; -   ; -   ; 1.549.531,64 ; -   ; -   ; 1.621.115,43 ; -   ; -   ; 1.549.762,45 ; -   ; -   ; 1.379.859,37 ; -   ; -   ; 1.376.214,83 ; -   ; -   ; 694.433,28 ; -   ; -   ; 804.448,91 ; -   ; -   ; 798.049,41 ; -   ; -   ; 746.599,04 ; -   ; -   ; 729.544,12 ; -   ; -   ; 777.771,59 ; -   ; -   ; 710.499,10 ; -   ; -   ; 456.160,64 ; -   ; -   ; 675.041,31 ; -   ; -   ; 353.765,65 ; -   ; -   ; 284.213,04 ; -   ; -   ; 395.518,79 ; -   ; -   ; 639.002,70 ; -   ; -   ; 788.678,40 ; -   ; -   ; 914.038,32 ; -   ; -   ; 743.858,00 ; -   ; -   ; 162.625,74 ; -   ; -   ; 17.081,45 ; -   ; -   ; -   ; -   ; -   ; -   ; -   ; -   ; -   ; -   ; -   
Amapá;AP; -   ; -   ; -   ; -   ; -   ; -   ; 953.116,65 ; -   ; -   ; 627.487,02 ; -   ; -   ; 626.910,34 ; -   ; -   ; 656.246,83 ; -   ; -   ; 691.923,32 ; -   ; -   ; 690.511,88 ; -   ; -   ; 681.396,57 ; -   ; -   ; 632.299,48 ; -   ; -   ; 704.151,57 ; -   ; -   ; 697.743,38 ; -   ; -   ; 730.100,02 ; -   ; -   ; 648.282,11 ; -   ; -   ; 695.226,55 ; -   ; -   ; 702.403,10 ; -   ; -   ; 703.636,16 ; -   ; -   ; 698.350,97 ; -   ; -   ; 562.251,14 ; -   ; -   ; 418.964,33 ; -   ; -   ; 415.439,39 ; -   ; -   ; 43.255,67 ; -   ; -   ; 389.958,19 ; -   ; -   ; 624.044,87 ; -   ; -   ; 695.754,68 ; -   ; -   ; 723.109,18 ; -   ; -   ; 618.061,80 ; -   ; -   ; 762.169,01 ; -   ; -   ; 759.214,61 ; -   ; -   ; 767.022,41 ; -   ; -   ; 907.545,10 ; -   ; -   ; 946.946,51 ; -   ; -   ; 719.391,63 ; -   ; -   ; 477.574,49 ; -   ; -   ; 524.333,46 ; -   ; -   ; 93.129,49 ; -   ; -   ; 2.840,97 ; -   ; -   ; 93.482,85 ; -   ; -   ; -   ; -   ; -   ; -   ; -   ; -   ; 195.241,42 ; -   ; -   ; -   ; -   ; -   ; -   ; -   ; -   ; -   ; -   ; -   ; 3.779,40 ; 9.409,55 ; -   ; -   ; -   ; -   ; 186.644,67 ; -   ; -   ; 541.760,02 ; -   ; -   ; 532.609,33 ; -   ; -   ; 649.506,69 ; -   ; -   ; 788.662,71 ; -   ; -   ; 3.912,10 ; -   ; -   ; 681.350,38 ; -   ; -   ; 593.883,44 ; -   ; -   ; 636.187,50 ; -   ; -   ; 665.577,49 ; -   ; -   ; 636.282,27 ; -   ; -   ; 558.036,15 ; -   ; -   ; 556.562,24 ; -   ; -   ; 280.839,39 ; -   ; -   ; 325.331,39 ; -   ; -   ; 317.585,26 ; -   ; -   ; 297.110,49 ; -   ; -   ; 290.323,45 ; -   ; -   ; 309.515,66 ; -   ; -   ; 281.171,72 ; -   ; -   ; 180.520,25 ; -   ; -   ; 267.139,71 ; -   ; -   ; 139.998,63 ; -   ; -   ; 115.447,05 ; -   ; -   ; 160.659,33 ; -   ; -   ; 259.562,25 ; -   ; -   ; 320.360,37 ; -   ; -   ; 367.433,71 ; -   ; -   ; 299.023,02 ; -   ; -   ; 65.373,82 ; -   ; -   ; 6.866,56 ; -   ; -   ; -   ; -   ; -   ; -   ; -   ; -   ; -   ; -   ; -   
Bahia;BA; -   ; -   ; -   ; -   ; -   ; -   ; 10.684.939,35 ; -   ; -   ; 7.034.459,70 ; -   ; -   ; 7.027.994,86 ; -   ; -   ; 7.091.485,43 ; -   ; -   ; 7.477.009,99 ; -   ; -   ; 7.461.757,88 ; -   ; -   ; 7.363.256,63 ; -   ; -   ; 7.594.101,18 ; -   ; -   ; 8.457.065,73 ; -   ; -   ; 8.380.101,47 ; -   ; -   ; 8.768.714,11 ; -   ; -   ; 7.031.595,35 ; -   ; -   ; 7.540.778,42 ; -   ; -   ; 7.618.618,94 ; -   ; -   ; 7.631.993,30 ; -   ; -   ; 7.445.114,40 ; -   ; -   ; 5.994.155,12 ; -   ; -   ; 4.466.575,59 ; -   ; -   ; 4.428.996,23 ; -   ; -   ; 457.948,58 ; -   ; -   ; 4.128.494,58 ; -   ; -   ; 6.606.774,66 ; -   ; -   ; 7.365.967,72 ; -   ; -   ; 7.331.255,94 ; -   ; -   ; 6.266.231,12 ; -   ; -   ; 7.727.264,68 ; -   ; -   ; 7.697.311,43 ; -   ; -   ; 7.679.236,40 ; -   ; -   ; 9.086.114,40 ; -   ; -   ; 9.480.591,44 ; -   ; -   ; 7.202.368,98 ; -   ; -   ; 4.708.128,50 ; -   ; -   ; 5.169.097,97 ; -   ; -   ; 918.109,31 ; -   ; -   ; 28.007,44 ; -   ; -   ; 909.014,49 ; -   ; -   ; -   ; -   ; -   ; -   ; -   ; -   ; 1.898.501,02 ; -   ; -   ; -   ; -   ; -   ; -   ; -   ; -   ; -   ; -   ; -   ; 37.595,44 ; 93.601,10 ; -   ; -   ; -   ; -   ; 1.956.480,57 ; -   ; -   ; 5.682.650,35 ; -   ; -   ; 5.586.666,60 ; -   ; -   ; 6.913.906,54 ; -   ; -   ; 8.395.202,52 ; -   ; -   ; 41.643,74 ; -   ; -   ; 7.252.878,04 ; -   ; -   ; 6.479.009,92 ; -   ; -   ; 6.940.528,84 ; -   ; -   ; 7.261.160,81 ; -   ; -   ; 6.941.562,68 ; -   ; -   ; 6.024.011,33 ; -   ; -   ; 6.008.100,45 ; -   ; -   ; 3.031.666,86 ; -   ; -   ; 3.511.958,88 ; -   ; -   ; 3.399.271,99 ; -   ; -   ; 3.180.120,42 ; -   ; -   ; 3.107.475,41 ; -   ; -   ; 3.312.899,13 ; -   ; -   ; 2.950.537,23 ; -   ; -   ; 1.894.328,89 ; -   ; -   ; 2.803.289,29 ; -   ; -   ; 1.469.106,34 ; -   ; -   ; 1.217.987,33 ; -   ; -   ; 1.694.985,13 ; -   ; -   ; 2.738.428,85 ; -   ; -   ; 3.379.860,05 ; -   ; -   ; 3.873.606,93 ; -   ; -   ; 3.152.399,00 ; -   ; -   ; 689.192,31 ; -   ; -   ; 72.389,57 ; -   ; -   ; -   ; -   ; -   ; -   ; -   ; -   ; -   ; -   ; -   
Ceará;CE; -   ; -   ; -   ; -   ; -   ; -   ; 5.936.077,41 ; -   ; -   ; 3.908.033,17 ; -   ; -   ; 3.904.441,59 ; -   ; -   ; 3.850.678,03 ; -   ; -   ; 4.060.017,94 ; -   ; -   ; 4.051.736,04 ; -   ; -   ; 3.998.249,85 ; -   ; -   ; 3.679.459,16 ; -   ; -   ; 4.097.578,80 ; -   ; -   ; 4.060.288,42 ; -   ; -   ; 4.248.577,24 ; -   ; -   ; 3.809.683,04 ; -   ; -   ; 4.085.555,87 ; -   ; -   ; 4.127.729,48 ; -   ; -   ; 4.134.975,64 ; -   ; -   ; 4.028.788,92 ; -   ; -   ; 3.243.628,56 ; -   ; -   ; 2.417.006,54 ; -   ; -   ; 2.396.671,15 ; -   ; -   ; 246.419,28 ; -   ; -   ; 2.221.517,20 ; -   ; -   ; 3.555.064,27 ; -   ; -   ; 3.963.581,32 ; -   ; -   ; 3.969.693,15 ; -   ; -   ; 3.393.008,64 ; -   ; -   ; 4.184.122,06 ; -   ; -   ; 4.167.903,11 ; -   ; -   ; 4.196.022,33 ; -   ; -   ; 4.964.756,51 ; -   ; -   ; 5.180.303,26 ; -   ; -   ; 3.935.456,53 ; -   ; -   ; 2.600.683,79 ; -   ; -   ; 2.855.314,87 ; -   ; -   ; 507.146,74 ; -   ; -   ; 15.470,80 ; -   ; -   ; 505.930,46 ; -   ; -   ; -   ; -   ; -   ; -   ; -   ; -   ; 1.056.649,27 ; -   ; -   ; -   ; -   ; -   ; -   ; -   ; -   ; -   ; -   ; -   ; 20.371,14 ; 50.717,88 ; -   ; -   ; -   ; -   ; 1.036.005,29 ; -   ; -   ; 3.008.253,55 ; -   ; -   ; 2.957.442,14 ; -   ; -   ; 3.785.517,46 ; -   ; -   ; 4.596.559,93 ; -   ; -   ; 22.800,87 ; -   ; -   ; 3.971.111,89 ; -   ; -   ; 3.625.052,16 ; -   ; -   ; 3.883.275,28 ; -   ; -   ; 4.062.671,14 ; -   ; -   ; 3.883.853,72 ; -   ; -   ; 3.442.945,36 ; -   ; -   ; 3.433.851,70 ; -   ; -   ; 1.732.709,78 ; -   ; -   ; 2.007.214,44 ; -   ; -   ; 1.985.977,46 ; -   ; -   ; 1.857.941,20 ; -   ; -   ; 1.815.499,36 ; -   ; -   ; 1.935.515,32 ; -   ; -   ; 1.754.629,64 ; -   ; -   ; 1.126.522,18 ; -   ; -   ; 1.667.064,03 ; -   ; -   ; 873.650,23 ; -   ; -   ; 713.293,93 ; -   ; -   ; 992.639,73 ; -   ; -   ; 1.603.715,11 ; -   ; -   ; 1.979.358,57 ; -   ; -   ; 2.283.327,97 ; -   ; -   ; 1.858.206,30 ; -   ; -   ; 406.249,81 ; -   ; -   ; 42.670,60 ; -   ; -   ; -   ; -   ; -   ; -   ; -   ; -   ; -   ; -   ; -   
Distrito Federal;DF; -   ; -   ; -   ; -   ; -   ; -   ; -   ; -   ; -   ; -   ; -   ; -   ; -   ; -   ; -   ; -   ; -   ; -   ; -   ; -   ; -   ; -   ; -   ; -   ; -   ; -   ; -   ; -   ; -   ; -   ; -   ; -   ; -   ; -   ; -   ; -   ; -   ; -   ; -   ; -   ; -   ; -   ; -   ; -   ; -   ; -   ; -   ; -   ; -   ; -   ; -   ; -   ; -   ; -   ; -   ; -   ; -   ; -   ; -   ; -   ; -   ; -   ; -   ; -   ; -   ; -   ; -   ; -   ; -   ; -   ; -   ; -   ; -   ; -   ; -   ; -   ; -   ; -   ; -   ; -   ; -   ; -   ; -   ; -   ; -   ; -   ; -   ; -   ; -   ; -   ; -   ; -   ; -   ; -   ; -   ; -   ; -   ; -   ; -   ; -   ; -   ; -   ; -   ; -   ; -   ; -   ; -   ; -   ; -   ; -   ; -   ; -   ; -   ; -   ; -   ; -   ; -   ; -   ; -   ; -   ; -   ; -   ; -   ; -   ; -   ; -   ; -   ; -   ; -   ; -   ; -   ; -   ; -   ; -   ; -   ; -   ; -   ; -   ; -   ; -   ; -   ; -   ; -   ; -   ; -   ; -   ; -   ; -   ; -   ; -   ; -   ; -   ; -   ; -   ; -   ; -   ; -   ; -   ; -   ; -   ; -   ; -   ; -   ; -   ; -   ; -   ; -   ; -   ; -   ; -   ; -   ; -   ; -   ; -   ; -   ; -   ; -   ; -   ; -   ; -   ; -   ; -   ; -   ; -   ; -   ; -   ; -   ; -   ; -   ; -   ; -   ; -   ; -   ; -   ; -   ; -   ; -   ; -   ; -   ; -   ; -   ; -   ; -   ; -   ; -   ; -   ; -   ; -   ; -   ; -   ; -   ; -   ; -   ; -   ; -   ; -   ; -   ; -   ; -   ; -   ; -   ; -   ; -   ; -   ; -   ; -   ; -   ; -   ; -   ; -   ; -   ; -   ; -   ; -   ; -   ; -   ; -   ; -   ; -   ; -   
Espírito Santo;ES; -   ; -   ; -   ; -   ; -   ; -   ; 3.561.646,45 ; -   ; -   ; 2.344.819,90 ; -   ; -   ; 2.342.664,95 ; -   ; -   ; 2.170.750,92 ; -   ; -   ; 2.288.762,56 ; -   ; -   ; 2.284.093,79 ; -   ; -   ; 2.253.941,90 ; -   ; -   ; 2.177.973,64 ; -   ; -   ; 2.425.470,22 ; -   ; -   ; 2.403.397,02 ; -   ; -   ; 2.514.850,38 ; -   ; -   ; 2.369.623,05 ; -   ; -   ; 2.541.215,97 ; -   ; -   ; 2.567.447,95 ; -   ; -   ; 2.571.955,06 ; -   ; -   ; 2.459.534,89 ; -   ; -   ; 1.980.202,43 ; -   ; -   ; 1.475.558,05 ; -   ; -   ; 1.463.143,50 ; -   ; -   ; 149.941,16 ; -   ; -   ; 1.351.748,39 ; -   ; -   ; 2.163.184,87 ; -   ; -   ; 2.411.759,26 ; -   ; -   ; 2.378.327,18 ; -   ; -   ; 2.032.823,29 ; -   ; -   ; 2.506.796,08 ; -   ; -   ; 2.497.078,97 ; -   ; -   ; 2.555.220,85 ; -   ; -   ; 3.023.351,25 ; -   ; -   ; 3.154.611,17 ; -   ; -   ; 2.396.546,01 ; -   ; -   ; 1.516.011,28 ; -   ; -   ; 1.664.442,86 ; -   ; -   ; 295.630,01 ; -   ; -   ; 9.018,36 ; -   ; -   ; 293.446,48 ; -   ; -   ; -   ; -   ; -   ; -   ; -   ; -   ; 612.870,82 ; -   ; -   ; -   ; -   ; -   ; -   ; -   ; -   ; -   ; -   ; -   ; 11.946,63 ; 29.743,43 ; -   ; -   ; -   ; -   ; 604.469,93 ; -   ; -   ; 1.755.090,47 ; -   ; -   ; 1.725.445,82 ; -   ; -   ; 2.239.318,06 ; -   ; -   ; 2.719.089,21 ; -   ; -   ; 13.487,83 ; -   ; -   ; 2.349.106,21 ; -   ; -   ; 2.079.184,68 ; -   ; -   ; 2.227.291,12 ; -   ; -   ; 2.330.185,40 ; -   ; -   ; 2.227.622,89 ; -   ; -   ; 1.988.689,93 ; -   ; -   ; 1.983.437,32 ; -   ; -   ; 1.000.835,66 ; -   ; -   ; 1.159.393,12 ; -   ; -   ; 1.142.734,19 ; -   ; -   ; 1.069.061,94 ; -   ; -   ; 1.044.640,85 ; -   ; -   ; 1.113.698,20 ; -   ; -   ; 974.534,03 ; -   ; -   ; 625.678,58 ; -   ; -   ; 925.899,45 ; -   ; -   ; 485.231,67 ; -   ; -   ; 401.906,61 ; -   ; -   ; 559.304,45 ; -   ; -   ; 903.615,85 ; -   ; -   ; 1.115.272,77 ; -   ; -   ; 1.324.427,61 ; -   ; -   ; 1.077.838,91 ; -   ; -   ; 235.642,22 ; -   ; -   ; 24.750,77 ; -   ; -   ; -   ; -   ; -   ; -   ; -   ; -   ; -   ; -   ; -   
Goiás;GO; -   ; -   ; -   ; -   ; -   ; -   ; 7.842.310,72 ; -   ; -   ; 5.163.007,20 ; -   ; -   ; 5.158.262,27 ; -   ; -   ; 5.188.468,71 ; -   ; -   ; 5.470.536,85 ; -   ; -   ; 5.459.377,68 ; -   ; -   ; 5.387.309,47 ; -   ; -   ; 4.958.419,69 ; -   ; -   ; 5.521.875,50 ; -   ; -   ; 5.471.623,19 ; -   ; -   ; 5.725.360,21 ; -   ; -   ; 5.341.484,90 ; -   ; -   ; 5.728.281,01 ; -   ; -   ; 5.787.411,82 ; -   ; -   ; 5.797.571,53 ; -   ; -   ; 5.594.267,44 ; -   ; -   ; 4.504.014,99 ; -   ; -   ; 3.356.189,98 ; -   ; -   ; 3.327.952,81 ; -   ; -   ; 350.956,56 ; -   ; -   ; 3.163.940,92 ; -   ; -   ; 5.063.212,34 ; -   ; -   ; 5.645.032,65 ; -   ; -   ; 5.608.973,26 ; -   ; -   ; 4.794.147,57 ; -   ; -   ; 5.911.950,33 ; -   ; -   ; 5.889.033,80 ; -   ; -   ; 5.862.747,09 ; -   ; -   ; 6.936.834,34 ; -   ; -   ; 7.237.999,59 ; -   ; -   ; 5.498.680,54 ; -   ; -   ; 3.583.092,40 ; -   ; -   ; 3.933.910,39 ; -   ; -   ; 698.721,47 ; -   ; -   ; 21.314,89 ; -   ; -   ; 687.956,75 ; -   ; -   ; -   ; -   ; -   ; -   ; -   ; -   ; 1.436.816,05 ; -   ; -   ; -   ; -   ; -   ; -   ; -   ; -   ; -   ; -   ; -   ; 28.586,20 ; 71.170,85 ; -   ; -   ; -   ; -   ; 1.409.819,74 ; -   ; -   ; 4.092.111,33 ; -   ; -   ; 4.022.992,84 ; -   ; -   ; 5.235.904,79 ; -   ; -   ; 6.357.690,96 ; -   ; -   ; 31.536,82 ; -   ; -   ; 5.492.608,07 ; -   ; -   ; 5.188.007,47 ; -   ; -   ; 5.557.564,49 ; -   ; -   ; 5.814.307,58 ; -   ; -   ; 5.558.392,33 ; -   ; -   ; 4.977.430,12 ; -   ; -   ; 4.964.283,51 ; -   ; -   ; 2.504.960,41 ; -   ; -   ; 2.901.808,93 ; -   ; -   ; 2.745.724,88 ; -   ; -   ; 2.568.707,58 ; -   ; -   ; 2.510.029,37 ; -   ; -   ; 2.675.958,15 ; -   ; -   ; 2.410.021,72 ; -   ; -   ; 1.547.302,55 ; -   ; -   ; 2.289.748,47 ; -   ; -   ; 1.199.977,47 ; -   ; -   ; 991.745,88 ; -   ; -   ; 1.380.141,21 ; -   ; -   ; 2.229.764,99 ; -   ; -   ; 2.752.050,19 ; -   ; -   ; 3.142.908,67 ; -   ; -   ; 2.557.745,87 ; -   ; -   ; 559.186,45 ; -   ; -   ; 58.734,36 ; -   ; -   ; -   ; -   ; -   ; -   ; -   ; -   ; -   ; -   ; -   
Maranhão;MA; -   ; -   ; -   ; -   ; -   ; -   ; 5.016.403,45 ; -   ; -   ; 3.302.563,24 ; -   ; -   ; 3.299.528,11 ; -   ; -   ; 3.321.248,98 ; -   ; -   ; 3.501.806,79 ; -   ; -   ; 3.494.663,57 ; -   ; -   ; 3.448.531,18 ; -   ; -   ; 3.321.144,97 ; -   ; -   ; 3.698.547,16 ; -   ; -   ; 3.664.888,21 ; -   ; -   ; 3.834.841,03 ; -   ; -   ; 3.279.592,13 ; -   ; -   ; 3.517.079,18 ; -   ; -   ; 3.553.384,62 ; -   ; -   ; 3.559.622,53 ; -   ; -   ; 3.503.398,18 ; -   ; -   ; 2.820.629,88 ; -   ; -   ; 2.101.806,90 ; -   ; -   ; 2.084.123,43 ; -   ; -   ; 214.350,49 ; -   ; -   ; 1.932.410,97 ; -   ; -   ; 3.092.411,43 ; -   ; -   ; 3.447.764,44 ; -   ; -   ; 3.433.266,36 ; -   ; -   ; 2.934.509,55 ; -   ; -   ; 3.618.719,38 ; -   ; -   ; 3.604.692,11 ; -   ; -   ; 3.622.860,57 ; -   ; -   ; 4.286.588,39 ; -   ; -   ; 4.472.692,22 ; -   ; -   ; 3.397.887,13 ; -   ; -   ; 2.226.688,52 ; -   ; -   ; 2.444.701,99 ; -   ; -   ; 434.215,73 ; -   ; -   ; 13.245,99 ; -   ; -   ; 425.966,25 ; -   ; -   ; -   ; -   ; -   ; -   ; -   ; -   ; 889.641,89 ; -   ; -   ; -   ; -   ; -   ; -   ; -   ; -   ; -   ; -   ; -   ; 16.918,63 ; 42.122,18 ; -   ; -   ; -   ; -   ; 857.860,17 ; -   ; -   ; 2.490.880,13 ; -   ; -   ; 2.448.807,50 ; -   ; -   ; 3.150.088,35 ; -   ; -   ; 3.824.990,91 ; -   ; -   ; 18.973,56 ; -   ; -   ; 3.304.529,28 ; -   ; -   ; 2.937.830,48 ; -   ; -   ; 3.147.100,78 ; -   ; -   ; 3.292.487,56 ; -   ; -   ; 3.147.569,56 ; -   ; -   ; 2.785.995,26 ; -   ; -   ; 2.778.636,77 ; -   ; -   ; 1.402.090,57 ; -   ; -   ; 1.624.216,86 ; -   ; -   ; 1.589.429,04 ; -   ; -   ; 1.486.958,31 ; -   ; -   ; 1.452.991,01 ; -   ; -   ; 1.549.042,88 ; -   ; -   ; 1.528.810,31 ; -   ; -   ; 981.539,74 ; -   ; -   ; 1.452.514,32 ; -   ; -   ; 761.212,19 ; -   ; -   ; 631.636,06 ; -   ; -   ; 879.002,36 ; -   ; -   ; 1.420.121,84 ; -   ; -   ; 1.752.761,65 ; -   ; -   ; 2.005.447,92 ; -   ; -   ; 1.632.063,38 ; -   ; -   ; 356.809,38 ; -   ; -   ; 37.477,61 ; -   ; -   ; -   ; -   ; -   ; -   ; -   ; -   ; -   ; -   ; -   
Minas Gerais;MG; -   ; -   ; -   ; -   ; -   ; -   ; 17.925.281,65 ; -   ; -   ; 11.801.159,31 ; -   ; -   ; 11.790.313,76 ; -   ; -   ; 11.839.472,15 ; -   ; -   ; 12.483.118,29 ; -   ; -   ; 12.457.654,39 ; -   ; -   ; 12.293.203,26 ; -   ; -   ; 10.927.346,35 ; -   ; -   ; 12.169.088,11 ; -   ; -   ; 12.058.342,26 ; -   ; -   ; 12.617.526,93 ; -   ; -   ; 12.078.227,89 ; -   ; -   ; 12.952.855,75 ; -   ; -   ; 13.086.563,04 ; -   ; -   ; 13.109.536,29 ; -   ; -   ; 12.824.979,98 ; -   ; -   ; 10.325.552,48 ; -   ; -   ; 7.694.138,66 ; -   ; -   ; 7.629.404,32 ; -   ; -   ; 780.170,49 ; -   ; -   ; 7.033.387,17 ; -   ; -   ; 11.255.435,43 ; -   ; -   ; 12.548.812,13 ; -   ; -   ; 12.641.763,21 ; -   ; -   ; 10.805.271,39 ; -   ; -   ; 13.324.626,94 ; -   ; -   ; 13.272.976,59 ; -   ; -   ; 13.433.720,75 ; -   ; -   ; 15.894.851,68 ; -   ; -   ; 16.584.932,59 ; -   ; -   ; 12.599.509,71 ; -   ; -   ; 8.247.114,47 ; -   ; -   ; 9.054.583,50 ; -   ; -   ; 1.608.229,80 ; -   ; -   ; 49.059,95 ; -   ; -   ; 1.547.973,17 ; -   ; -   ; -   ; -   ; -   ; -   ; -   ; -   ; 3.232.983,29 ; -   ; -   ; -   ; -   ; -   ; -   ; -   ; -   ; -   ; -   ; -   ; 62.389,13 ; 155.329,77 ; -   ; -   ; -   ; -   ; 3.110.820,48 ; -   ; -   ; 9.030.661,37 ; -   ; -   ; 8.878.127,47 ; -   ; -   ; 11.423.980,87 ; -   ; -   ; 13.871.554,75 ; -   ; -   ; 68.808,75 ; -   ; -   ; 11.984.070,02 ; -   ; -   ; 10.899.010,12 ; -   ; -   ; 11.675.378,64 ; -   ; -   ; 12.214.746,71 ; -   ; -   ; 11.677.117,78 ; -   ; -   ; 10.175.065,65 ; -   ; -   ; 10.148.190,82 ; -   ; -   ; 5.120.742,24 ; -   ; -   ; 5.931.996,17 ; -   ; -   ; 5.805.069,95 ; -   ; -   ; 5.430.816,21 ; -   ; -   ; 5.306.757,49 ; -   ; -   ; 5.657.567,63 ; -   ; -   ; 5.066.860,51 ; -   ; -   ; 3.253.068,68 ; -   ; -   ; 4.813.996,48 ; -   ; -   ; 2.522.847,99 ; -   ; -   ; 2.031.315,60 ; -   ; -   ; 2.826.835,42 ; -   ; -   ; 4.567.053,42 ; -   ; -   ; 5.636.809,38 ; -   ; -   ; 6.513.303,35 ; -   ; -   ; 5.300.623,25 ; -   ; -   ; 1.158.847,21 ; -   ; -   ; 121.719,95 ; -   ; -   ; -   ; -   ; -   ; -   ; -   ; -   ; -   ; -   ; -   
Mato Grosso do Sul;MS; -   ; -   ; -   ; -   ; -   ; -   ; 4.548.205,79 ; -   ; -   ; 2.994.323,99 ; -   ; -   ; 2.991.572,16 ; -   ; -   ; 2.721.384,20 ; -   ; -   ; 2.869.330,69 ; -   ; -   ; 2.863.477,67 ; -   ; -   ; 2.825.677,44 ; -   ; -   ; 2.467.266,00 ; -   ; -   ; 2.747.636,64 ; -   ; -   ; 2.722.631,52 ; -   ; -   ; 2.848.888,84 ; -   ; -   ; 2.746.698,05 ; -   ; -   ; 2.945.596,30 ; -   ; -   ; 2.976.002,54 ; -   ; -   ; 2.981.226,87 ; -   ; -   ; 2.928.291,97 ; -   ; -   ; 2.357.604,65 ; -   ; -   ; 1.756.781,26 ; -   ; -   ; 1.742.000,64 ; -   ; -   ; 169.238,36 ; -   ; -   ; 1.525.716,37 ; -   ; -   ; 2.441.583,50 ; -   ; -   ; 2.722.149,00 ; -   ; -   ; 2.727.006,49 ; -   ; -   ; 2.330.849,30 ; -   ; -   ; 2.874.309,82 ; -   ; -   ; 2.863.168,10 ; -   ; -   ; 2.888.559,42 ; -   ; -   ; 3.417.759,27 ; -   ; -   ; 3.566.142,55 ; -   ; -   ; 2.709.184,83 ; -   ; -   ; 1.797.108,89 ; -   ; -   ; 1.973.062,52 ; -   ; -   ; 350.445,48 ; -   ; -   ; 10.690,53 ; -   ; -   ; 349.144,45 ; -   ; -   ; -   ; -   ; -   ; -   ; -   ; -   ; 729.197,46 ; -   ; -   ; -   ; -   ; -   ; -   ; -   ; -   ; -   ; -   ; -   ; 14.235,15 ; 35.441,22 ; -   ; -   ; -   ; -   ; 726.723,44 ; -   ; -   ; 2.110.290,40 ; -   ; -   ; 2.074.646,18 ; -   ; -   ; 2.701.670,48 ; -   ; -   ; 3.280.500,01 ; -   ; -   ; 16.272,67 ; -   ; -   ; 2.834.126,59 ; -   ; -   ; 2.561.958,13 ; -   ; -   ; 2.744.453,95 ; -   ; -   ; 2.871.239,68 ; -   ; -   ; 2.744.862,78 ; -   ; -   ; 2.377.731,68 ; -   ; -   ; 2.371.451,53 ; -   ; -   ; 1.196.626,31 ; -   ; -   ; 1.386.201,90 ; -   ; -   ; 1.371.125,96 ; -   ; -   ; 1.282.729,27 ; -   ; -   ; 1.253.427,28 ; -   ; -   ; 1.336.286,73 ; -   ; -   ; 1.210.572,11 ; -   ; -   ; 777.221,74 ; -   ; -   ; 1.150.157,95 ; -   ; -   ; 602.757,75 ; -   ; -   ; 501.774,19 ; -   ; -   ; 698.282,94 ; -   ; -   ; 1.128.150,37 ; -   ; -   ; 1.392.400,75 ; -   ; -   ; 1.638.796,07 ; -   ; -   ; 1.333.676,62 ; -   ; -   ; 291.574,68 ; -   ; -   ; 30.625,65 ; -   ; -   ; -   ; -   ; -   ; -   ; -   ; -   ; -   ; -   ; -   
Mato Grosso;MT; -   ; -   ; -   ; -   ; -   ; -   ; 4.615.091,18 ; -   ; -   ; 3.038.358,18 ; -   ; -   ; 3.035.565,86 ; -   ; -   ; 3.329.462,26 ; -   ; -   ; 3.510.466,58 ; -   ; -   ; 3.503.305,69 ; -   ; -   ; 3.457.059,22 ; -   ; -   ; 3.044.463,30 ; -   ; -   ; 3.390.424,44 ; -   ; -   ; 3.359.569,58 ; -   ; -   ; 3.515.363,79 ; -   ; -   ; 2.962.943,54 ; -   ; -   ; 3.177.500,92 ; -   ; -   ; 3.210.301,02 ; -   ; -   ; 3.215.936,65 ; -   ; -   ; 3.316.272,73 ; -   ; -   ; 2.669.972,83 ; -   ; -   ; 1.989.544,02 ; -   ; -   ; 1.972.805,06 ; -   ; -   ; 210.447,20 ; -   ; -   ; 1.897.222,03 ; -   ; -   ; 3.036.099,04 ; -   ; -   ; 3.384.981,12 ; -   ; -   ; 3.451.125,66 ; -   ; -   ; 2.949.774,39 ; -   ; -   ; 3.637.543,37 ; -   ; -   ; 3.623.443,14 ; -   ; -   ; 3.651.228,74 ; -   ; -   ; 4.320.153,77 ; -   ; -   ; 4.507.714,85 ; -   ; -   ; 3.424.493,69 ; -   ; -   ; 2.244.573,04 ; -   ; -   ; 2.464.337,57 ; -   ; -   ; 437.703,30 ; -   ; -   ; 13.352,39 ; -   ; -   ; 439.512,18 ; -   ; -   ; -   ; -   ; -   ; -   ; -   ; -   ; 917.932,93 ; -   ; -   ; -   ; -   ; -   ; -   ; -   ; -   ; -   ; -   ; -   ; 17.822,12 ; 44.371,60 ; -   ; -   ; -   ; -   ; 886.895,18 ; -   ; -   ; 2.574.578,06 ; -   ; -   ; 2.531.091,71 ; -   ; -   ; 3.473.371,14 ; -   ; -   ; 4.217.536,65 ; -   ; -   ; 20.920,76 ; -   ; -   ; 3.643.661,82 ; -   ; -   ; 3.401.788,71 ; -   ; -   ; 3.644.108,12 ; -   ; -   ; 3.812.455,16 ; -   ; -   ; 3.644.650,93 ; -   ; -   ; 3.246.556,61 ; -   ; -   ; 3.237.981,66 ; -   ; -   ; 1.633.874,43 ; -   ; -   ; 1.892.721,09 ; -   ; -   ; 1.764.336,86 ; -   ; -   ; 1.650.589,79 ; -   ; -   ; 1.612.884,58 ; -   ; -   ; 1.719.506,43 ; -   ; -   ; 1.642.354,10 ; -   ; -   ; 1.054.438,08 ; -   ; -   ; 1.560.391,65 ; -   ; -   ; 817.746,95 ; -   ; -   ; 685.795,04 ; -   ; -   ; 954.371,50 ; -   ; -   ; 1.541.888,72 ; -   ; -   ; 1.903.050,39 ; -   ; -   ; 2.236.244,25 ; -   ; -   ; 1.819.888,87 ; -   ; -   ; 397.872,67 ; -   ; -   ; 41.790,70 ; -   ; -   ; -   ; -   ; -   ; -   ; -   ; -   ; -   ; -   ; -   
Pará;PA; -   ; -   ; -   ; -   ; -   ; -   ; 4.765.583,27 ; -   ; -   ; 3.137.435,08 ; -   ; -   ; 3.134.551,70 ; -   ; -   ; 3.127.359,67 ; -   ; -   ; 3.297.376,79 ; -   ; -   ; 3.290.650,58 ; -   ; -   ; 3.247.211,32 ; -   ; -   ; 3.081.352,77 ; -   ; -   ; 3.431.505,89 ; -   ; -   ; 3.400.277,17 ; -   ; -   ; 3.557.959,12 ; -   ; -   ; 3.282.674,78 ; -   ; -   ; 3.520.385,05 ; -   ; -   ; 3.556.724,61 ; -   ; -   ; 3.562.968,39 ; -   ; -   ; 3.468.734,57 ; -   ; -   ; 2.792.721,78 ; -   ; -   ; 2.081.011,03 ; -   ; -   ; 2.063.502,52 ; -   ; -   ; 214.304,64 ; -   ; -   ; 1.931.997,59 ; -   ; -   ; 3.091.749,90 ; -   ; -   ; 3.447.026,90 ; -   ; -   ; 3.505.908,92 ; -   ; -   ; 2.996.599,19 ; -   ; -   ; 3.695.285,83 ; -   ; -   ; 3.680.961,77 ; -   ; -   ; 3.738.004,15 ; -   ; -   ; 4.422.826,90 ; -   ; -   ; 4.614.845,58 ; -   ; -   ; 3.505.880,50 ; -   ; -   ; 2.314.557,64 ; -   ; -   ; 2.541.174,31 ; -   ; -   ; 451.350,66 ; -   ; -   ; 13.768,71 ; -   ; -   ; 444.444,48 ; -   ; -   ; -   ; -   ; -   ; -   ; -   ; -   ; 928.234,16 ; -   ; -   ; -   ; -   ; -   ; -   ; -   ; -   ; -   ; -   ; -   ; 17.748,67 ; 44.188,73 ; -   ; -   ; -   ; -   ; 898.003,17 ; -   ; -   ; 2.607.368,74 ; -   ; -   ; 2.563.328,54 ; -   ; -   ; 3.340.156,90 ; -   ; -   ; 4.055.781,42 ; -   ; -   ; 20.118,38 ; -   ; -   ; 3.503.916,42 ; -   ; -   ; 3.175.293,00 ; -   ; -   ; 3.401.478,45 ; -   ; -   ; 3.558.616,73 ; -   ; -   ; 3.401.985,12 ; -   ; -   ; 3.069.380,27 ; -   ; -   ; 3.061.273,29 ; -   ; -   ; 1.544.707,99 ; -   ; -   ; 1.789.428,45 ; -   ; -   ; 1.730.002,47 ; -   ; -   ; 1.618.468,95 ; -   ; -   ; 1.581.497,49 ; -   ; -   ; 1.686.044,45 ; -   ; -   ; 1.524.661,58 ; -   ; -   ; 978.876,13 ; -   ; -   ; 1.448.572,63 ; -   ; -   ; 759.146,49 ; -   ; -   ; 642.823,89 ; -   ; -   ; 894.571,64 ; -   ; -   ; 1.445.275,68 ; -   ; -   ; 1.783.807,36 ; -   ; -   ; 2.045.262,26 ; -   ; -   ; 1.664.464,88 ; -   ; -   ; 363.893,15 ; -   ; -   ; 38.221,65 ; -   ; -   ; -   ; -   ; -   ; -   ; -   ; -   ; -   ; -   ; -   
Paraíba;PB; -   ; -   ; -   ; -   ; -   ; -   ; 3.260.662,24 ; -   ; -   ; 2.146.666,10 ; -   ; -   ; 2.144.693,27 ; -   ; -   ; 2.054.932,00 ; -   ; -   ; 2.166.647,20 ; -   ; -   ; 2.162.227,53 ; -   ; -   ; 2.133.684,37 ; -   ; -   ; 1.940.623,28 ; -   ; -   ; 2.161.148,27 ; -   ; -   ; 2.141.480,55 ; -   ; -   ; 2.240.787,99 ; -   ; -   ; 1.964.709,75 ; -   ; -   ; 2.106.981,43 ; -   ; -   ; 2.128.730,98 ; -   ; -   ; 2.132.467,94 ; -   ; -   ; 2.105.470,94 ; -   ; -   ; 1.695.141,10 ; -   ; -   ; 1.263.143,13 ; -   ; -   ; 1.252.515,73 ; -   ; -   ; 127.912,38 ; -   ; -   ; 1.153.154,70 ; -   ; -   ; 1.845.378,04 ; -   ; -   ; 2.057.432,83 ; -   ; -   ; 2.056.887,65 ; -   ; -   ; 1.758.079,86 ; -   ; -   ; 2.167.993,51 ; -   ; -   ; 2.159.589,70 ; -   ; -   ; 2.146.761,43 ; -   ; -   ; 2.540.059,83 ; -   ; -   ; 2.650.337,47 ; -   ; -   ; 2.013.451,22 ; -   ; -   ; 1.338.862,98 ; -   ; -   ; 1.469.950,09 ; -   ; -   ; 261.085,18 ; -   ; -   ; 7.964,55 ; -   ; -   ; 268.995,94 ; -   ; -   ; -   ; -   ; -   ; -   ; -   ; -   ; 561.805,20 ; -   ; -   ; -   ; -   ; -   ; -   ; -   ; -   ; -   ; -   ; -   ; 10.799,78 ; 26.888,13 ; -   ; -   ; -   ; -   ; 565.212,33 ; -   ; -   ; 1.641.786,99 ; -   ; -   ; 1.614.056,11 ; -   ; -   ; 2.080.788,73 ; -   ; -   ; 2.526.595,16 ; -   ; -   ; 12.532,98 ; -   ; -   ; 2.182.804,59 ; -   ; -   ; 1.961.571,24 ; -   ; -   ; 2.101.299,73 ; -   ; -   ; 2.198.373,58 ; -   ; -   ; 2.101.612,73 ; -   ; -   ; 1.880.503,82 ; -   ; -   ; 1.875.536,95 ; -   ; -   ; 946.389,50 ; -   ; -   ; 1.096.321,32 ; -   ; -   ; 1.056.274,57 ; -   ; -   ; 988.176,39 ; -   ; -   ; 965.603,00 ; -   ; -   ; 1.029.435,45 ; -   ; -   ; 919.648,88 ; -   ; -   ; 590.440,76 ; -   ; -   ; 873.753,37 ; -   ; -   ; 457.903,73 ; -   ; -   ; 371.999,77 ; -   ; -   ; 517.685,25 ; -   ; -   ; 836.375,62 ; -   ; -   ; 1.032.282,63 ; -   ; -   ; 1.220.970,37 ; -   ; -   ; 993.643,87 ; -   ; -   ; 217.235,10 ; -   ; -   ; 22.817,37 ; -   ; -   ; -   ; -   ; -   ; -   ; -   ; -   ; -   ; -   ; -   
Pernambuco;PE; -   ; -   ; -   ; -   ; -   ; -   ; 6.136.733,55 ; -   ; -   ; 4.040.135,69 ; -   ; -   ; 4.036.422,72 ; -   ; -   ; 3.643.057,22 ; -   ; -   ; 3.841.109,95 ; -   ; -   ; 3.833.274,60 ; -   ; -   ; 3.782.672,27 ; -   ; -   ; 3.510.817,46 ; -   ; -   ; 3.909.773,30 ; -   ; -   ; 3.874.192,06 ; -   ; -   ; 4.053.850,99 ; -   ; -   ; 3.702.459,54 ; -   ; -   ; 3.970.567,93 ; -   ; -   ; 4.011.554,56 ; -   ; -   ; 4.018.596,77 ; -   ; -   ; 3.928.260,35 ; -   ; -   ; 3.162.691,75 ; -   ; -   ; 2.356.696,06 ; -   ; -   ; 2.336.868,09 ; -   ; -   ; 245.166,86 ; -   ; -   ; 2.210.226,45 ; -   ; -   ; 3.536.995,82 ; -   ; -   ; 3.943.436,61 ; -   ; -   ; 3.966.837,72 ; -   ; -   ; 3.390.568,03 ; -   ; -   ; 4.181.112,39 ; -   ; -   ; 4.164.905,12 ; -   ; -   ; 4.194.418,53 ; -   ; -   ; 4.962.858,89 ; -   ; -   ; 5.178.323,26 ; -   ; -   ; 3.933.952,33 ; -   ; -   ; 2.571.207,66 ; -   ; -   ; 2.822.952,75 ; -   ; -   ; 501.398,74 ; -   ; -   ; 15.295,45 ; -   ; -   ; 502.867,78 ; -   ; -   ; -   ; -   ; -   ; -   ; -   ; -   ; 1.050.252,78 ; -   ; -   ; -   ; -   ; -   ; -   ; -   ; -   ; -   ; -   ; -   ; 20.286,93 ; 50.508,23 ; -   ; -   ; -   ; -   ; 1.033.846,65 ; -   ; -   ; 3.002.062,27 ; -   ; -   ; 2.951.355,43 ; -   ; -   ; 3.710.835,65 ; -   ; -   ; 4.505.877,63 ; -   ; -   ; 22.351,05 ; -   ; -   ; 3.892.768,62 ; -   ; -   ; 3.524.044,28 ; -   ; -   ; 3.775.072,31 ; -   ; -   ; 3.949.469,52 ; -   ; -   ; 3.775.634,64 ; -   ; -   ; 3.306.040,27 ; -   ; -   ; 3.297.308,22 ; -   ; -   ; 1.663.810,41 ; -   ; -   ; 1.927.399,68 ; -   ; -   ; 1.885.137,92 ; -   ; -   ; 1.763.602,79 ; -   ; -   ; 1.723.315,97 ; -   ; -   ; 1.837.238,03 ; -   ; -   ; 1.634.392,93 ; -   ; -   ; 1.049.326,79 ; -   ; -   ; 1.552.827,79 ; -   ; -   ; 813.782,99 ; -   ; -   ; 652.715,74 ; -   ; -   ; 908.337,43 ; -   ; -   ; 1.467.515,77 ; -   ; -   ; 1.811.256,82 ; -   ; -   ; 2.138.544,29 ; -   ; -   ; 1.740.379,19 ; -   ; -   ; 380.489,89 ; -   ; -   ; 39.964,90 ; -   ; -   ; -   ; -   ; -   ; -   ; -   ; -   ; -   ; -   ; -   
Piauí;PI; -   ; -   ; -   ; -   ; -   ; -   ; 3.310.826,28 ; -   ; -   ; 2.179.691,74 ; -   ; -   ; 2.177.688,55 ; -   ; -   ; 2.110.498,30 ; -   ; -   ; 2.225.234,33 ; -   ; -   ; 2.220.695,15 ; -   ; -   ; 2.191.380,18 ; -   ; -   ; 2.013.733,02 ; -   ; -   ; 2.242.565,92 ; -   ; -   ; 2.222.157,25 ; -   ; -   ; 2.325.205,93 ; -   ; -   ; 2.145.479,45 ; -   ; -   ; 2.300.841,32 ; -   ; -   ; 2.324.592,01 ; -   ; -   ; 2.328.672,79 ; -   ; -   ; 2.334.640,91 ; -   ; -   ; 1.879.648,73 ; -   ; -   ; 1.400.629,94 ; -   ; -   ; 1.388.845,79 ; -   ; -   ; 146.311,79 ; -   ; -   ; 1.319.028,96 ; -   ; -   ; 2.110.824,40 ; -   ; -   ; 2.353.381,98 ; -   ; -   ; 2.428.881,82 ; -   ; -   ; 2.076.033,76 ; -   ; -   ; 2.560.081,50 ; -   ; -   ; 2.550.157,84 ; -   ; -   ; 2.678.098,73 ; -   ; -   ; 3.168.741,02 ; -   ; -   ; 3.306.313,10 ; -   ; -   ; 2.511.793,39 ; -   ; -   ; 1.662.687,24 ; -   ; -   ; 1.825.479,75 ; -   ; -   ; 324.232,58 ; -   ; -   ; 9.890,90 ; -   ; -   ; 328.203,48 ; -   ; -   ; -   ; -   ; -   ; -   ; -   ; -   ; 685.461,74 ; -   ; -   ; -   ; -   ; -   ; -   ; -   ; -   ; -   ; -   ; -   ; 13.654,28 ; 33.994,96 ; -   ; -   ; -   ; -   ; 695.228,26 ; -   ; -   ; 2.018.767,26 ; -   ; -   ; 1.984.668,94 ; -   ; -   ; 2.527.874,26 ; -   ; -   ; 3.069.468,22 ; -   ; -   ; 15.225,85 ; -   ; -   ; 2.651.809,60 ; -   ; -   ; 2.528.322,08 ; -   ; -   ; 2.708.421,89 ; -   ; -   ; 2.833.543,00 ; -   ; -   ; 2.708.825,33 ; -   ; -   ; 2.381.580,91 ; -   ; -   ; 2.375.290,58 ; -   ; -   ; 1.198.563,47 ; -   ; -   ; 1.388.445,96 ; -   ; -   ; 1.355.430,82 ; -   ; -   ; 1.268.045,99 ; -   ; -   ; 1.239.079,41 ; -   ; -   ; 1.320.990,37 ; -   ; -   ; 1.167.256,08 ; -   ; -   ; 749.411,63 ; -   ; -   ; 1.109.003,62 ; -   ; -   ; 581.190,19 ; -   ; -   ; 482.395,71 ; -   ; -   ; 671.315,32 ; -   ; -   ; 1.084.581,34 ; -   ; -   ; 1.338.626,39 ; -   ; -   ; 1.587.096,67 ; -   ; -   ; 1.291.602,90 ; -   ; -   ; 282.376,31 ; -   ; -   ; 29.659,50 ; -   ; -   ; -   ; -   ; -   ; -   ; -   ; -   ; -   ; -   ; -   
Paraná;PR; -   ; -   ; -   ; -   ; -   ; -   ; 12.089.532,30 ; -   ; -   ; 7.959.177,40 ; -   ; -   ; 7.951.862,73 ; -   ; -   ; 7.881.855,72 ; -   ; -   ; 8.310.348,30 ; -   ; -   ; 8.293.396,30 ; -   ; -   ; 8.183.916,75 ; -   ; -   ; 7.351.056,88 ; -   ; -   ; 8.186.402,81 ; -   ; -   ; 8.111.901,73 ; -   ; -   ; 8.488.077,08 ; -   ; -   ; 7.401.463,44 ; -   ; -   ; 7.937.429,99 ; -   ; -   ; 8.019.364,99 ; -   ; -   ; 8.033.442,86 ; -   ; -   ; 7.775.481,08 ; -   ; -   ; 6.260.137,49 ; -   ; -   ; 4.664.773,72 ; -   ; -   ; 4.625.526,83 ; -   ; -   ; 471.354,37 ; -   ; -   ; 4.249.350,42 ; -   ; -   ; 6.800.178,65 ; -   ; -   ; 7.581.596,01 ; -   ; -   ; 7.468.365,63 ; -   ; -   ; 6.383.422,65 ; -   ; -   ; 7.871.780,57 ; -   ; -   ; 7.841.267,13 ; -   ; -   ; 7.776.236,56 ; -   ; -   ; 9.200.885,52 ; -   ; -   ; 9.600.345,40 ; -   ; -   ; 7.293.345,60 ; -   ; -   ; 4.705.944,53 ; -   ; -   ; 5.166.700,16 ; -   ; -   ; 917.683,42 ; -   ; -   ; 27.994,45 ; -   ; -   ; 894.852,50 ; -   ; -   ; -   ; -   ; -   ; -   ; -   ; -   ; 1.868.923,33 ; -   ; -   ; -   ; -   ; -   ; -   ; -   ; -   ; -   ; -   ; -   ; 36.596,80 ; 91.114,79 ; -   ; -   ; -   ; -   ; 1.791.851,42 ; -   ; -   ; 5.200.502,17 ; -   ; -   ; 5.112.662,22 ; -   ; -   ; 6.583.431,21 ; -   ; -   ; 7.993.923,27 ; -   ; -   ; 39.653,22 ; -   ; -   ; 6.906.200,34 ; -   ; -   ; 6.346.004,34 ; -   ; -   ; 6.798.048,88 ; -   ; -   ; 7.112.098,70 ; -   ; -   ; 6.799.061,50 ; -   ; -   ; 5.996.717,96 ; -   ; -   ; 5.980.879,17 ; -   ; -   ; 3.017.931,09 ; -   ; -   ; 3.496.047,02 ; -   ; -   ; 3.417.898,64 ; -   ; -   ; 3.197.546,20 ; -   ; -   ; 3.124.503,13 ; -   ; -   ; 3.331.052,49 ; -   ; -   ; 2.979.477,26 ; -   ; -   ; 1.912.909,21 ; -   ; -   ; 2.830.785,06 ; -   ; -   ; 1.483.515,91 ; -   ; -   ; 1.230.912,23 ; -   ; -   ; 1.712.971,77 ; -   ; -   ; 2.767.488,18 ; -   ; -   ; 3.415.726,04 ; -   ; -   ; 3.866.589,28 ; -   ; -   ; 3.146.687,93 ; -   ; -   ; 687.943,73 ; -   ; -   ; 72.258,43 ; -   ; -   ; -   ; -   ; -   ; -   ; -   ; -   ; -   ; -   ; -   
Rio de Janeiro;RJ; -   ; -   ; -   ; -   ; -   ; -   ; 9.246.903,69 ; -   ; -   ; 6.087.724,90 ; -   ; -   ; 6.082.130,14 ; -   ; -   ; 5.438.437,25 ; -   ; -   ; 5.734.094,78 ; -   ; -   ; 5.722.397,99 ; -   ; -   ; 5.646.857,70 ; -   ; -   ; 5.317.890,85 ; -   ; -   ; 5.922.195,59 ; -   ; -   ; 5.868.300,13 ; -   ; -   ; 6.140.432,35 ; -   ; -   ; 5.593.557,48 ; -   ; -   ; 5.998.607,06 ; -   ; -   ; 6.060.528,35 ; -   ; -   ; 6.071.167,51 ; -   ; -   ; 5.927.991,80 ; -   ; -   ; 4.772.700,66 ; -   ; -   ; 3.556.402,50 ; -   ; -   ; 3.526.480,84 ; -   ; -   ; 358.007,17 ; -   ; -   ; 3.227.503,58 ; -   ; -   ; 5.164.930,82 ; -   ; -   ; 5.758.439,73 ; -   ; -   ; 5.793.648,39 ; -   ; -   ; 4.951.994,61 ; -   ; -   ; 6.106.600,97 ; -   ; -   ; 6.082.929,91 ; -   ; -   ; 6.057.490,17 ; -   ; -   ; 7.167.255,42 ; -   ; -   ; 7.478.424,48 ; -   ; -   ; 5.681.330,41 ; -   ; -   ; 3.763.921,40 ; -   ; -   ; 4.132.444,23 ; -   ; -   ; 733.984,06 ; -   ; -   ; 22.390,60 ; -   ; -   ; 708.891,83 ; -   ; -   ; -   ; -   ; -   ; -   ; -   ; -   ; 1.480.539,52 ; -   ; -   ; -   ; -   ; -   ; -   ; -   ; -   ; -   ; -   ; -   ; 28.387,10 ; 70.675,18 ; -   ; -   ; -   ; -   ; 1.410.677,91 ; -   ; -   ; 4.095.000,10 ; -   ; -   ; 4.025.832,81 ; -   ; -   ; 5.129.166,87 ; -   ; -   ; 6.228.084,58 ; -   ; -   ; 30.893,92 ; -   ; -   ; 5.380.637,07 ; -   ; -   ; 4.852.864,98 ; -   ; -   ; 5.198.548,82 ; -   ; -   ; 5.438.706,45 ; -   ; -   ; 5.199.323,18 ; -   ; -   ; 4.496.409,51 ; -   ; -   ; 4.484.533,40 ; -   ; -   ; 2.262.880,15 ; -   ; -   ; 2.621.377,09 ; -   ; -   ; 2.489.266,55 ; -   ; -   ; 2.328.783,16 ; -   ; -   ; 2.275.585,65 ; -   ; -   ; 2.426.016,22 ; -   ; -   ; 2.175.568,58 ; -   ; -   ; 1.396.776,96 ; -   ; -   ; 2.066.995,82 ; -   ; -   ; 1.083.240,56 ; -   ; -   ; 844.402,61 ; -   ; -   ; 1.175.094,22 ; -   ; -   ; 1.898.489,75 ; -   ; -   ; 2.343.179,26 ; -   ; -   ; 2.673.403,43 ; -   ; -   ; 2.175.655,52 ; -   ; -   ; 475.652,05 ; -   ; -   ; 49.960,29 ; -   ; -   ; -   ; -   ; -   ; -   ; -   ; -   ; -   ; -   ; -   
Rio Grande do Norte;RN; -   ; -   ; -   ; -   ; -   ; -   ; 3.712.138,55 ; -   ; -   ; 2.443.896,80 ; -   ; -   ; 2.441.650,80 ; -   ; -   ; 2.173.738,77 ; -   ; -   ; 2.291.912,83 ; -   ; -   ; 2.287.237,64 ; -   ; -   ; 2.257.044,25 ; -   ; -   ; 2.079.863,57 ; -   ; -   ; 2.316.211,30 ; -   ; -   ; 2.295.132,41 ; -   ; -   ; 2.401.565,19 ; -   ; -   ; 2.135.192,66 ; -   ; -   ; 2.289.809,62 ; -   ; -   ; 2.313.446,44 ; -   ; -   ; 2.317.507,65 ; -   ; -   ; 2.247.705,89 ; -   ; -   ; 1.809.656,24 ; -   ; -   ; 1.348.474,68 ; -   ; -   ; 1.337.129,34 ; -   ; -   ; 136.138,73 ; -   ; -   ; 1.227.316,83 ; -   ; -   ; 1.964.058,71 ; -   ; -   ; 2.189.751,25 ; -   ; -   ; 2.193.909,76 ; -   ; -   ; 1.875.196,52 ; -   ; -   ; 2.312.417,07 ; -   ; -   ; 2.303.453,43 ; -   ; -   ; 2.269.717,87 ; -   ; -   ; 2.685.542,56 ; -   ; -   ; 2.802.136,40 ; -   ; -   ; 2.128.772,28 ; -   ; -   ; 1.392.485,42 ; -   ; -   ; 1.528.822,66 ; -   ; -   ; 271.541,83 ; -   ; -   ; 8.283,54 ; -   ; -   ; 265.171,54 ; -   ; -   ; -   ; -   ; -   ; -   ; -   ; -   ; 553.817,84 ; -   ; -   ; -   ; -   ; -   ; -   ; -   ; -   ; -   ; -   ; -   ; 10.610,80 ; 26.417,63 ; -   ; -   ; -   ; -   ; 530.826,57 ; -   ; -   ; 1.541.045,62 ; -   ; -   ; 1.515.016,33 ; -   ; -   ; 1.934.903,95 ; -   ; -   ; 2.349.454,74 ; -   ; -   ; 11.654,28 ; -   ; -   ; 2.029.767,44 ; -   ; -   ; 1.820.275,41 ; -   ; -   ; 1.949.938,98 ; -   ; -   ; 2.040.020,41 ; -   ; -   ; 1.950.229,44 ; -   ; -   ; 1.727.623,42 ; -   ; -   ; 1.723.060,35 ; -   ; -   ; 869.450,34 ; -   ; -   ; 1.007.193,06 ; -   ; -   ; 980.878,22 ; -   ; -   ; 917.640,85 ; -   ; -   ; 896.678,75 ; -   ; -   ; 955.954,87 ; -   ; -   ; 855.318,43 ; -   ; -   ; 549.138,78 ; -   ; -   ; 812.633,37 ; -   ; -   ; 425.872,86 ; -   ; -   ; 345.550,39 ; -   ; -   ; 480.877,56 ; -   ; -   ; 776.908,87 ; -   ; -   ; 958.886,79 ; -   ; -   ; 1.093.197,42 ; -   ; -   ; 889.660,34 ; -   ; -   ; 194.501,73 ; -   ; -   ; 20.429,56 ; -   ; -   ; -   ; -   ; -   ; -   ; -   ; -   ; -   ; -   ; -   
Rondônia;RO; -   ; -   ; -   ; -   ; -   ; -   ; 2.056.725,42 ; -   ; -   ; 1.354.050,93 ; -   ; -   ; 1.352.806,52 ; -   ; -   ; 1.322.774,01 ; -   ; -   ; 1.394.685,86 ; -   ; -   ; 1.391.840,89 ; -   ; -   ; 1.373.467,46 ; -   ; -   ; 1.409.595,01 ; -   ; -   ; 1.569.775,99 ; -   ; -   ; 1.555.490,11 ; -   ; -   ; 1.627.623,26 ; -   ; -   ; 1.433.634,14 ; -   ; -   ; 1.537.448,74 ; -   ; -   ; 1.553.319,22 ; -   ; -   ; 1.556.046,05 ; -   ; -   ; 1.501.354,04 ; -   ; -   ; 1.208.758,99 ; -   ; -   ; 900.713,00 ; -   ; -   ; 893.134,88 ; -   ; -   ; 94.724,71 ; -   ; -   ; 853.961,51 ; -   ; -   ; 1.366.583,18 ; -   ; -   ; 1.523.619,03 ; -   ; -   ; 1.618.604,02 ; -   ; -   ; 1.383.466,49 ; -   ; -   ; 1.706.035,34 ; -   ; -   ; 1.699.422,22 ; -   ; -   ; 1.707.193,06 ; -   ; -   ; 2.019.960,14 ; -   ; -   ; 2.107.657,47 ; -   ; -   ; 1.601.179,30 ; -   ; -   ; 1.012.060,05 ; -   ; -   ; 1.111.150,12 ; -   ; -   ; 197.356,92 ; -   ; -   ; 6.020,48 ; -   ; -   ; 193.995,82 ; -   ; -   ; -   ; -   ; -   ; -   ; -   ; -   ; 405.165,45 ; -   ; -   ; -   ; -   ; -   ; -   ; -   ; -   ; -   ; -   ; -   ; 7.783,25 ; 19.377,90 ; -   ; -   ; -   ; -   ; 383.662,65 ; -   ; -   ; 1.113.603,47 ; -   ; -   ; 1.094.793,96 ; -   ; -   ; 1.462.214,59 ; -   ; -   ; 1.775.492,28 ; -   ; -   ; 8.807,19 ; -   ; -   ; 1.533.903,31 ; -   ; -   ; 1.401.892,96 ; -   ; -   ; 1.501.753,91 ; -   ; -   ; 1.571.130,51 ; -   ; -   ; 1.501.977,61 ; -   ; -   ; 1.326.986,55 ; -   ; -   ; 1.323.481,66 ; -   ; -   ; 667.824,30 ; -   ; -   ; 773.624,41 ; -   ; -   ; 753.845,23 ; -   ; -   ; 705.244,71 ; -   ; -   ; 689.134,47 ; -   ; -   ; 734.690,60 ; -   ; -   ; 656.782,81 ; -   ; -   ; 421.673,26 ; -   ; -   ; 624.005,76 ; -   ; -   ; 327.019,70 ; -   ; -   ; 271.552,58 ; -   ; -   ; 377.900,14 ; -   ; -   ; 610.537,89 ; -   ; -   ; 753.546,18 ; -   ; -   ; 881.039,43 ; -   ; -   ; 717.003,00 ; -   ; -   ; 156.754,57 ; -   ; -   ; 16.464,77 ; -   ; -   ; -   ; -   ; -   ; -   ; -   ; -   ; -   ; -   ; -   
Roraima;RR; -   ; -   ; -   ; -   ; -   ; -   ; 1.237.379,52 ; -   ; -   ; 814.632,27 ; -   ; -   ; 813.883,60 ; -   ; -   ; 762.657,57 ; -   ; -   ; 804.119,01 ; -   ; -   ; 802.478,71 ; -   ; -   ; 791.885,34 ; -   ; -   ; 721.456,52 ; -   ; -   ; 803.440,07 ; -   ; -   ; 796.128,29 ; -   ; -   ; 833.047,36 ; -   ; -   ; 741.518,69 ; -   ; -   ; 795.214,72 ; -   ; -   ; 803.423,42 ; -   ; -   ; 804.833,81 ; -   ; -   ; 781.720,87 ; -   ; -   ; 629.373,29 ; -   ; -   ; 468.980,75 ; -   ; -   ; 465.035,00 ; -   ; -   ; 47.631,28 ; -   ; -   ; 429.405,13 ; -   ; -   ; 687.171,29 ; -   ; -   ; 766.135,03 ; -   ; -   ; 772.923,67 ; -   ; -   ; 660.639,65 ; -   ; -   ; 814.674,29 ; -   ; -   ; 811.516,37 ; -   ; -   ; 895.355,30 ; -   ; -   ; 1.059.389,28 ; -   ; -   ; 1.105.383,06 ; -   ; -   ; 839.755,27 ; -   ; -   ; 531.638,45 ; -   ; -   ; 583.690,79 ; -   ; -   ; 103.672,24 ; -   ; -   ; 3.162,58 ; -   ; -   ; 102.110,14 ; -   ; -   ; -   ; -   ; -   ; -   ; -   ; -   ; 213.259,75 ; -   ; -   ; -   ; -   ; -   ; -   ; -   ; -   ; -   ; -   ; -   ; 4.104,57 ; 10.219,12 ; -   ; -   ; -   ; -   ; 207.079,63 ; -   ; -   ; 601.237,96 ; -   ; -   ; 591.082,65 ; -   ; -   ; 757.166,09 ; -   ; -   ; 919.388,00 ; -   ; -   ; 4.560,55 ; -   ; -   ; 794.288,05 ; -   ; -   ; 719.330,93 ; -   ; -   ; 770.570,99 ; -   ; -   ; 806.169,09 ; -   ; -   ; 770.685,77 ; -   ; -   ; 686.520,60 ; -   ; -   ; 684.707,33 ; -   ; -   ; 345.500,97 ; -   ; -   ; 400.236,98 ; -   ; -   ; 399.415,36 ; -   ; -   ; 373.664,99 ; -   ; -   ; 365.129,19 ; -   ; -   ; 389.266,53 ; -   ; -   ; 376.919,31 ; -   ; -   ; 241.992,93 ; -   ; -   ; 358.108,98 ; -   ; -   ; 187.672,45 ; -   ; -   ; 157.071,04 ; -   ; -   ; 218.584,44 ; -   ; -   ; 353.146,42 ; -   ; -   ; 435.865,06 ; -   ; -   ; 526.212,30 ; -   ; -   ; 428.239,40 ; -   ; -   ; 93.623,71 ; -   ; -   ; 9.833,80 ; -   ; -   ; -   ; -   ; -   ; -   ; -   ; -   ; -   ; -   ; -   
Rio Grande do Sul;RS; -   ; -   ; -   ; -   ; -   ; -   ; 10.868.874,13 ; -   ; -   ; 7.155.553,68 ; -   ; -   ; 7.148.977,56 ; -   ; -   ; 6.908.658,27 ; -   ; -   ; 7.284.243,53 ; -   ; -   ; 7.269.384,65 ; -   ; -   ; 7.173.422,88 ; -   ; -   ; 6.332.251,19 ; -   ; -   ; 7.051.823,95 ; -   ; -   ; 6.987.648,21 ; -   ; -   ; 7.311.688,25 ; -   ; -   ; 6.549.977,47 ; -   ; -   ; 7.024.284,86 ; -   ; -   ; 7.096.793,82 ; -   ; -   ; 7.109.252,13 ; -   ; -   ; 6.672.428,24 ; -   ; -   ; 5.372.055,79 ; -   ; -   ; 4.003.015,06 ; -   ; -   ; 3.969.335,85 ; -   ; -   ; 402.839,48 ; -   ; -   ; 3.631.675,50 ; -   ; -   ; 5.811.721,73 ; -   ; -   ; 6.479.554,22 ; -   ; -   ; 6.469.592,10 ; -   ; -   ; 5.529.742,75 ; -   ; -   ; 6.819.056,79 ; -   ; -   ; 6.792.624,03 ; -   ; -   ; 6.686.212,52 ; -   ; -   ; 7.911.163,13 ; -   ; -   ; 8.254.629,22 ; -   ; -   ; 6.271.010,18 ; -   ; -   ; 4.130.921,86 ; -   ; -   ; 4.535.377,44 ; -   ; -   ; 805.551,04 ; -   ; -   ; 24.573,79 ; -   ; -   ; 771.735,82 ; -   ; -   ; -   ; -   ; -   ; -   ; -   ; -   ; 1.611.790,87 ; -   ; -   ; -   ; -   ; -   ; -   ; -   ; -   ; -   ; -   ; -   ; 31.033,67 ; 77.264,32 ; -   ; -   ; -   ; -   ; 1.562.985,00 ; -   ; -   ; 4.537.894,95 ; -   ; -   ; 4.461.246,87 ; -   ; -   ; 5.712.387,28 ; -   ; -   ; 6.936.259,24 ; -   ; -   ; 34.406,76 ; -   ; -   ; 5.992.451,31 ; -   ; -   ; 5.612.371,85 ; -   ; -   ; 6.012.157,59 ; -   ; -   ; 6.289.901,54 ; -   ; -   ; 6.013.053,15 ; -   ; -   ; 5.163.065,56 ; -   ; -   ; 5.149.428,64 ; -   ; -   ; 2.598.384,01 ; -   ; -   ; 3.010.033,17 ; -   ; -   ; 2.924.814,75 ; -   ; -   ; 2.736.251,50 ; -   ; -   ; 2.673.746,01 ; -   ; -   ; 2.850.497,48 ; -   ; -   ; 2.610.549,33 ; -   ; -   ; 1.676.046,98 ; -   ; -   ; 2.480.268,65 ; -   ; -   ; 1.299.822,46 ; -   ; -   ; 1.054.988,20 ; -   ; -   ; 1.468.151,00 ; -   ; -   ; 2.371.954,17 ; -   ; -   ; 2.927.544,80 ; -   ; -   ; 3.349.586,15 ; -   ; -   ; 2.725.943,09 ; -   ; -   ; 595.958,51 ; -   ; -   ; 62.596,72 ; -   ; -   ; -   ; -   ; -   ; -   ; -   ; -   ; -   ; -   ; -   
Santa Catarina;SC; -   ; -   ; -   ; -   ; -   ; -   ; 6.554.767,17 ; -   ; -   ; 4.315.349,30 ; -   ; -   ; 4.311.383,39 ; -   ; -   ; 4.140.765,10 ; -   ; -   ; 4.365.875,43 ; -   ; -   ; 4.356.969,62 ; -   ; -   ; 4.299.454,09 ; -   ; -   ; 3.896.338,10 ; -   ; -   ; 4.339.103,02 ; -   ; -   ; 4.299.614,64 ; -   ; -   ; 4.499.001,80 ; -   ; -   ; 4.043.230,01 ; -   ; -   ; 4.336.014,82 ; -   ; -   ; 4.380.773,81 ; -   ; -   ; 4.388.464,19 ; -   ; -   ; 4.261.033,03 ; -   ; -   ; 3.430.611,22 ; -   ; -   ; 2.556.337,64 ; -   ; -   ; 2.534.829,99 ; -   ; -   ; 257.409,06 ; -   ; -   ; 2.320.592,19 ; -   ; -   ; 3.713.612,65 ; -   ; -   ; 4.140.348,70 ; -   ; -   ; 4.182.969,56 ; -   ; -   ; 3.575.302,00 ; -   ; -   ; 4.408.918,91 ; -   ; -   ; 4.391.828,59 ; -   ; -   ; 4.382.493,60 ; -   ; -   ; 5.185.390,34 ; -   ; -   ; 5.410.516,00 ; -   ; -   ; 4.110.348,26 ; -   ; -   ; 2.674.414,68 ; -   ; -   ; 2.936.264,69 ; -   ; -   ; 521.524,64 ; -   ; -   ; 15.909,40 ; -   ; -   ; 505.434,61 ; -   ; -   ; -   ; -   ; -   ; -   ; -   ; -   ; 1.055.613,68 ; -   ; -   ; -   ; -   ; -   ; -   ; -   ; -   ; -   ; -   ; -   ; 20.264,81 ; 50.453,15 ; -   ; -   ; -   ; -   ; 1.013.588,31 ; -   ; -   ; 2.942.546,63 ; -   ; -   ; 2.892.845,06 ; -   ; -   ; 3.692.887,08 ; -   ; -   ; 4.484.083,60 ; -   ; -   ; 22.242,94 ; -   ; -   ; 3.873.940,08 ; -   ; -   ; 3.709.356,23 ; -   ; -   ; 3.973.584,58 ; -   ; -   ; 4.157.152,47 ; -   ; -   ; 3.974.176,47 ; -   ; -   ; 3.518.015,60 ; -   ; -   ; 3.508.723,66 ; -   ; -   ; 1.770.489,91 ; -   ; -   ; 2.050.979,89 ; -   ; -   ; 2.027.738,85 ; -   ; -   ; 1.897.010,22 ; -   ; -   ; 1.853.675,91 ; -   ; -   ; 1.976.215,58 ; -   ; -   ; 1.728.885,48 ; -   ; -   ; 1.109.993,69 ; -   ; -   ; 1.642.604,65 ; -   ; -   ; 860.831,92 ; -   ; -   ; 705.972,17 ; -   ; -   ; 982.450,56 ; -   ; -   ; 1.587.253,42 ; -   ; -   ; 1.959.041,01 ; -   ; -   ; 2.264.346,74 ; -   ; -   ; 1.842.759,09 ; -   ; -   ; 402.872,67 ; -   ; -   ; 42.315,88 ; -   ; -   ; -   ; -   ; -   ; -   ; -   ; -   ; -   ; -   ; -   
Sergipe;SE; -   ; -   ; -   ; -   ; -   ; -   ; 2.240.660,20 ; -   ; -   ; 1.475.144,91 ; -   ; -   ; 1.473.789,22 ; -   ; -   ; 1.329.470,74 ; -   ; -   ; 1.401.746,66 ; -   ; -   ; 1.398.887,28 ; -   ; -   ; 1.380.420,83 ; -   ; -   ; 1.258.803,08 ; -   ; -   ; 1.401.848,64 ; -   ; -   ; 1.389.090,99 ; -   ; -   ; 1.453.507,67 ; -   ; -   ; 1.314.203,04 ; -   ; -   ; 1.409.369,20 ; -   ; -   ; 1.423.917,57 ; -   ; -   ; 1.426.417,23 ; -   ; -   ; 1.368.059,83 ; -   ; -   ; 1.101.442,16 ; -   ; -   ; 820.745,30 ; -   ; -   ; 813.839,99 ; -   ; -   ; 83.310,14 ; -   ; -   ; 751.056,91 ; -   ; -   ; 1.201.906,33 ; -   ; -   ; 1.340.018,94 ; -   ; -   ; 1.345.201,52 ; -   ; -   ; 1.149.781,66 ; -   ; -   ; 1.417.864,59 ; -   ; -   ; 1.412.368,51 ; -   ; -   ; 1.443.394,86 ; -   ; -   ; 1.707.832,67 ; -   ; -   ; 1.781.978,86 ; -   ; -   ; 1.353.762,51 ; -   ; -   ; 880.800,86 ; -   ; -   ; 967.039,44 ; -   ; -   ; 171.760,71 ; -   ; -   ; 5.239,66 ; -   ; -   ; 168.364,23 ; -   ; -   ; -   ; -   ; -   ; -   ; -   ; -   ; 351.633,19 ; -   ; -   ; -   ; -   ; -   ; -   ; -   ; -   ; -   ; -   ; -   ; 6.772,30 ; 16.860,95 ; -   ; -   ; -   ; -   ; 345.553,89 ; -   ; -   ; 1.003.427,64 ; -   ; -   ; 986.479,08 ; -   ; -   ; 1.264.415,80 ; -   ; -   ; 1.535.315,34 ; -   ; -   ; 7.615,81 ; -   ; -   ; 1.326.406,94 ; -   ; -   ; 1.199.650,91 ; -   ; -   ; 1.285.105,57 ; -   ; -   ; 1.344.473,65 ; -   ; -   ; 1.285.296,99 ; -   ; -   ; 1.147.636,74 ; -   ; -   ; 1.144.605,55 ; -   ; -   ; 577.564,03 ; -   ; -   ; 669.064,65 ; -   ; -   ; 651.686,84 ; -   ; -   ; 609.672,49 ; -   ; -   ; 595.745,45 ; -   ; -   ; 635.127,98 ; -   ; -   ; 561.383,42 ; -   ; -   ; 360.424,14 ; -   ; -   ; 533.367,32 ; -   ; -   ; 279.519,25 ; -   ; -   ; 227.647,81 ; -   ; -   ; 316.801,04 ; -   ; -   ; 511.825,79 ; -   ; -   ; 631.712,42 ; -   ; -   ; 716.881,15 ; -   ; -   ; 583.408,56 ; -   ; -   ; 127.547,53 ; -   ; -   ; 13.397,00 ; -   ; -   ; -   ; -   ; -   ; -   ; -   ; -   ; -   ; -   ; -   
São Paulo;SP; -   ; -   ; -   ; -   ; -   ; -   ; 29.212.189,41 ; -   ; -   ; 19.231.926,59 ; -   ; -   ; 19.214.252,00 ; -   ; -   ; 19.039.731,87 ; -   ; -   ; 20.074.816,01 ; -   ; -   ; 20.033.866,06 ; -   ; -   ; 19.769.402,80 ; -   ; -   ; 18.676.070,79 ; -   ; -   ; 20.798.347,90 ; -   ; -   ; 20.609.070,71 ; -   ; -   ; 21.564.780,56 ; -   ; -   ; 20.358.709,95 ; -   ; -   ; 21.832.957,25 ; -   ; -   ; 22.058.330,37 ; -   ; -   ; 22.097.053,41 ; -   ; -   ; 21.642.283,22 ; -   ; -   ; 17.424.474,07 ; -   ; -   ; 12.983.936,68 ; -   ; -   ; 12.874.696,82 ; -   ; -   ; 1.322.169,31 ; -   ; -   ; 11.919.610,85 ; -   ; -   ; 19.074.793,82 ; -   ; -   ; 21.266.703,15 ; -   ; -   ; 21.252.538,24 ; -   ; -   ; 18.165.143,56 ; -   ; -   ; 22.400.525,86 ; -   ; -   ; 22.313.694,54 ; -   ; -   ; 21.981.081,47 ; -   ; -   ; 26.008.135,52 ; -   ; -   ; 27.137.288,41 ; -   ; -   ; 20.616.093,98 ; -   ; -   ; 13.324.288,76 ; -   ; -   ; 14.628.860,26 ; -   ; -   ; 2.598.304,94 ; -   ; -   ; 79.262,75 ; -   ; -   ; 2.482.486,97 ; -   ; -   ; -   ; -   ; -   ; -   ; -   ; -   ; 5.184.740,31 ; -   ; -   ; -   ; -   ; -   ; -   ; -   ; -   ; -   ; -   ; -   ; 99.138,05 ; 246.823,30 ; -   ; -   ; -   ; -   ; 4.930.690,39 ; -   ; -   ; 14.313.253,89 ; -   ; -   ; 14.071.493,48 ; -   ; -   ; 18.092.061,34 ; -   ; -   ; 21.968.263,27 ; -   ; -   ; 108.971,83 ; -   ; -   ; 18.979.069,75 ; -   ; -   ; 17.379.159,99 ; -   ; -   ; 18.617.128,63 ; -   ; -   ; 19.477.185,08 ; -   ; -   ; 18.619.901,79 ; -   ; -   ; 16.216.067,18 ; -   ; -   ; 16.173.236,60 ; -   ; -   ; 8.160.959,66 ; -   ; -   ; 9.453.860,22 ; -   ; -   ; 9.314.505,99 ; -   ; -   ; 8.713.998,38 ; -   ; -   ; 8.514.940,36 ; -   ; -   ; 9.077.831,63 ; -   ; -   ; 8.259.722,10 ; -   ; -   ; 5.302.976,71 ; -   ; -   ; 7.847.516,83 ; -   ; -   ; 4.112.610,41 ; -   ; -   ; 3.270.324,53 ; -   ; -   ; 4.551.074,79 ; -   ; -   ; 7.352.745,61 ; -   ; -   ; 9.075.003,41 ; -   ; -   ; 10.270.119,23 ; -   ; -   ; 8.357.975,95 ; -   ; -   ; 1.827.260,06 ; -   ; -   ; 191.926,94 ; -   ; -   ; -   ; -   ; -   ; -   ; -   ; -   ; -   ; -   ; -   
Tocantins;TO; -   ; -   ; -   ; -   ; -   ; -   ; 2.809.185,93 ; -   ; -   ; 1.849.435,41 ; -   ; -   ; 1.847.735,74 ; -   ; -   ; 2.092.477,07 ; -   ; -   ; 2.206.233,39 ; -   ; -   ; 2.201.732,96 ; -   ; -   ; 2.172.668,31 ; -   ; -   ; 2.106.130,78 ; -   ; -   ; 2.345.463,41 ; -   ; -   ; 2.324.118,32 ; -   ; -   ; 2.431.895,27 ; -   ; -   ; 2.101.184,54 ; -   ; -   ; 2.253.338,85 ; -   ; -   ; 2.276.599,19 ; -   ; -   ; 2.280.595,73 ; -   ; -   ; 2.233.798,34 ; -   ; -   ; 1.798.459,11 ; -   ; -   ; 1.340.131,07 ; -   ; -   ; 1.328.855,93 ; -   ; -   ; 140.858,45 ; -   ; -   ; 1.269.866,08 ; -   ; -   ; 2.032.149,71 ; -   ; -   ; 2.265.666,67 ; -   ; -   ; 2.290.226,64 ; -   ; -   ; 1.957.521,27 ; -   ; -   ; 2.413.936,65 ; -   ; -   ; 2.404.579,49 ; -   ; -   ; 2.382.622,83 ; -   ; -   ; 2.819.132,34 ; -   ; -   ; 2.941.526,02 ; -   ; -   ; 2.234.666,04 ; -   ; -   ; 1.489.241,59 ; -   ; -   ; 1.635.052,16 ; -   ; -   ; 290.409,78 ; -   ; -   ; 8.859,11 ; -   ; -   ; 276.377,83 ; -   ; -   ; -   ; -   ; -   ; -   ; -   ; -   ; 577.222,47 ; -   ; -   ; -   ; -   ; -   ; -   ; -   ; -   ; -   ; -   ; -   ; 12.075,36 ; 30.063,94 ; -   ; -   ; -   ; -   ; 599.958,94 ; -   ; -   ; 1.741.592,27 ; -   ; -   ; 1.712.175,61 ; -   ; -   ; 2.180.338,01 ; -   ; -   ; 2.647.472,75 ; -   ; -   ; 13.132,58 ; -   ; -   ; 2.287.234,52 ; -   ; -   ; 2.083.351,58 ; -   ; -   ; 2.231.754,83 ; -   ; -   ; 2.334.855,32 ; -   ; -   ; 2.232.087,27 ; -   ; -   ; 1.949.226,31 ; -   ; -   ; 1.944.077,93 ; -   ; -   ; 980.975,05 ; -   ; -   ; 1.136.386,08 ; -   ; -   ; 1.123.247,61 ; -   ; -   ; 1.050.831,67 ; -   ; -   ; 1.026.827,02 ; -   ; -   ; 1.094.706,76 ; -   ; -   ; 985.567,39 ; -   ; -   ; 632.762,32 ; -   ; -   ; 936.382,19 ; -   ; -   ; 490.725,31 ; -   ; -   ; 412.181,18 ; -   ; -   ; 573.602,82 ; -   ; -   ; 926.716,40 ; -   ; -   ; 1.143.784,23 ; -   ; -   ; 1.299.878,58 ; -   ; -   ; 1.057.860,54 ; -   ; -   ; 231.274,45 ; -   ; -   ; 24.292,00 ; -   ; -   ; -   ; -   ; -   ; -   ; -   ; -   ; -   ; -   ; -   
;;;;;;;;;;;;;;;;;;;;;;;;;;;;;;;;;;;;;;;;;;;;;;;;;;;;;;;;;;;;;;;;;;;;;;;;;;;;;;;;;;;;;;;;;;;;;;;;;;;;;;;;;;;;;;;;;;;;;;;;;;;;;;;;;;;;;;;;;;;;;;;;;;;;;;;;;;;;;;;;;;;;;;;;;;;;;;;;;;;;;;;;;;;;;;;;;;;;;;;;;;;;;;;;;;;;;;;;;;;;;;;;;;;;;;;;;;;;;;;;;
;; -   ; -   ; -   ; -   ; -   ; -   ; 164.822.295,94 ; -   ; -   ; 108.511.219,47 ; -   ; -   ; 108.411.495,12 ; -   ; -   ; 106.078.202,42 ; -   ; -   ; 111.845.083,29 ; -   ; -   ; 111.616.934,22 ; -   ; -   ; 110.143.500,26 ; -   ; -   ; 102.315.605,10 ; -   ; -   ; 113.942.358,33 ; -   ; -   ; 112.905.415,90 ; -   ; -   ; 118.141.208,42 ; -   ; -   ; 107.079.822,46 ; -   ; -   ; 114.833.856,93 ; -   ; -   ; 116.019.242,14 ; -   ; -   ; 116.222.912,04 ; -   ; -   ; 113.462.034,58 ; -   ; -   ; 91.349.709,26 ; -   ; -   ; 68.069.706,76 ; -   ; -   ; 67.497.004,89 ; -   ; -   ; 6.942.266,85 ; -   ; -   ; 62.585.872,06 ; -   ; -   ; 100.155.334,02 ; -   ; -   ; 111.664.313,52 ; -   ; -   ; 112.046.276,55 ; -   ; -   ; 95.769.111,23 ; -   ; -   ; 118.098.623,64 ; -   ; -   ; 117.640.837,11 ; -   ; -   ; 117.713.942,15 ; -   ; -   ; 139.279.778,56 ; -   ; -   ; 145.326.662,03 ; -   ; -   ; 110.404.108,07 ; -   ; -   ; 72.012.205,05 ; -   ; -   ; 79.062.868,13 ; -   ; -   ; 14.042.750,92 ; -   ; -   ; 428.382,01 ; -   ; -   ; 13.700.451,97 ; -   ; -   ; -   ; -   ; -   ; -   ; -   ; -   ; 28.613.759,70 ; -   ; -   ; -   ; -   ; -   ; -   ; -   ; -   ; -   ; -   ; -   ; 554.030,87 ; 1.379.366,75 ; -   ; -   ; -   ; -   ; 27.788.419,09 ; -   ; -   ; 80.675.358,13 ; -   ; -   ; 79.312.697,47 ; -   ; -   ; 101.814.465,80 ; -   ; -   ; 123.628.090,09 ; -   ; -   ; 613.247,35 ; -   ; -   ; 106.806.173,82 ; -   ; -   ; 97.676.560,89 ; -   ; -   ; 104.634.349,41 ; -   ; -   ; 109.468.147,86 ; -   ; -   ; 104.649.935,47 ; -   ; -   ; 91.844.886,88 ; -   ; -   ; 91.602.302,19 ; -   ; -   ; 46.222.207,16 ; -   ; -   ; 53.544.963,32 ; -   ; -   ; 52.190.934,78 ; -   ; -   ; 48.826.177,33 ; -   ; -   ; 47.710.817,69 ; -   ; -   ; 50.864.803,66 ; -   ; -   ; 45.989.804,24 ; -   ; -   ; 29.526.763,45 ; -   ; -   ; 43.694.661,65 ; -   ; -   ; 22.898.851,22 ; -   ; -   ; 18.667.043,06 ; -   ; -   ; 25.977.577,58 ; -   ; -   ; 41.969.540,88 ; -   ; -   ; 51.800.204,54 ; -   ; -   ; 59.565.771,12 ; -   ; -   ; 48.475.511,45 ; -   ; -   ; 10.597.944,57 ; -   ; -   ; 1.113.159,04 ; -   ; -   ; -   ; -   ; -   ; -   ; -   ; -   ; -   ; -   ; -   
Dados extraídos do SIAFI;;;;;;;;;;;;;;;;;;;;;;;;;;;;;;;;;;;;;;;;;;;;;;;;;;;;;;;;;;;;;;;;;;;;;;;;;;;;;;;;;;;;;;;;;;;;;;;;;;;;;;;;;;;;;;;;;;;;;;;;;;;;;;;;;;;;;;;;;;;;;;;;;;;;;;;;;;;;;;;;;;;;;;;;;;;;;;;;;;;;;;;;;;;;;;;;;;;;;;;;;;;;;;;;;;;;;;;;;;;;;;;;;;;;;;;;;;;;;;;;;
;;;;;;;;;;;;;;;;;;;;;;;;;;;;;;;;;;;;;;;;;;;;;;;;;;;;;;;;;;;;;;;;;;;;;;;;;;;;;;;;;;;;;;;;;;;;;;;;;;;;;;;;;;;;;;;;;;;;;;;;;;;;;;;;;;;;;;;;;;;;;;;;;;;;;;;;;;;;;;;;;;;;;;;;;;;;;;;;;;;;;;;;;;;;;;;;;;;;;;;;;;;;;;;;;;;;;;;;;;;;;;;;;;;;;;;;;;;;;;;;;
;;;;;;;;;;;;;;;;;;;;;;;;;;;;;;;;;;;;;;;;;;;;;;;;;;;;;;;;;;;;;;;;;;;;;;;;;;;;;;;;;;;;;;;;;;;;;;;;;;;;;;;;;;;;;;;;;;;;;;;;;;;;;;;;;;;;;;;;;;;;;;;;;;;;;;;;;;;;;;;;;;;;;;;;;;;;;;;;;;;;;;;;;;;;;;;;;;;;;;;;;;;;;;;;;;;;;;;;;;;;;;;;;;;;;;;;;;;;;;;;;
;;;;;;;;;;;;;;;;;;;;;;;;;;;;;;;;;;;;;;;;;;;;;;;;;;;;;;;;;;;;;;;;;;;;;;;;;;;;;;;;;;;;;;;;;;;;;;;;;;;;;;;;;;;;;;;;;;;;;;;;;;;;;;;;;;;;;;;;;;;;;;;;;;;;;;;;;;;;;;;;;;;;;;;;;;;;;;;;;;;;;;;;;;;;;;;;;;;;;;;;;;;;;;;;;;;;;;;;;;;;;;;;;;;;;;;;;;;;;;;;;
;;;;;;;;;;;;;;;;;;;;;;;;;;;;;;;;;;;;;;;;;;;;;;;;;;;;;;;;;;;;;;;;;;;;;;;;;;;;;;;;;;;;;;;;;;;;;;;;;;;;;;;;;;;;;;;;;;;;;;;;;;;;;;;;;;;;;;;;;;;;;;;;;;;;;;;;;;;;;;;;;;;;;;;;;;;;;;;;;;;;;;;;;;;;;;;;;;;;;;;;;;;;;;;;;;;;;;;;;;;;;;;;;;;;;;;;;;;;;;;;;
;;;;;;;;;;;;;;;;;;;;;;;;;;;;;;;;;;;;;;;;;;;;;;;;;;;;;;;;;;;;;;;;;;;;;;;;;;;;;;;;;;;;;;;;;;;;;;;;;;;;;;;;;;;;;;;;;;;;;;;;;;;;;;;;;;;;;;;;;;;;;;;;;;;;;;;;;;;;;;;;;;;;;;;;;;;;;;;;;;;;;;;;;;;;;;;;;;;;;;;;;;;;;;;;;;;;;;;;;;;;;;;;;;;;;;;;;;;;;;;;;
;;;;;;;;;;;;;;;;;;;;;;;;;;;;;;;;;;;;;;;;;;;;;;;;;;;;;;;;;;;;;;;;;;;;;;;;;;;;;;;;;;;;;;;;;;;;;;;;;;;;;;;;;;;;;;;;;;;;;;;;;;;;;;;;;;;;;;;;;;;;;;;;;;;;;;;;;;;;;;;;;;;;;;;;;;;;;;;;;;;;;;;;;;;;;;;;;;;;;;;;;;;;;;;;;;;;;;;;;;;;;;;;;;;;;;;;;;;;;;;;;
;;;;;;;;;;;;;;;;;;;;;;;;;;;;;;;;;;;;;;;;;;;;;;;;;;;;;;;;;;;;;;;;;;;;;;;;;;;;;;;;;;;;;;;;;;;;;;;;;;;;;;;;;;;;;;;;;;;;;;;;;;;;;;;;;;;;;;;;;;;;;;;;;;;;;;;;;;;;;;;;;;;;;;;;;;;;;;;;;;;;;;;;;;;;;;;;;;;;;;;;;;;;;;;;;;;;;;;;;;;;;;;;;;;;;;;;;;;;;;;;;
;;;;;;;;;;;;;;;;;;;;;;;;;;;;;;;;;;;;;;;;;;;;;;;;;;;;;;;;;;;;;;;;;;;;;;;;;;;;;;;;;;;;;;;;;;;;;;;;;;;;;;;;;;;;;;;;;;;;;;;;;;;;;;;;;;;;;;;;;;;;;;;;;;;;;;;;;;;;;;;;;;;;;;;;;;;;;;;;;;;;;;;;;;;;;;;;;;;;;;;;;;;;;;;;;;;;;;;;;;;;;;;;;;;;;;;;;;;;;;;;;
;;;;;;;;;;;;;;;;;;;;;;;;;;;;;;;;;;;;;;;;;;;;;;;;;;;;;;;;;;;;;;;;;;;;;;;;;;;;;;;;;;;;;;;;;;;;;;;;;;;;;;;;;;;;;;;;;;;;;;;;;;;;;;;;;;;;;;;;;;;;;;;;;;;;;;;;;;;;;;;;;;;;;;;;;;;;;;;;;;;;;;;;;;;;;;;;;;;;;;;;;;;;;;;;;;;;;;;;;;;;;;;;;;;;;;;;;;;;;;;;;
;;;;;;;;;;;;;;;;;;;;;;;;;;;;;;;;;;;;;;;;;;;;;;;;;;;;;;;;;;;;;;;;;;;;;;;;;;;;;;;;;;;;;;;;;;;;;;;;;;;;;;;;;;;;;;;;;;;;;;;;;;;;;;;;;;;;;;;;;;;;;;;;;;;;;;;;;;;;;;;;;;;;;;;;;;;;;;;;;;;;;;;;;;;;;;;;;;;;;;;;;;;;;;;;;;;;;;;;;;;;;;;;;;;;;;;;;;;;;;;;;
;;;;;;;;;;;;;;;;;;;;;;;;;;;;;;;;;;;;;;;;;;;;;;;;;;;;;;;;;;;;;;;;;;;;;;;;;;;;;;;;;;;;;;;;;;;;;;;;;;;;;;;;;;;;;;;;;;;;;;;;;;;;;;;;;;;;;;;;;;;;;;;;;;;;;;;;;;;;;;;;;;;;;;;;;;;;;;;;;;;;;;;;;;;;;;;;;;;;;;;;;;;;;;;;;;;;;;;;;;;;;;;;;;;;;;;;;;;;;;;;;
;;;;;;;;;;;;;;;;;;;;;;;;;;;;;;;;;;;;;;;;;;;;;;;;;;;;;;;;;;;;;;;;;;;;;;;;;;;;;;;;;;;;;;;;;;;;;;;;;;;;;;;;;;;;;;;;;;;;;;;;;;;;;;;;;;;;;;;;;;;;;;;;;;;;;;;;;;;;;;;;;;;;;;;;;;;;;;;;;;;;;;;;;;;;;;;;;;;;;;;;;;;;;;;;;;;;;;;;;;;;;;;;;;;;;;;;;;;;;;;;;
;;;;;;;;;;;;;;;;;;;;;;;;;;;;;;;;;;;;;;;;;;;;;;;;;;;;;;;;;;;;;;;;;;;;;;;;;;;;;;;;;;;;;;;;;;;;;;;;;;;;;;;;;;;;;;;;;;;;;;;;;;;;;;;;;;;;;;;;;;;;;;;;;;;;;;;;;;;;;;;;;;;;;;;;;;;;;;;;;;;;;;;;;;;;;;;;;;;;;;;;;;;;;;;;;;;;;;;;;;;;;;;;;;;;;;;;;;;;;;;;;
;;;;;;;;;;;;;;;;;;;;;;;;;;;;;;;;;;;;;;;;;;;;;;;;;;;;;;;;;;;;;;;;;;;;;;;;;;;;;;;;;;;;;;;;;;;;;;;;;;;;;;;;;;;;;;;;;;;;;;;;;;;;;;;;;;;;;;;;;;;;;;;;;;;;;;;;;;;;;;;;;;;;;;;;;;;;;;;;;;;;;;;;;;;;;;;;;;;;;;;;;;;;;;;;;;;;;;;;;;;;;;;;;;;;;;;;;;;;;;;;;
;;;;;;;;;;;;;;;;;;;;;;;;;;;;;;;;;;;;;;;;;;;;;;;;;;;;;;;;;;;;;;;;;;;;;;;;;;;;;;;;;;;;;;;;;;;;;;;;;;;;;;;;;;;;;;;;;;;;;;;;;;;;;;;;;;;;;;;;;;;;;;;;;;;;;;;;;;;;;;;;;;;;;;;;;;;;;;;;;;;;;;;;;;;;;;;;;;;;;;;;;;;;;;;;;;;;;;;;;;;;;;;;;;;;;;;;;;;;;;;;;
;;;;;;;;;;;;;;;;;;;;;;;;;;;;;;;;;;;;;;;;;;;;;;;;;;;;;;;;;;;;;;;;;;;;;;;;;;;;;;;;;;;;;;;;;;;;;;;;;;;;;;;;;;;;;;;;;;;;;;;;;;;;;;;;;;;;;;;;;;;;;;;;;;;;;;;;;;;;;;;;;;;;;;;;;;;;;;;;;;;;;;;;;;;;;;;;;;;;;;;;;;;;;;;;;;;;;;;;;;;;;;;;;;;;;;;;;;;;;;;;;
