MINISTÉRIO DA FAZENDA - MF;;;;;;;;;;;;;;;;;;;;;;;;;;;;;;;;;;;;;;;;;;;;;;;;;;;;;;;;;;;;;;;;;;;;;;;;;;;;;;;;;;;;;;;;;;;;;;;;;;;;;;;;;;;;;;;;;;;;;;;;;;;;;;;;;;;;;;;;;;;;;;;;;;;;;;;;;;;;;;;;;;;;;;;;;;;;;;;;;;;;;;;;;;;;;;;;;;;;;;;;;;;;;;;;;;;;;;;;;;;;;;;;;;;;;;;;;;;;;;;;;;;;;;;;;;;;;;;;;;;;;;;;;;;;;;;;;;;;;;;;;;;;;;;;;;;;;;;;;;;;;;;;;;;;;;;;;;;;;;;;;;;;;;;;;;;;;;;;;;;;;;;;;;;;;;;;;;;;;;;;;;;;;;;;;;;;;;;;;;;;;;;;;;;;;;;;;;;;;
SECRETARIA DO TESOURO NACIONAL - STN;;;;;;;;;;;;;;;;;;;;;;;;;;;;;;;;;;;;;;;;;;;;;;;;;;;;;;;;;;;;;;;;;;;;;;;;;;;;;;;;;;;;;;;;;;;;;;;;;;;;;;;;;;;;;;;;;;;;;;;;;;;;;;;;;;;;;;;;;;;;;;;;;;;;;;;;;;;;;;;;;;;;;;;;;;;;;;;;;;;;;;;;;;;;;;;;;;;;;;;;;;;;;;;;;;;;;;;;;;;;;;;;;;;;;;;;;;;;;;;;;;;;;;;;;;;;;;;;;;;;;;;;;;;;;;;;;;;;;;;;;;;;;;;;;;;;;;;;;;;;;;;;;;;;;;;;;;;;;;;;;;;;;;;;;;;;;;;;;;;;;;;;;;;;;;;;;;;;;;;;;;;;;;;;;;;;;;;;;;;;;;;;;;;;;;;;;;;;;
COORDENAÇÃO-GERAL DE ANÁLISE E INFORMAÇÕES DAS TRANSFERÊNCIAS FINANCEIRAS INTERGOVERNAMENTAIS - COINT;;;;;;;;;;;;;;;;;;;;;;;;;;;;;;;;;;;;;;;;;;;;;;;;;;;;;;;;;;;;;;;;;;;;;;;;;;;;;;;;;;;;;;;;;;;;;;;;;;;;;;;;;;;;;;;;;;;;;;;;;;;;;;;;;;;;;;;;;;;;;;;;;;;;;;;;;;;;;;;;;;;;;;;;;;;;;;;;;;;;;;;;;;;;;;;;;;;;;;;;;;;;;;;;;;;;;;;;;;;;;;;;;;;;;;;;;;;;;;;;;;;;;;;;;;;;;;;;;;;;;;;;;;;;;;;;;;;;;;;;;;;;;;;;;;;;;;;;;;;;;;;;;;;;;;;;;;;;;;;;;;;;;;;;;;;;;;;;;;;;;;;;;;;;;;;;;;;;;;;;;;;;;;;;;;;;;;;;;;;;;;;;;;;;;;;;;;;;;
;;;;;;;;;;;;;;;;;;;;;;;;;;;;;;;;;;;;;;;;;;;;;;;;;;;;;;;;;;;;;;;;;;;;;;;;;;;;;;;;;;;;;;;;;;;;;;;;;;;;;;;;;;;;;;;;;;;;;;;;;;;;;;;;;;;;;;;;;;;;;;;;;;;;;;;;;;;;;;;;;;;;;;;;;;;;;;;;;;;;;;;;;;;;;;;;;;;;;;;;;;;;;;;;;;;;;;;;;;;;;;;;;;;;;;;;;;;;;;;;;;;;;;;;;;;;;;;;;;;;;;;;;;;;;;;;;;;;;;;;;;;;;;;;;;;;;;;;;;;;;;;;;;;;;;;;;;;;;;;;;;;;;;;;;;;;;;;;;;;;;;;;;;;;;;;;;;;;;;;;;;;;;;;;;;;;;;;;;;;;;;;;;;;;;;;;;;;;;
;;;;;;;;;;;;;;;;;;;;;;;;;;;;;;;;;;;;;;;;;;;;;;;;;;;;;;;;;;;;;;;;;;;;;;;;;;;;;;;;;;;;;;;;;;;;;;;;;;;;;;;;;;;;;;;;;;;;;;;;;;;;;;;;;;;;;;;;;;;;;;;;;;;;;;;;;;;;;;;;;;;;;;;;;;;;;;;;;;;;;;;;;;;;;;;;;;;;;;;;;;;;;;;;;;;;;;;;;;;;;;;;;;;;;;;;;;;;;;;;;;;;;;;;;;;;;;;;;;;;;;;;;;;;;;;;;;;;;;;;;;;;;;;;;;;;;;;;;;;;;;;;;;;;;;;;;;;;;;;;;;;;;;;;;;;;;;;;;;;;;;;;;;;;;;;;;;;;;;;;;;;;;;;;;;;;;;;;;;;;;;;;;;;;;;;;;;;;;
;;;;;;;;;;;;;;;;;;;;;;;;;;;;;;;;;;;;;;;;;;;;;;;;;;;;;;;;;;;;;;;;;;;;;;;;;;;;;;;;;;;;;;;;;;;;;;;;;;;;;;;;;;;;;;;;;;;;;;;;;;;;;;;;;;;;;;;;;;;;;;;;;;;;;;;;;;;;;;;;;;;;;;;;;;;;;;;;;;;;;;;;;;;;;;;;;;;;;;;;;;;;;;;;;;;;;;;;;;;;;;;;;;;;;;;;;;;;;;;;;;;;;;;;;;;;;;;;;;;;;;;;;;;;;;;;;;;;;;;;;;;;;;;;;;;;;;;;;;;;;;;;;;;;;;;;;;;;;;;;;;;;;;;;;;;;;;;;;;;;;;;;;;;;;;;;;;;;;;;;;;;;;;;;;;;;;;;;;;;;;;;;;;;;;;;;;;;;;
;;;;;;;;;;;;;;;;;;;;;;;;;;;;;;;;;;;;;;;;;;;;;;;;;;;;;;;;;;;;;;;;;;;;;;;;;;;;;;;;;;;;;;;;;;;;;;;;;;;;;;;;;;;;;;;;;;;;;;;;;;;;;;;;;;;;;;;;;;;;;;;;;;;;;;;;;;;;;;;;;;;;;;;;;;;;;;;;;;;;;;;;;;;;;;;;;;;;;;;;;;;;;;;;;;;;;;;;;;;;;;;;;;;;;;;;;;;;;;;;;;;;;;;;;;;;;;;;;;;;;;;;;;;;;;;;;;;;;;;;;;;;;;;;;;;;;;;;;;;;;;;;;;;;;;;;;;;;;;;;;;;;;;;;;;;;;;;;;;;;;;;;;;;;;;;;;;;;;;;;;;;;;;;;;;;;;;;;;;;;;;;;;;;;;;;;;;;;;
ESTADOS;UF;janeiro/91;fevereiro/91;março/91;abril/91;maio/91;junho/91;julho/91;agosto/91;setembro/91;outubro/91;novembro/91;dezembro/91;janeiro/92;fevereiro/92;março/92;abril/92;maio/92;junho/92;julho/92;agosto/92;setembro/92;outubro/92;novembro/92;dezembro/92;janeiro/93;fevereiro/93;março/93;abril/93;maio/93;junho/93;julho/93;agosto/93;setembro/93;outubro/93;novembro/93;dezembro/93;janeiro/94;fevereiro/94;março/94;abril/94;maio/94;junho/94;julho/94;agosto/94;setembro/94;outubro/94;novembro/94;dezembro/94;janeiro/95;fevereiro/95;março/95;abril/95;maio/95;junho/95;julho/95;agosto/95;setembro/95;outubro/95;novembro/95;dezembro/95;janeiro/96;fevereiro/96;março/96;abril/96;maio/96;junho/96;julho/96;agosto/96;setembro/96;outubro/96;novembro/96;dezembro/96;janeiro/97;fevereiro/97;março/97;abril/97;maio/97;junho/97;julho/97;agosto/97;setembro/97;outubro/97;novembro/97;dezembro/97;janeiro/98;fevereiro/98;março/98;abril/98;maio/98;junho/98;julho/98;agosto/98;setembro/98;outubro/98;novembro/98;dezembro/98;janeiro/99;fevereiro/99;março/99;abril/99;maio/99;junho/99;julho/99;agosto/99;setembro/99;outubro/99;novembro/99;dezembro/99;janeiro/00;fevereiro/00;março/00;abril/00;maio/00;junho/00;julho/00;agosto/00;setembro/00;outubro/00;novembro/00;dezembro/00;janeiro/01;fevereiro/01;março/01;abril/01;maio/01;junho/01;julho/01;agosto/01;setembro/01;outubro/01;novembro/01;dezembro/01;janeiro/02;fevereiro/02;março/02;abril/02;maio/02;junho/02;julho/02;agosto/02;setembro/02;outubro/02;novembro/02;dezembro/02;janeiro/03;fevereiro/03;março/03;abril/03;maio/03;junho/03;julho/03;agosto/03;setembro/03;outubro/03;novembro/03;dezembro/03;janeiro/04;fevereiro/04;março/04;abril/04;maio/04;junho/04;julho/04;agosto/04;setembro/04;outubro/04;novembro/04;dezembro/04;janeiro/05;fevereiro/05;março/05;abril/05;maio/05;junho/05;julho/05;agosto/05;setembro/05;outubro/05;novembro/05;dezembro/05;janeiro/06;fevereiro/06;março/06;abril/06;maio/06;junho/06;julho/06;agosto/06;setembro/06;outubro/06;novembro/06;dezembro/06;janeiro/07;fevereiro/07;março/07;abril/07;maio/07;junho/07;julho/07;agosto/07;setembro/07;outubro/07;novembro/07;dezembro/07;janeiro/08;fevereiro/08;março/08;abril/08;maio/08;junho/08;julho/08;agosto/08;setembro/08;outubro/08;novembro/08;dezembro/08;janeiro/09;fevereiro/09;março/09;abril/09;maio/09;junho/09;julho/09;agosto/09;setembro/09;outubro/09;novembro/09;dezembro/09;janeiro/10;fevereiro/10;março/10;abril/10;maio/10;junho/10;julho/10;agosto/10;setembro/10;outubro/10;novembro/10;dezembro/10;janeiro/11;fevereiro/11;março/11;abril/11;maio/11;junho/11;julho/11;agosto/11;setembro/11;outubro/11;novembro/11;dezembro/11;janeiro/12;fevereiro/12;março/12;abril/12;maio/12;junho/12;julho/12;agosto/12;setembro/12;outubro/12;novembro/12;dezembro/12;janeiro/13;fevereiro/13;março/13;abril/13;maio/13;junho/13;julho/13;agosto/13;setembro/13;outubro/13;novembro/13;dezembro/13;janeiro/14;fevereiro/14;março/14;abril/14;maio/14;junho/14;julho/14;agosto/14;setembro/14;outubro/14;novembro/14;dezembro/14;janeiro/15;fevereiro/15;março/15;abril/15;maio/15;junho/15;julho/15;agosto/15;setembro/15;outubro/15;novembro/15;dezembro/15;janeiro/16;fevereiro/16;março/16;abril/16;maio/16;junho/16;julho/16;agosto/16;setembro/16;outubro/16;novembro/16;dezembro/16;janeiro/17;fevereiro/17;março/17;abril/17;maio/17;junho/17;julho/17;agosto/17;setembro/17;outubro/17;novembro/17;dezembro/17;janeiro/18;fevereiro/18;março/18;abril/18;maio/18;junho/18;julho/18;agosto/18;setembro/18;outubro/18;novembro/18;dezembro/18;janeiro/19;fevereiro/19;março/19;abril/19;maio/19;junho/19;julho/19;agosto/19;setembro/19;outubro/19;novembro/19;dezembro/19;janeiro/20;fevereiro/20;março/20;abril/20;maio/20;junho/20;julho/20;agosto/20;setembro/20;outubro/20;novembro/20;dezembro/20;janeiro/21;fevereiro/21;março/21;abril/21;maio/21;junho/21;julho/21;agosto/21;setembro/21;outubro/21;novembro/21;dezembro/21;janeiro/22;fevereiro/22;março/22;abril/22;maio/22;junho/22;julho/22;agosto/22;setembro/22;outubro/22;novembro/22;dezembro/22;janeiro/23;fevereiro/23;março/23;abril/23;maio/23;junho/23;julho/23;agosto/23;setembro/23;outubro/23;novembro/23;dezembro/23
;;;;;;;;;;;;;;;;;;;;;;;;;;;;;;;;;;;;;;;;;;;;;;;;;;;;;;;;;;;;;;;;;;;;;;;;;;;;;;;;;;;;;;;;;;;;;;;;;;;;;;;;;;;;;;;;;;;;;;;;;;;;;;;;;;;;;;;;;;;;;;;;;;;;;;;;;;;;;;;;;;;;;;;;;;;;;;;;;;;;;;;;;;;;;;;;;;;;;;;;;;;;;;;;;;;;;;;;;;;;;;;;;;;;;;;;;;;;;;;;;;;;;;;;;;;;;;;;;;;;;;;;;;;;;;;;;;;;;;;;;;;;;;;;;;;;;;;;;;;;;;;;;;;;;;;;;;;;;;;;;;;;;;;;;;;;;;;;;;;;;;;;;;;;;;;;;;;;;;;;;;;;;;;;;;;;;;;;;;;;;;;;;;;;;;;;;;;;;
Acre;AC;0,00;0,00;0,00;0,00;0,00;0,00;0,00;436.902,99;0,00;0,00;0,00;0,00;0,00;0,00;0,00;0,00;0,00;53,92;0,00;0,00;0,00;0,00;0,00;0,00;0,00;0,00;0,00;0,00;0,00;0,00;0,00;0,00;0,00;0,00;0,00;0,00;0,00;0,00;0,00;0,00;0,00;0,00;0,00;0,00;0,00;0,00;0,00;0,00;0,00;0,00;0,00;0,00;0,00;0,00;0,00;0,00;0,00;2.775,17;0,00;0,00;0,00;0,00;0,00;0,00;0,00;0,00;0,00;0,00;0,00;0,00;0,00;0,00;0,00;0,00;0,00;0,00;0,00;0,00;0,00;0,00;0,00;0,00;0,00;0,00;0,00;0,00;0,00;0,00;0,00;0,00;0,00;0,00;0,00;0,00;0,00;0,00; ;0,00;0,00;0,00;0,00;0,00;0,00; -   ;0,00;0,00;0,00;0,00;0,00;0,00;0,00;0,00;0,00;0,00;0,00;0,00;0,00;0,00;0,00;0,00;0,00;0,00;0,00;0,00;0,00;0,00;0,00;0,00;0,00;0,00;0,00;0,00;0,00;0,00;0,00;0,00;0,00;0,00;0,00;0,00;0,00;0,00;0,00;0,00;0,00;0,00;0,00;0,00;0,00;0,00;0,00;0,00;0,00;0,00;0,00;0,00;0,00;0,00;0,00;0,00;0,00;0,00;0,00;0,00;0,00;0,00;0,00;0,00; -   ; -   ; -   ; -   ; -   ; -   ; -   ; -   ; -   ; -   ; -   ; -   ; -   ; -   ; -   ; -   ; -   ; -   ; -   ; -   ; -   ; -   ; -   ; -   ; -   ; -   ; -   ; -   ; -   ; -   ; -   ; -   ; -   ; -   ; -   ; -   ; 132,26 ; -   ; -   ; -   ; -   ; -   ; -   ; -   ; -   ; -   ; -   ; -   ; 157,65 ; -   ; -   ; -   ; -   ; -   ; -   ; -   ; -   ; -   ; -   ; -   ; -   ; -   ; -   ; -   ; -   ; -   ; -   ; -   ; -   ; -   ; -   ; -   ; 82,06 ; -   ; -   ; -   ; -   ; -   ; -   ; -   ; -   ; -   ; -   ; -   ; -   ; -   ; -   ; -   ; -   ; -   ; -   ; -   ; -   ; -   ; -   ; -   ; -   ; 240,38 ; 126,53 ; -   ; -   ; -   ; -   ; 308,07 ; -   ; -   ; -   ; -   ; -   ; -   ; -   ; -   ; -   ; -   ; 31,27 ; -   ; -   ; -   ; -   ; -   ; -   ; -   ; -   ; -   ; -   ; -   ; -   ; -   ; -   ; -   ; -   ; -   ; -   ; -   ; -   ; -   ; -   ; -   ; -   ; -   ; -   ; -   ; -   ; -   ; -   ; -   ; -   ; -   ; -   ; -   ; -   ; -   ; -   ; -   ; -   ; -   ; -   ; -   ; -   ; -   ; -   ; -   ; -   ; -   ; -   ; -   ; -   ; -   ; -   ; -   ; -   ; -   ; -   ; -   ; -   ; -   ; -   ; -   ; -   ; -   ; -   ; -   ; -   ; -   ; -   ; -   ; -   ; -   ; -   ; -   ; -   ; -   ; -   ; -   ; -   ; -   ; -   ; -   ; -   ; -   ; -   ; -   ; -   ; -   ; -   ; -   ; -   ; -   ; -   ; -   ; -   ; -   ; -   ; -   ; -   ; -   ; -   ; -   ; -   ; -   ; -   ; -   ; -   ; -   ; -   ; -   ; -   ; -   
Alagoas;AL;0,00;0,00;0,00;0,00;0,00;0,00;0,00;0,00;0,00;0,00;0,00;0,00;0,00;0,00;0,00;0,00;0,00;0,00;0,00;0,00;0,00;0,00;0,00;0,00;0,00;0,00;0,00;0,00;0,00;0,00;0,00;0,00;0,00;0,00;0,00;0,00;0,00;0,00;0,00;0,00;0,00;0,00;0,00;0,00;0,00;0,00;0,00;0,00;0,00;0,00;0,00;0,00;0,00;0,00;0,00;0,00;0,00;0,00;0,00;0,00;0,00;0,00;0,00;0,00;0,00;0,00;0,00;0,00;0,00;0,00;0,00;14,14;0,00;0,00;0,00;0,00;0,00;0,00;0,00;0,00;0,00;0,00;0,00;0,00;0,00;0,00;0,00;0,00;0,00;0,00;0,00;0,00;0,00;0,00;0,00;0,00;0,00;0,00;0,00;0,00;0,00;0,00;0,00; -   ;0,00;0,00;0,00;0,00;0,00;0,00;0,00;0,00;0,00;0,00;0,00;0,00;0,00;0,00;0,00;0,00;0,00;0,00;0,00;0,00;0,00;0,00;0,00;0,00;0,00;0,00;0,00;0,00;0,00;0,00;0,00;0,00;0,00;0,00;0,00;0,00;0,00;0,00;0,00;0,00;0,00;0,00;0,00;0,00;0,00;0,00;0,00;0,00;0,00;0,00;0,00;0,00;0,00;0,00;0,00;0,00;0,00;0,00;0,00;0,00;0,00;0,00;0,00;0,00; -   ; -   ; -   ; -   ; -   ; -   ; -   ; -   ; -   ; -   ; -   ; -   ; -   ; -   ; -   ; -   ; -   ; -   ; -   ; -   ; -   ; -   ; -   ; -   ; -   ; -   ; -   ; -   ; -   ; -   ; -   ; -   ; -   ; -   ; -   ; -   ; -   ; -   ; -   ; -   ; -   ; -   ; -   ; -   ; -   ; -   ; -   ; -   ; -   ; -   ; -   ; -   ; -   ; -   ; -   ; -   ; -   ; -   ; -   ; -   ; -   ; -   ; -   ; -   ; -   ; -   ; -   ; -   ; -   ; -   ; -   ; -   ; -   ; -   ; -   ; -   ; -   ; -   ; -   ; -   ; -   ; 193,46 ; -   ; -   ; -   ; -   ; -   ; -   ; -   ; 30,75 ; -   ; -   ; -   ; -   ; -   ; -   ; -   ; -   ; -   ; 39,00 ; -   ; -   ; -   ; -   ; -   ; -   ; -   ; -   ; -   ; -   ; -   ; -   ; -   ; -   ; -   ; -   ; -   ; -   ; -   ; -   ; -   ; -   ; -   ; -   ; -   ; -   ; -   ; -   ; -   ; -   ; -   ; -   ; -   ; -   ; -   ; -   ; -   ; -   ; -   ; -   ; -   ; -   ; -   ; -   ; -   ; -   ; -   ; -   ; -   ; -   ; -   ; -   ; -   ; -   ; -   ; -   ; -   ; -   ; -   ; -   ; -   ; -   ; -   ; -   ; -   ; -   ; -   ; -   ; -   ; -   ; -   ; -   ; -   ; -   ; -   ; -   ; -   ; -   ; -   ; -   ; -   ; -   ; -   ; -   ; -   ; -   ; -   ; -   ; -   ; -   ; -   ; -   ; -   ; -   ; -   ; -   ; -   ; -   ; -   ; -   ; -   ; -   ; -   ; -   ; -   ; -   ; -   ; -   ; -   ; -   ; -   ; -   ; -   ; -   ; -   ; -   ; -   ; -   ; -   ; -   ; -   ; -   ; -   ; -   ; -   ; -   ; -   ; -   
Amazonas;AM;189.519,30;0,00;592.869,06;269.158,22;0,00;269.830,75;324.944,80;376.883,96;0,00;163.315,95;203.566,20;1.603.564,83;1.019.427,94;1.096.828,50;1.314.490,34;605.811,05;869.647,11;4.130.296,61;2.084.580,86;4.140.077,61;4.393.947,42;6.262.172,33;26.058.358,27;32.165.941,58;45.583,77;13.404,24;86.303,89;28.925,10;180.898,13;164.756,11;250.042,08;355.587,25;285.178,21;424.131,27;350.082,15;453.926,30;226,44;476,62;357,72;279,40;787,15;1.017,85;556,36;1.791,83;564,87;1.806,58;1.464,59;1.844,70;3.519,46;836,46;2.744,63;867,93;981,11;520,98;3.345,03;2.103,85;1.064,85;2.199,95;1.146,83;1.145,63;2.259,38;2.930,60;2.458,79;2.589,91;2.048,67;1.913,30;2.595,84;1.075,29;1.248,23;1.483,79;1.028,80;1.059,29;2.048,74;1.081,51;1.417,40;1.097,07;866,09;0,00;2.924,96;1.153,53;1.122,49;1.457,21;376,31;1.075,56;181,26;623,70;511,00;523,39;537,29;198,23;160,54;151,98;31,71;0,00;0,00;0,00;0,00;0,00;0,00;0,00;0,00;0,00;1.485,78; 1.085,10 ;1.005,63;1.063,93;1.641,03;0,00;1.053,22;363,51;595,85;0,00;0,00;0,00;1.066,63;0,00;150,00;180,00;232,28;174,82;0,00;0,00;0,00;0,00;0,00;199,56;455,92;453,46;0,00;807,00;0,00;0,00;640,07;75,00;247,24;1.008,80;1.546,05;469,84;0,00;3.174,14;0,00;0,00;9.179,91;0,00;14.882,79;4.926,05;6.599,45;4.806,34;2.273,15;607,55;0,00;0,00;0,00;0,00;0,00;7.771,52;13.767,10;2.507,28;2.531,36;901,81;0,00;0,00;0,00;11.150,67;2.980,64;2.441,71;3.744,98;4.196,04; 3.103,68 ; 4.178,15 ; 3.043,08 ; 2.101,78 ; 1.641,79 ; 2.387,76 ; 1.035,99 ; 2.352,93 ; 1.330,46 ; 824,88 ; 1.149,98 ; 933,28 ; 499,68 ; 1.403,64 ; 2.243,57 ; 586,43 ; 978,33 ; 1.927,81 ; 1.431,93 ; 570,75 ; 660,95 ; 539,48 ; 1.621,32 ; 1.703,11 ; 1.282,50 ; 4.276,95 ; 10.244,90 ; 5.769,73 ; 5.882,48 ; 2.564,79 ; 3.484,13 ; 4.362,09 ; 440,46 ; 3.362,08 ; 1.611,36 ; 2.066,11 ; 3.233,58 ; 1.635,05 ; 638,29 ; 2.265,27 ; 679,62 ; 1.039,72 ; 992,13 ; 1.847,42 ; 1.656,28 ; 3.886,51 ; 3.972,29 ; 2.962,40 ; 3.213,46 ; -   ; 12.010,44 ; 5.443,64 ; 1.726,13 ; 1.113,83 ; 1.069,26 ; 913,90 ; 1.103,30 ; 1.707,85 ; 1.492,66 ; 1.489,05 ; 2.068,05 ; 397,47 ; 760,01 ; 1.131,79 ; 1.311,49 ; 585,94 ; 34,50 ; 377,19 ; 2.871,63 ; 6.130,80 ; 969,51 ; 5.415,65 ; 8.711,77 ; 3.437,37 ; 2.355,88 ; 2.540,26 ; 1.656,28 ; 1.100,83 ; 586,65 ; 934,70 ; 1.043,49 ; 1.466,57 ; 1.344,46 ; 2.040,48 ; 1.734,27 ; 438,70 ; 9,08 ; -   ; 14,69 ; 30,58 ; 78,73 ; 162,42 ; 1.653,35 ; 5.042,97 ; 1.224,33 ; 4.461,75 ; 1.767,95 ; 1.350,85 ; 2.075,94 ; 2.066,38 ; 2.582,50 ; 3.507,23 ; 2.318,20 ; 6.205,02 ; 4.709,14 ; 14.941,26 ; 1.318,24 ; 15.425,24 ; 8.168,54 ; 6.872,91 ; 8.327,63 ; 5.572,64 ; 5.893,98 ; 4.985,49 ; 5.488,37 ; 4.373,21 ; 5.318,71 ; 2.139,72 ; 2.697,47 ; 1.948,50 ; 2.371,46 ; 1.413,14 ; 4.603,19 ; 2.823,99 ; 3.105,13 ; 1.948,99 ; 2.243,21 ; 2.218,20 ; -   ; -   ; -   ; 16.459,57 ; 6.737,80 ; 6.203,91 ; 10.100,64 ; 1.405,48 ; -   ; -   ; -   ; -   ; -   ; -   ; -   ; 49.500,17 ; 4.214,56 ; 3.274,33 ; 189,00 ; -   ; -   ; 37,62 ; 83,53 ; 353,69 ; 1.147,13 ; 486,20 ; 1.557,15 ; 770,63 ; 242,24 ; -   ; -   ; -   ; -   ; 1.456,88 ; -   ; -   ; -   ; -   ; -   ; -   ; -   ; -   ; -   ; -   ; -   ; -   ; -   ; -   ; -   ; -   ; -   ; -   ; 31,82 ; -   ; -   ; 4.221,08 ; 11.580,26 ; 12.033,35 ; 13.369,89 ; 8.017,02 ; 12.094,23 ; 7.984,72 ; 6.346,70 ; 7.334,14 ; 7.978,72 ; 11.679,87 ; 3.641,85 ; 16.144,34 ; 15.299,16 ; 18.874,44 ; 13.875,29 ; 15.991,55 ; 13.843,91 ; 8.996,46 ; 15.441,45 ; 12.878,79 ; 15.338,08 ; 16.704,26 ; 18.201,09 ; 7.641,98 ; 20.500,50 ; 19.388,70 ; 25.234,08 ; 23.229,93 ; 10.578,69 ; 12.045,34 ; 7.082,51 ; 11.415,63 ; 9.415,51 ; 8.193,68 ; 10.558,84 ; 15.708,12 ; 12.315,25 ; 993,29 ; 5.593,53 ; 5.022,57 ; 6.544,75 ; -   ; -   ; -   
Amapá;AP;757.585,86;0,00;4.341.853,06;2.146.580,87;0,00;1.537.992,76;1.790.253,65;5.858.043,65;0,00;6.237.615,45;4.516.991,00;12.190.622,18;13.487.603,65;14.941.710,86;20.367.477,26;23.007.536,06;0,00;73.229.734,86;-2.019.847,90;51.548.576,74;103.868.908,43;69.401.126,78;71.249.899,07;158.259.965,63;200.501,89;153.492,03;216.141,92;11.627,31;957.450,60;589.092,30;756.616,49;1.581.881,26;1.360.752,69;1.807.930,33;1.956.304,63;3.527.467,22;2.463,22;3.534,78;2.042,17;1.367,46;7.313,01;5.946,44;2.640,87;9.795,95;4.123,55;5.044,42;4.556,81;4.340,63;5.897,08;1.947,75;3.992,46;2.447,44;3.385,07;9.303,86;2.003,93;3.564,80;2.614,06;4.274,09;3.638,55;5.060,24;3.491,41;7.965,64;4.110,68;5.812,94;3.405,51;2.727,89;8.472,77;3.126,77;7.092,01;7.303,54;4.138,43;6.478,39;9.703,20;1.714,72;4.639,67;2.937,50;835,71;0,00;10.009,05;3.778,59;3.403,60;3.557,28;1.785,72;2.575,91;4.582,02;2.458,61;926,35;67,38;221,93;164,61;514,80;828,65;1.531,19;153,85;73,51;59,80;904,44;106,09;915,34;49,46;1.366,19;464,08;265,17; 1.125,73 ;2.974,22;4.006,03;1.806,45;2.843,66;3.041,92;1.761,27;1.509,11;1.553,10;1.119,43;3.032,35;6.312,40;6.371,33;1.550,26;12.632,80;3.846,28;6.664,79;5.299,78;0,00;0,00;0,00;3.246,65;7.187,50;9.143,25;19.782,84;12.168,67;20.658,97;0,00;0,00;44.348,45;13.336,31;16.550,32;20.975,47;12.623,05;4.235,43;0,00;29.793,54;0,00;0,00;75.196,80;0,00;110.785,58;26.313,87;31.282,78;21.719,20;13.227,11;6.760,35;0,00;0,00;0,00;0,00;0,00;67.814,48;132.363,95;19.295,20;40.375,31;16.262,82;0,00;0,00;0,00;107.725,40;32.055,08;22.734,73;31.036,71;26.903,77; 18.037,37 ; 12.080,44 ; 16.175,49 ; 10.357,03 ; 5.078,72 ; 9.772,04 ; 8.787,76 ; 11.972,63 ; 12.645,57 ; 13.215,70 ; 14.006,82 ; 12.453,32 ; 16.232,44 ; 14.177,81 ; 13.148,72 ; 8.071,18 ; 13.426,88 ; 12.607,60 ; 14.322,68 ; 17.853,61 ; 14.208,01 ; 11.289,13 ; 11.859,01 ; 15.211,91 ; 16.663,22 ; 8.960,10 ; 7.027,74 ; 10.075,97 ; 11.322,78 ; 14.373,13 ; 10.380,39 ; 22.775,54 ; 4.251,60 ; 19.004,74 ; 13.471,58 ; 10.989,89 ; 21.095,70 ; 6.268,79 ; 8.235,54 ; 14.021,65 ; 9.332,21 ; 7.225,15 ; 13.550,34 ; 15.596,12 ; 10.643,02 ; 13.381,07 ; 14.769,35 ; 16.597,68 ; 19.625,73 ; -   ; 45.740,17 ; 25.396,80 ; 11.042,31 ; 18.160,84 ; 15.856,94 ; 11.593,48 ; 10.627,02 ; 13.455,08 ; 12.067,87 ; 11.140,32 ; 14.253,79 ; 11.275,79 ; 16.389,88 ; 8.744,21 ; 3.952,82 ; 6.838,57 ; 3.724,58 ; 122,28 ; 210,91 ; 3.196,75 ; 471,57 ; 1.580,85 ; 4.727,21 ; 1.772,39 ; 2.099,52 ; 3.062,73 ; 1.890,27 ; 2.200,88 ; 3.668,17 ; 5.592,91 ; 6.496,71 ; 8.023,95 ; 5.471,82 ; 10.692,12 ; 7.942,60 ; 5.282,85 ; 4.286,37 ; 6.375,96 ; 8.242,95 ; 10.411,08 ; 7.501,60 ; 12.167,48 ; 6.821,59 ; 6.536,13 ; 1.692,80 ; 7.742,73 ; 6.771,32 ; 12.704,16 ; 6.578,14 ; 9.488,48 ; 4.800,61 ; 4.348,86 ; 5.850,79 ; 6.260,77 ; 6.207,22 ; 8.159,13 ; 1.077,62 ; 13.475,64 ; 8.826,39 ; 6.394,38 ; 6.835,42 ; 6.868,81 ; 4.228,72 ; 4.797,32 ; 5.882,50 ; 7.849,92 ; 9.062,48 ; 11.735,40 ; 7.346,63 ; 4.315,26 ; 15.953,32 ; 5.641,96 ; 13.765,62 ; 9.646,62 ; 8.766,69 ; 9.368,86 ; 11.123,24 ; 9.740,26 ; -   ; -   ; -   ; 52.573,64 ; 23.934,09 ; 10.966,37 ; 14.049,96 ; 3.850,41 ; -   ; -   ; -   ; -   ; -   ; -   ; -   ; 94.173,08 ; 9.583,98 ; 11.734,92 ; 4.913,41 ; 4.998,65 ; 4.340,60 ; 5.362,52 ; 5.543,81 ; 6.310,87 ; 5.363,69 ; 4.674,64 ; 4.341,64 ; 4.265,54 ; 10.260,97 ; 5.475,53 ; 1.459,37 ; 4.286,46 ; 6.742,49 ; 4.057,22 ; 5.078,68 ; 4.107,84 ; 4.611,45 ; 3.382,47 ; 5.699,25 ; 4.430,68 ; 4.635,54 ; 3.862,30 ; 5.294,35 ; 9.383,80 ; 7.926,48 ; 5.294,30 ; 11.829,21 ; 9.856,86 ; 13.854,20 ; 9.239,21 ; 11.276,70 ; 10.563,99 ; 15.435,88 ; 10.211,63 ; 8.174,53 ; 4.809,62 ; 10.543,12 ; 9.771,40 ; 15.276,04 ; 1.709,97 ; -   ; -   ; -   ; -   ; -   ; -   ; 1.683,57 ; -   ; -   ; -   ; -   ; 2.394,91 ; 6.568,34 ; 7.614,72 ; 8.493,02 ; 11.042,81 ; 12.045,96 ; 5.880,56 ; 1.341,88 ; 380,32 ; 994,50 ; 537,24 ; 1.596,33 ; 1.013,27 ; 1.302,80 ; 666,02 ; 1.451,86 ; 822,95 ; 1.829,61 ; 411,00 ; 519,14 ; 2.658,41 ; 1.485,31 ; 2.802,52 ; 1.887,89 ; 3.349,06 ; 2.136,44 ; -   ; -   ; -   
Bahia;BA;396.266,54;0,00;3.873.534,30;1.143.376,98;0,00;5.178.998,78;5.379.446,48;8.801.075,68;0,00;15.190.387,65;16.560.544,90;14.570.657,33;24.472.095,08;37.522.190,02;53.449.707,30;31.746.034,77;0,00;130.726.085,72;11.552.836,02;52.798.858,56;83.264.303,80;51.873.851,43;298.120.948,94;176.766.104,30;431.768,73;190.375,36;546.258,07;0,00;1.106.459,64;370.695,83;1.841.216,40;2.257.411,26;885.351,11;1.877.799,33;3.305.497,84;5.987.912,94;2.798,75;3.423,92;2.645,87;2.424,91;10.602,85;10.234,19;10.710,74;4.016,80;1.588,98;1.426,99;1.125,98;5.831,11;41.985,74;2.648,45;641,18;5.100,09;4.454,16;4.842,03;5.516,80;4.276,25;2.720,49;7.601,39;1.246,19;12.709,81;101,86;310,70;213,06;241,00;163,07;456,09;283,77;1.937,73;38,05;176,22;117,34;102,56;0,00;0,00;0,00;0,00;0,00;0,00;0,00;0,00;31,55;0,00;0,00;0,00;0,00;0,00;0,00;0,00;0,00;0,00;0,00;0,00;0,00;0,00;0,00;0,00;0,00;0,00;0,00;0,00;0,00;0,00;0,00; -   ;0,00;0,00;0,00;0,00;0,00;0,00;0,00;0,00;0,00;0,00;0,00;0,00;0,00;0,00;0,00;0,00;0,00;0,00;0,00;0,00;0,00;0,00;0,00;0,00;0,00;0,00;0,00;0,00;558,30;0,00;0,00;0,00;0,00;0,00;0,00;24,09;0,00;0,00;0,00;0,00;0,00;0,00;0,00;0,00;0,00;0,00;0,00;0,00;0,00;0,00;0,00;0,00;0,00;0,00;0,00;0,00;0,00;0,00;0,00;0,00;0,00;0,00;0,00;0,00; -   ; -   ; -   ; -   ; -   ; -   ; -   ; -   ; -   ; -   ; -   ; -   ; -   ; -   ; -   ; -   ; -   ; -   ; -   ; -   ; -   ; -   ; -   ; -   ; -   ; -   ; -   ; -   ; -   ; -   ; -   ; -   ; -   ; 302,40 ; -   ; -   ; 131,48 ; -   ; 116,46 ; -   ; -   ; -   ; -   ; -   ; -   ; -   ; 153,02 ; -   ; -   ; -   ; -   ; -   ; -   ; -   ; -   ; -   ; -   ; -   ; 19,68 ; -   ; 159,06 ; -   ; -   ; -   ; -   ; -   ; -   ; -   ; -   ; -   ; -   ; -   ; -   ; -   ; -   ; -   ; -   ; -   ; -   ; 282,72 ; 712,30 ; -   ; 495,43 ; 258,10 ; -   ; -   ; -   ; 140,97 ; -   ; -   ; -   ; -   ; -   ; -   ; -   ; 158,03 ; -   ; -   ; 50,49 ; 46,53 ; -   ; 36,60 ; -   ; -   ; -   ; -   ; -   ; 21,05 ; -   ; -   ; -   ; -   ; -   ; -   ; -   ; -   ; -   ; -   ; -   ; -   ; -   ; -   ; -   ; -   ; -   ; -   ; -   ; -   ; -   ; -   ; -   ; 453,71 ; -   ; -   ; -   ; -   ; -   ; -   ; -   ; -   ; -   ; -   ; -   ; -   ; -   ; -   ; -   ; -   ; -   ; -   ; -   ; -   ; -   ; -   ; -   ; -   ; -   ; -   ; -   ; -   ; -   ; -   ; 132,15 ; -   ; 525,14 ; 18.714,21 ; -   ; -   ; 84,75 ; 159,76 ; -   ; -   ; -   ; -   ; -   ; -   ; -   ; -   ; -   ; -   ; -   ; -   ; -   ; -   ; -   ; -   ; -   ; -   ; -   ; -   ; -   ; -   ; -   ; -   ; 17,64 ; -   ; -   ; -   ; -   ; -   ; -   ; -   ; -   ; -   ; -   ; -   ; -   ; -   ; -   ; -   ; -   ; -   ; -   ; 2.378,96 ; 14.175,84 ; 22.431,52 ; 24.566,87 ; 6.211,21 ; 1.589,45 ; -   ; -   ; -   ; -   ; -   ; -   ; -   ; -   ; -   
Ceará;CE;0,00;0,00;4.745.628,00;0,00;0,00;0,00;0,00;166.082,40;0,00;0,00;0,00;0,00;27.859,03;0,00;0,00;0,00;0,00;0,00;26,52;0,00;39.144,00;0,00;0,00;0,00;0,00;0,00;0,00;0,00;479,86;0,00;0,00;0,00;0,00;0,00;0,00;0,00;0,00;0,00;0,00;0,00;0,00;0,00;0,00;0,00;0,00;0,00;0,00;0,00;0,00;0,00;0,00;0,00;0,00;0,00;0,00;0,00;0,00;0,00;0,00;0,00;0,00;0,00;0,00;0,00;0,00;0,00;0,00;0,00;0,00;0,00;0,00;0,00;0,00;0,00;0,00;0,00;13,47;0,00;0,00;0,00;0,00;0,00;0,00;0,00;0,00;0,00;0,00;0,00;0,00;0,00;0,00;0,00;0,00;0,00;0,00;0,00;0,00;0,00;0,00;0,00;0,00;0,00;0,00; -   ;0,00;0,00;0,00;0,00;0,00;0,00;0,00;0,00;0,00;0,00;0,00;0,00;0,00;0,00;0,00;0,00;0,00;0,00;0,00;0,00;0,00;0,00;0,00;0,00;0,00;0,00;0,00;0,00;0,00;0,00;0,00;0,00;0,00;0,00;0,00;0,00;0,00;0,00;416,31;0,00;7.541,22;6.104,62;10.773,99;3.841,16;3.667,41;635,97;0,00;0,00;0,00;0,00;0,00;8.995,00;6.553,91;0,00;0,00;509,20;0,00;0,00;0,00;2.941,54;1.107,30;428,10;250,40;1.461,31; 325,90 ; 750,87 ; 1.893,00 ; 165,00 ; 47,91 ; 555,00 ; 726,00 ; 1.404,00 ; 1.149,00 ; 693,00 ; 375,00 ; 777,00 ; 261,57 ; 555,33 ; 624,58 ; 77,83 ; 220,29 ; 561,45 ; 134,02 ; 137,63 ; 90,00 ; -   ; 450,00 ; 726,00 ; -   ; 489,00 ; 456,00 ; 750,00 ; 300,00 ; 105,00 ; 399,00 ; 1.396,25 ; 615,00 ; 972,82 ; 987,28 ; 1.827,00 ; 3.528,23 ; 1.083,00 ; 1.317,21 ; 1.509,00 ; 246,56 ; 2.142,85 ; 507,25 ; 2.366,31 ; 2.955,00 ; 2.175,19 ; 801,00 ; 901,14 ; 1.410,00 ; -   ; 6.856,65 ; 3.457,50 ; 1.024,57 ; 1.071,00 ; 1.080,00 ; 1.719,00 ; 4.903,20 ; 1.848,00 ; 2.100,00 ; 671,94 ; 904,97 ; 2.421,16 ; 2.643,00 ; 810,00 ; 1.260,00 ; 900,00 ; 80,26 ; -   ; -   ; -   ; -   ; -   ; -   ; -   ; -   ; -   ; -   ; -   ; -   ; 32,29 ; -   ; -   ; -   ; -   ; -   ; -   ; -   ; -   ; -   ; -   ; 152,98 ; -   ; 31,48 ; -   ; -   ; -   ; -   ; 165,96 ; 188,35 ; -   ; 667,86 ; 150,24 ; -   ; -   ; -   ; -   ; -   ; -   ; -   ; -   ; -   ; -   ; 29,38 ; -   ; -   ; 264,34 ; -   ; -   ; -   ; -   ; -   ; -   ; -   ; -   ; -   ; -   ; -   ; -   ; -   ; -   ; -   ; 17,42 ; -   ; -   ; -   ; -   ; -   ; -   ; -   ; -   ; -   ; -   ; -   ; 905,67 ; -   ; -   ; -   ; -   ; -   ; -   ; -   ; -   ; -   ; -   ; -   ; -   ; 31,53 ; -   ; -   ; -   ; -   ; -   ; -   ; -   ; -   ; -   ; -   ; -   ; -   ; -   ; -   ; -   ; -   ; -   ; -   ; -   ; -   ; -   ; -   ; -   ; 140,37 ; -   ; -   ; -   ; -   ; -   ; -   ; -   ; -   ; -   ; -   ; -   ; 21,84 ; -   ; -   ; -   ; -   ; -   ; -   ; -   ; -   ; -   ; 645,58 ; 15.354,02 ; -   ; -   ; -   ; -   ; -   ; -   ; -   ; 546,44 ; -   ; -   ; 4,05 ; -   ; 57,95 ; -   ; -   ; -   ; -   ; -   ; -   ; -   ; -   ; -   ; -   ; -   
Distrito Federal;DF;0,00;0,00;0,00;0,00;0,00;0,00;0,00;0,00;0,00;0,00;0,00;518.461,02;0,00;0,00;0,00;0,00;0,00;0,00;0,00;0,00;0,00;0,00;0,00;0,00;0,00;0,00;0,00;0,00;0,00;0,00;0,00;0,00;0,00;0,00;0,00;2.009,47;0,00;0,00;0,00;0,00;0,00;0,00;0,00;0,00;0,00;0,00;0,00;0,00;0,00;0,00;0,00;0,00;0,00;0,00;0,00;0,00;0,00;0,00;0,00;0,00;0,00;0,00;0,00;0,00;0,00;0,00;0,00;0,00;0,00;0,00;0,00;0,00;0,00;0,00;0,00;0,00;0,00;0,00;0,00;0,00;0,00;0,00;0,00;0,00;0,00;0,00;0,00;0,00;0,00;0,00;0,00;0,00;0,00;0,00;0,00;0,00;0,00;0,00;0,00;0,00;0,00;0,00;0,00; -   ;0,00;0,00;0,00;0,00;0,00;0,00;0,00;0,00;0,00;0,00;0,00;0,00;0,00;0,00;0,00;0,00;0,00;0,00;0,00;0,00;0,00;0,00;0,00;0,00;0,00;0,00;0,00;0,00;0,00;0,00;0,00;0,00;0,00;0,00;0,00;0,00;0,00;0,00;0,00;0,00;0,00;0,00;0,00;0,00;0,00;0,00;0,00;0,00;0,00;0,00;0,00;0,00;0,00;0,00;0,00;0,00;0,00;0,00;0,00;0,00;0,00;0,00;0,00;0,00; -   ; -   ; -   ; -   ; -   ; -   ; -   ; -   ; -   ; -   ; -   ; -   ; -   ; -   ; -   ; -   ; -   ; -   ; -   ; -   ; -   ; -   ; -   ; -   ; -   ; -   ; -   ; -   ; -   ; -   ; -   ; -   ; -   ; -   ; -   ; -   ; -   ; -   ; -   ; -   ; -   ; -   ; -   ; -   ; -   ; -   ; -   ; -   ; -   ; -   ; -   ; -   ; -   ; -   ; -   ; -   ; -   ; -   ; -   ; -   ; -   ; -   ; -   ; -   ; -   ; -   ; -   ; -   ; -   ; -   ; -   ; -   ; -   ; -   ; -   ; -   ; -   ; -   ; -   ; -   ; -   ; -   ; -   ; -   ; -   ; -   ; -   ; -   ; -   ; -   ; -   ; -   ; -   ; -   ; -   ; -   ; -   ; -   ; -   ; -   ; -   ; -   ; -   ; -   ; -   ; -   ; -   ; -   ; -   ; -   ; -   ; 300,00 ; -   ; -   ; -   ; -   ; -   ; -   ; -   ; -   ; -   ; -   ; -   ; -   ; -   ; -   ; -   ; -   ; -   ; -   ; -   ; -   ; -   ; -   ; -   ; -   ; -   ; -   ; -   ; -   ; -   ; -   ; -   ; -   ; -   ; -   ; -   ; -   ; -   ; -   ; -   ; -   ; -   ; -   ; -   ; -   ; -   ; -   ; -   ; -   ; -   ; -   ; -   ; -   ; -   ; -   ; -   ; -   ; -   ; -   ; -   ; -   ; -   ; -   ; -   ; -   ; -   ; -   ; -   ; -   ; -   ; -   ; -   ; -   ; -   ; -   ; -   ; -   ; -   ; -   ; -   ; 13.531,50 ; -   ; -   ; -   ; -   ; -   ; -   ; -   ; -   ; -   ; -   ; -   ; -   ; -   ; -   ; -   ; -   ; -   ; -   ; -   ; -   ; -   ; -   ; -   ; -   ; -   ; -   ; -   ; -   ; -   ; -   ; -   ; -   ; -   ; -   ; -   ; -   
Espírito Santo;ES;0,00;0,00;0,00;0,00;0,00;0,00;0,00;0,00;0,00;0,00;0,00;0,00;0,00;0,00;0,00;65.144,34;0,00;159.499,62;-79.749,81;0,00;0,00;0,00;0,00;0,00;0,00;0,00;0,00;0,00;0,00;0,00;0,00;0,00;0,00;0,00;0,00;0,00;0,00;0,00;0,00;0,00;0,00;0,00;0,00;0,00;0,00;0,00;0,00;0,00;0,00;0,00;0,00;0,00;0,00;0,00;0,00;0,00;0,00;0,00;0,00;0,00;0,00;0,00;0,00;0,00;49,54;0,00;0,00;0,00;0,00;0,00;0,00;0,00;0,00;0,00;0,00;0,00;0,00;0,00;0,00;0,00;0,00;0,00;0,00;0,00;0,00;0,00;0,00;0,00;0,00;0,00;0,00;0,00;0,00;0,00;0,00;0,00;0,00;0,00;0,00;0,00;0,00;0,00;0,00; -   ;0,00;0,00;0,00;0,00;0,00;0,00;532,00;0,00;0,00;0,00;519,63;0,00;0,00;0,00;0,00;0,00;0,00;0,00;0,00;0,00;0,00;0,00;0,00;0,00;0,00;0,00;0,00;0,00;0,00;0,00;0,00;0,00;0,00;0,00;0,00;0,00;0,00;0,00;0,00;0,00;0,00;0,00;0,00;0,00;0,00;0,00;0,00;0,00;0,00;0,00;0,00;0,00;0,00;0,00;0,00;0,00;0,00;0,00;0,00;0,00;0,00;0,00;0,00;0,00; -   ; -   ; -   ; -   ; -   ; -   ; -   ; -   ; -   ; -   ; -   ; -   ; -   ; -   ; -   ; -   ; -   ; -   ; -   ; -   ; -   ; -   ; -   ; -   ; -   ; -   ; -   ; -   ; -   ; -   ; -   ; -   ; -   ; -   ; -   ; -   ; -   ; -   ; -   ; -   ; -   ; -   ; -   ; -   ; -   ; -   ; -   ; -   ; -   ; -   ; -   ; -   ; -   ; -   ; -   ; -   ; -   ; -   ; -   ; -   ; -   ; -   ; -   ; -   ; -   ; -   ; -   ; -   ; -   ; -   ; -   ; -   ; -   ; -   ; -   ; -   ; -   ; -   ; -   ; -   ; -   ; -   ; -   ; -   ; -   ; -   ; -   ; -   ; -   ; -   ; -   ; -   ; -   ; -   ; -   ; -   ; -   ; -   ; -   ; -   ; -   ; -   ; -   ; -   ; -   ; -   ; -   ; -   ; -   ; -   ; -   ; -   ; -   ; -   ; -   ; -   ; -   ; -   ; -   ; -   ; -   ; -   ; -   ; -   ; -   ; -   ; -   ; -   ; -   ; -   ; -   ; -   ; -   ; -   ; -   ; -   ; -   ; -   ; -   ; -   ; -   ; -   ; -   ; -   ; -   ; -   ; -   ; -   ; -   ; -   ; -   ; -   ; -   ; -   ; -   ; -   ; -   ; -   ; -   ; -   ; -   ; -   ; -   ; -   ; -   ; -   ; -   ; -   ; -   ; -   ; -   ; -   ; -   ; -   ; -   ; -   ; -   ; -   ; -   ; -   ; -   ; -   ; -   ; -   ; -   ; -   ; -   ; -   ; -   ; -   ; -   ; -   ; -   ; -   ; 38,92 ; -   ; -   ; -   ; -   ; -   ; -   ; -   ; 515,45 ; 337,40 ; -   ; -   ; -   ; -   ; -   ; -   ; -   ; -   ; -   ; 550,77 ; 1.119,31 ; 1.772,98 ; 1.803,41 ; 1.691,79 ; 3.830,79 ; 1.034,23 ; -   ; -   ; -   ; -   ; -   ; -   ; -   ; -   
Goiás;GO;1.829.858,65;0,00;4.223.009,50;1.723.337,92;0,00;2.090.127,52;2.100.610,18;9.388.501,89;0,00;9.936.242,30;6.937.714,99;22.402.213,80;1.454.845,75;12.444.417,41;2.599.295,10;21.449.243,84;0,00;40.530.131,46;26.057.056,76;12.613.070,92;111.131.067,21;94.563.197,14;66.363.937,17;135.366.635,24;198.886,21;220.564,30;238.515,28;0,00;857.859,06;544.587,47;689.786,31;1.156.870,20;1.239.052,82;1.224.844,33;3.081.666,96;3.846.355,20;1.807,62;1.953,65;4.163,48;1.085,25;3.720,91;11.499,95;5.161,59;7.918,39;2.858,87;3.837,21;4.416,81;2.747,66;3.093,39;302,34;1.747,50;1.120,90;3.172,35;828,66;1.653,45;2.140,26;1.209,77;1.709,76;15,06;242,38;30,03;148,58;70,07;24,92;29,69;20,17;41,87;29,51;232,58;3,51;3,34;76,72;142,31;10,79;18,91;10,55;0,00;0,00;72,30;472,83;440,34;38,66;20,47;26,18;13,76;10,71;75,28;16,94;8,29;6,69;9,24;0,00;0,00;6,42;18,16;2,81;0,00;0,00;0,00;0,00;0,00;0,00;0,00; -   ;0,00;0,00;0,00;0,00;0,00;0,00;0,00;0,00;0,00;0,00;0,00;0,00;0,00;0,00;0,00;0,00;0,00;0,00;0,00;0,00;0,00;0,00;0,00;0,00;0,00;0,00;0,00;0,00;0,00;0,00;0,00;0,00;0,00;0,00;0,00;0,00;0,00;0,00;67,50;0,00;3.377,70;0,00;772,20;502,80;483,30;8,40;0,00;0,00;0,00;0,00;0,00;528,35;176,04;0,00;0,00;99,00;0,00;0,00;0,00;0,00;0,00;0,00;0,00;0,00; -   ; -   ; -   ; -   ; -   ; -   ; -   ; -   ; -   ; -   ; -   ; -   ; -   ; -   ; -   ; -   ; -   ; -   ; -   ; -   ; -   ; -   ; -   ; -   ; -   ; -   ; -   ; -   ; -   ; -   ; -   ; -   ; -   ; -   ; 40,31 ; -   ; -   ; -   ; -   ; -   ; -   ; -   ; -   ; 130,99 ; -   ; -   ; -   ; -   ; -   ; -   ; -   ; 64,21 ; 99,18 ; -   ; 65,10 ; 459,79 ; -   ; -   ; -   ; -   ; -   ; -   ; 10,32 ; -   ; -   ; 30,91 ; -   ; 11,73 ; -   ; -   ; 210,80 ; -   ; 156,59 ; -   ; -   ; -   ; -   ; -   ; -   ; -   ; -   ; 4,89 ; -   ; -   ; -   ; -   ; -   ; -   ; -   ; -   ; -   ; -   ; -   ; -   ; -   ; 508,91 ; 327,18 ; -   ; 421,12 ; -   ; -   ; -   ; -   ; 16,61 ; -   ; -   ; -   ; -   ; -   ; 202,09 ; -   ; -   ; -   ; 177,21 ; -   ; -   ; 1.239,48 ; -   ; 12,12 ; -   ; -   ; -   ; -   ; -   ; -   ; -   ; -   ; 43,74 ; -   ; -   ; -   ; 492,56 ; -   ; -   ; -   ; -   ; -   ; -   ; -   ; -   ; -   ; -   ; -   ; 2.184,91 ; -   ; -   ; -   ; -   ; -   ; -   ; -   ; -   ; -   ; -   ; -   ; 32,08 ; 8,83 ; -   ; -   ; -   ; -   ; -   ; -   ; -   ; 15,00 ; 11,32 ; -   ; -   ; -   ; -   ; -   ; -   ; -   ; -   ; -   ; 108,28 ; 117,15 ; 3,00 ; 376,59 ; 1.505,38 ; -   ; -   ; 298,17 ; -   ; 951,11 ; 1.102,41 ; 3.719,03 ; 2.180,04 ; 739,21 ; 2.906,71 ; 3.658,70 ; 1.221,59 ; 2.348,83 ; 3.944,59 ; -   ; 3.626,35 ; 1.316,97 ; -   ; -   ; -   ; -   ; -   ; -   ; 31,47 ; -   ; -   ; 807,26 ; -   ; -   ; -   ; -   ; 1.206,41 ; -   ; -   ; 338,88 ; -   ; -   ; -   ; -   ; -   ; -   ; -   ; -   ; -   ; -   ; -   ; -   ; -   
Maranhão;MA;248.954,08;0,00;549.441,72;0,00;0,00;28.554,00;15.453,90;137.799,40;0,00;593.542,52;1.453.045,38;550.285,05;1.251.781,25;65.550,00;667.004,73;77.175,00;65.190,00;4.235.628,64;1.610.612,07;1.867.938,92;7.500.270,43;17.512.905,97;7.079.241,26;9.232.377,81;9.584,82;0,00;3.770,20;0,00;8.239,41;10.807,72;9.974,45;36.544,16;105.743,38;89.887,57;204.775,67;366.407,81;173,86;150,58;319,80;107,82;464,09;421,69;350,20;1.018,23;450,34;479,49;459,22;177,43;6.681,59;22,87;829,03;341,20;0,00;0,00;140,77;170,98;0,00;344,49;110,38;52,67;10,43;151,98;59,38;159,89;0,00;0,00;28,92;0,00;0,00;0,00;0,00;0,00;115,08;0,00;0,00;0,00;0,00;0,00;0,00;0,00;0,00;10,84;0,00;0,00;0,00;0,00;0,00;0,00;0,00;0,00;0,00;0,00;0,00;0,00;0,00;0,00;0,00;0,00;0,00;0,00;0,00;0,00;0,00; -   ;0,00;0,00;0,00;0,00;0,00;0,00;0,00;0,00;0,00;0,00;0,00;0,00;0,00;0,00;0,00;0,00;0,00;0,00;0,00;0,00;0,00;0,00;0,00;0,00;0,00;0,00;0,00;0,00;0,00;0,00;0,00;0,00;0,00;0,00;0,00;0,00;0,00;0,00;0,00;0,00;0,00;0,00;0,00;0,00;0,00;0,00;0,00;0,00;0,00;0,00;0,00;0,00;2.678,51;1.171,50;1.895,70;816,75;0,00;0,00;0,00;6.861,42;1.406,40;682,80;931,20;652,80; 852,00 ; 396,30 ; 521,84 ; 451,80 ; 172,72 ; 266,35 ; 117,00 ; 39,00 ; 98,70 ; 87,30 ; 305,10 ; 243,30 ; 264,60 ; 667,02 ; 625,72 ; 349,80 ; 715,50 ; 1.226,60 ; 752,40 ; 945,78 ; 999,00 ; 631,20 ; 488,64 ; 531,60 ; 426,60 ; 354,60 ; 549,00 ; 624,27 ; 824,10 ; 692,40 ; 852,90 ; 951,76 ; -   ; 1.157,70 ; 670,28 ; 1.602,15 ; 956,70 ; 1.371,00 ; 1.471,50 ; 964,48 ; 1.122,20 ; 1.892,40 ; 1.679,04 ; 1.356,93 ; 587,40 ; 613,90 ; 28,56 ; 609,00 ; 1.965,22 ; -   ; 1.598,59 ; 1.452,93 ; -   ; -   ; -   ; 37,26 ; -   ; -   ; -   ; -   ; -   ; 52,92 ; -   ; -   ; -   ; -   ; -   ; -   ; -   ; -   ; -   ; 57,07 ; -   ; -   ; -   ; -   ; -   ; -   ; -   ; -   ; -   ; -   ; -   ; -   ; -   ; 46,82 ; -   ; -   ; -   ; -   ; 373,86 ; -   ; 13,57 ; -   ; -   ; -   ; -   ; -   ; -   ; -   ; -   ; -   ; -   ; -   ; -   ; -   ; -   ; -   ; -   ; -   ; 52,94 ; -   ; 36,28 ; 37,18 ; 37,78 ; 435,75 ; -   ; -   ; -   ; -   ; -   ; -   ; -   ; 463,22 ; -   ; -   ; -   ; -   ; -   ; -   ; -   ; 3,00 ; 13,18 ; -   ; -   ; -   ; -   ; -   ; -   ; -   ; -   ; -   ; -   ; 30,35 ; -   ; 153,71 ; -   ; -   ; -   ; -   ; -   ; -   ; -   ; -   ; 15,00 ; -   ; 258,12 ; -   ; 22,65 ; -   ; -   ; -   ; -   ; -   ; 24,27 ; -   ; 44,19 ; -   ; -   ; 7,43 ; 51,06 ; 32,79 ; 52,09 ; -   ; -   ; -   ; -   ; -   ; -   ; -   ; -   ; -   ; -   ; -   ; -   ; -   ; -   ; 1.383,84 ; 4.006,45 ; 3.247,83 ; 2.785,94 ; 3.928,54 ; 1.634,45 ; 5.935,52 ; 2.802,91 ; 3.733,10 ; 2.394,14 ; 4.413,68 ; 2.214,95 ; 2.573,44 ; 8.079,86 ; 5.597,25 ; 4.102,05 ; 5.569,34 ; 4.354,36 ; 6.588,04 ; 2.051,35 ; 184,73 ; 398,52 ; 1.431,51 ; 1.022,44 ; 611,29 ; 4.302,25 ; 1.193,64 ; 663,33 ; 1.344,07 ; 1.520,52 ; 4.642,39 ; 954,92 ; 600,79 ; 81,28 ; 54,63 ; 552,15 ; 402,03 ; 689,07 ; -   ; -   ; -   
Minas Gerais;MG;6.497.543,93;0,00;15.195.078,25;5.484.822,02;0,00;12.999.126,47;16.222.004,47;33.312.125,08;0,00;21.065.240,60;15.020.158,53;49.286.754,48;39.351.260,84;50.170.099,33;74.617.052,39;55.954.329,63;13.079,27;226.278.423,16;85.502.982,75;89.500.196,04;343.300.342,11;257.194.911,59;367.517.832,72;479.476.354,25;575.824,73;404.381,50;1.195.280,48;0,00;2.492.138,79;1.696.810,97;2.967.498,40;3.444.534,75;4.766.401,81;4.148.818,05;9.731.807,28;12.450.445,30;5.990,60;4.739,69;8.509,74;3.533,42;5.895,85;22.383,01;15.019,40;14.036,07;8.453,28;14.884,90;8.999,13;10.534,53;22.792,93;172,44;5.593,31;2.759,11;3.888,12;6.889,15;5.077,61;4.716,80;4.572,17;1.581,93;2.805,10;1.367,05;0,00;1.126,17;1.152,46;918,88;9,91;0,00;1.493,46;1.665,28;2.773,78;6.500,36;0,00;3.686,97;16.098,00;2.211,05;6,97;0,00;0,00;0,00;2.019,26;3.635,29;0,00;278,61;0,00;0,00;17,26;154,26;31,63;515,46;0,00;992,16;2.059,84;303,20;0,00;0,00;5,25;0,00;0,00;0,00;0,00;0,00;0,00;0,00;0,00; -   ;0,00;1.555,97;0,00;0,00;0,00;0,00;0,00;0,00;0,00;1.049,89;0,00;0,00;492,70;0,00;0,00;1.137,14;0,00;0,00;0,00;0,00;0,00;283,20;438,00;827,70;414,90;0,00;0,00;0,00;3,54;0,00;0,00;0,00;0,00;0,00;0,00;138,81;0,00;0,00;0,00;0,00;0,00;0,00;0,00;0,00;0,00;0,00;0,00;0,00;0,00;0,00;0,00;0,00;730,70;0,00;0,00;0,00;0,00;0,00;0,00;0,00;0,00;0,00;0,00;0,00; -   ; 24,46 ; -   ; -   ; -   ; -   ; -   ; -   ; -   ; -   ; -   ; -   ; -   ; -   ; -   ; -   ; -   ; -   ; -   ; 127,12 ; -   ; -   ; -   ; 27,90 ; -   ; -   ; 29,70 ; 352,08 ; 29,64 ; -   ; 22,50 ; -   ; 14,87 ; -   ; -   ; 93,64 ; -   ; -   ; -   ; -   ; -   ; -   ; -   ; -   ; -   ; -   ; -   ; -   ; 68,23 ; -   ; 60,86 ; -   ; -   ; -   ; -   ; -   ; -   ; -   ; 17,03 ; 42,00 ; 29,53 ; -   ; -   ; -   ; -   ; -   ; -   ; -   ; -   ; -   ; -   ; -   ; -   ; 249,03 ; 1.405,10 ; 292,03 ; 202,05 ; -   ; -   ; 40,68 ; -   ; 8,24 ; 91,50 ; -   ; -   ; -   ; -   ; -   ; -   ; -   ; 30,75 ; 30,39 ; 46,15 ; -   ; -   ; -   ; -   ; -   ; 567,75 ; -   ; -   ; -   ; 210,15 ; -   ; 13.001,44 ; -   ; -   ; -   ; -   ; -   ; -   ; -   ; -   ; 297,33 ; -   ; 223,20 ; 1.015,42 ; -   ; -   ; -   ; -   ; -   ; -   ; 29,82 ; -   ; -   ; 46,82 ; -   ; -   ; -   ; -   ; -   ; -   ; 3.313,82 ; -   ; -   ; -   ; -   ; -   ; -   ; -   ; -   ; -   ; 901,14 ; -   ; -   ; -   ; -   ; 147,43 ; 31,08 ; -   ; 23,77 ; 3,60 ; 82,99 ; 537,25 ; 54,54 ; -   ; -   ; -   ; 179,73 ; 20,97 ; -   ; 24,41 ; -   ; 52,34 ; -   ; 45,00 ; -   ; 230,00 ; -   ; -   ; 142,94 ; 121,24 ; 152,95 ; -   ; -   ; -   ; -   ; 239,79 ; -   ; -   ; -   ; 90,53 ; -   ; -   ; -   ; -   ; 25.636,14 ; 38.337,17 ; 48.217,96 ; 34.838,92 ; 25.855,20 ; 33.245,21 ; 45.875,63 ; 32.050,93 ; 23.050,40 ; 18.635,23 ; 24.972,15 ; 20.055,45 ; 17.924,46 ; 19.195,67 ; 19.936,78 ; 23.762,22 ; 21.057,15 ; 16.635,09 ; 9.473,93 ; 13.293,87 ; 14.856,37 ; 15.779,52 ; 12.470,75 ; 11.676,74 ; 14.437,46 ; 6.362,70 ; 5.961,90 ; 8.522,59 ; 7.707,33 ; 9.541,49 ; 5.556,70 ; 5.311,46 ; 3.453,02 ; 19.451,86 ; 11.797,87 ; 5.794,80 ; 16.968,67 ; 15.613,08 ; -   ; -   ; -   
Mato Grosso do Sul;MS;0,00;0,00;0,00;0,00;0,00;7.796,03;7.373,04;0,00;0,00;3.407,81;13,06;94.461,97;0,00;446.183,10;0,00;0,00;0,00;0,00;22.442,08;0,00;0,00;0,00;0,00;0,00;0,00;0,00;0,00;0,00;0,00;0,00;4.593,89;0,00;7.497,00;0,00;5.022,09;0,00;0,00;12,73;0,00;0,00;0,00;0,00;0,00;0,00;0,00;0,00;0,00;0,00;0,00;0,00;0,00;0,00;0,00;0,00;0,00;0,00;0,00;0,00;0,00;0,00;0,00;0,00;0,00;0,00;0,00;0,00;0,00;0,00;0,00;0,00;0,00;0,00;0,00;0,00;0,00;0,00;0,00;0,00;0,00;0,00;0,00;0,00;0,00;0,00;0,00;0,00;0,00;0,00;0,00;0,00;0,00;0,00;0,00;0,00;0,00;0,00;0,00;0,00;0,00;0,00;0,00;0,00;0,00; -   ;0,00;0,00;0,00;0,00;0,00;0,00;0,00;0,00;0,00;0,00;0,00;0,00;0,00;0,00;0,00;0,00;0,00;0,00;0,00;0,00;0,00;0,00;0,00;0,00;0,00;0,00;0,00;0,00;0,00;0,00;0,00;0,00;0,00;0,00;0,00;0,00;0,00;0,00;0,00;0,00;0,00;0,00;0,00;0,00;467,73;416,23;0,00;0,00;0,00;0,00;0,00;168,18;0,00;0,00;0,00;0,00;0,00;0,00;0,00;0,00;0,00;0,00;0,00;0,00; -   ; -   ; -   ; -   ; -   ; -   ; -   ; -   ; -   ; -   ; -   ; -   ; -   ; -   ; -   ; -   ; -   ; -   ; -   ; -   ; -   ; -   ; -   ; -   ; -   ; -   ; -   ; -   ; -   ; 28,44 ; -   ; -   ; 25,49 ; 96,32 ; -   ; 10,79 ; -   ; -   ; -   ; -   ; -   ; -   ; -   ; -   ; -   ; -   ; -   ; -   ; -   ; -   ; -   ; -   ; -   ; -   ; -   ; -   ; -   ; -   ; -   ; -   ; -   ; -   ; -   ; -   ; -   ; -   ; -   ; -   ; -   ; -   ; -   ; -   ; -   ; -   ; -   ; -   ; -   ; -   ; -   ; -   ; -   ; -   ; -   ; -   ; -   ; -   ; -   ; -   ; -   ; -   ; -   ; -   ; -   ; -   ; -   ; -   ; -   ; -   ; -   ; -   ; -   ; 341,58 ; -   ; -   ; -   ; -   ; -   ; -   ; -   ; -   ; -   ; -   ; -   ; 46,10 ; -   ; -   ; -   ; -   ; -   ; -   ; -   ; -   ; -   ; -   ; -   ; -   ; -   ; -   ; -   ; -   ; -   ; -   ; -   ; -   ; -   ; -   ; -   ; -   ; -   ; -   ; -   ; -   ; -   ; -   ; -   ; -   ; -   ; -   ; -   ; -   ; -   ; -   ; -   ; -   ; -   ; -   ; -   ; -   ; -   ; -   ; -   ; -   ; -   ; -   ; -   ; -   ; -   ; -   ; -   ; -   ; -   ; -   ; -   ; -   ; -   ; -   ; -   ; -   ; -   ; -   ; -   ; -   ; -   ; -   ; -   ; -   ; -   ; -   ; -   ; -   ; -   ; -   ; -   ; -   ; -   ; -   ; -   ; -   ; -   ; -   ; -   ; -   ; -   ; -   ; -   ; -   ; -   ; -   ; -   ; -   ; -   ; -   ; -   ; -   ; -   ; -   ; -   ; -   ; -   ; -   ; -   ; -   ; -   ; -   ; -   ; -   ; -   ; -   
Mato Grosso;MT;12.337.146,11;0,00;29.703.752,56;14.998.340,30;0,00;15.922.109,17;18.200.020,94;45.175.090,38;0,00;36.242.645,35;34.126.742,10;81.640.208,20;93.752.007,96;53.245.553,04;97.170.344,22;71.798.207,83;23.518.702,49;267.887.284,09;96.803.838,28;178.759.004,48;330.131.666,06;340.330.148,00;526.804.914,11;486.738.311,37;581.949,39;345.803,44;1.082.819,14;172.740,77;2.423.377,43;1.822.115,70;2.517.669,86;3.351.313,10;4.405.814,76;7.544.341,04;8.810.446,18;15.951.897,22;5.888,33;9.226,97;9.996,90;5.901,13;19.786,31;25.425,19;14.931,23;55.910,68;23.078,83;38.636,40;36.076,80;36.805,96;42.176,34;12.919,56;26.509,53;15.390,83;30.880,58;14.772,48;26.451,87;33.383,25;16.118,04;30.620,30;14.332,33;18.083,67;12.954,62;22.495,17;12.633,39;18.356,51;11.886,61;6.722,07;12.304,29;10.566,57;4.990,26;16.933,88;6.499,62;4.180,01;8.357,41;2.303,42;2.187,99;2.223,36;771,49;0,00;19.066,13;24.176,60;25.614,57;15.546,14;8.428,30;4.511,61;6.712,24;15.637,36;8.407,47;9.907,56;15.866,84;9.169,79;6.222,97;2.698,82;6.934,28;10.469,18;4.391,79;9.546,78;7.748,44;5.581,41;11.614,24;7.585,92;14.515,87;8.763,54;12.810,85; 15.486,83 ;9.709,53;15.400,61;11.516,40;9.784,40;15.105,61;7.665,05;4.640,50;7.138,47;11.436,67;7.045,14;13.498,27;10.994,61;8.138,00;14.019,26;6.165,14;7.552,30;4.764,48;0,00;0,00;0,00;301,19;5.645,40;5.869,91;11.914,13;4.701,31;12.482,74;0,00;0,00;24.122,68;3.885,00;6.880,73;7.872,80;4.727,30;2.497,39;0,00;15.070,81;0,00;0,00;40.601,58;0,00;88.735,13;18.711,37;42.103,47;21.168,05;24.205,43;11.808,40;0,00;0,00;0,00;0,00;0,00;86.486,28;141.105,19;18.760,43;36.703,20;12.263,82;0,00;0,00;0,00;106.308,07;35.569,88;25.416,41;32.190,38;32.094,67; 16.253,59 ; 19.907,18 ; 14.150,60 ; 15.802,49 ; 12.566,85 ; 12.496,97 ; 11.227,88 ; 11.195,03 ; 10.957,67 ; 10.214,13 ; 13.823,38 ; 10.594,29 ; 13.896,26 ; 13.617,49 ; 17.093,81 ; 13.005,73 ; 15.182,67 ; 19.318,39 ; 20.416,84 ; 19.255,77 ; 23.555,25 ; 17.126,15 ; 19.229,14 ; 20.516,08 ; 22.646,27 ; 12.209,02 ; 17.020,51 ; 21.740,75 ; 29.473,23 ; 22.642,16 ; 26.242,53 ; 31.731,37 ; 9.868,55 ; 32.215,09 ; 24.473,76 ; 19.073,86 ; 27.931,23 ; 14.945,55 ; 20.078,81 ; 30.880,37 ; 18.227,28 ; 10.149,98 ; 24.787,72 ; 22.336,40 ; 13.996,24 ; 24.834,00 ; 32.615,66 ; 24.412,69 ; 25.263,75 ; -   ; 50.515,16 ; 24.208,50 ; 10.007,50 ; 9.605,99 ; 12.427,16 ; 15.176,89 ; 15.764,12 ; 19.612,23 ; 21.201,65 ; 15.035,05 ; 42.209,41 ; 32.238,76 ; 38.472,85 ; 21.428,73 ; 28.657,75 ; 34.293,20 ; 38.310,72 ; 44.443,63 ; 52.440,81 ; 66.563,78 ; 17.689,77 ; 48.722,61 ; 99.114,01 ; 44.917,39 ; 40.838,41 ; 42.545,36 ; 45.273,29 ; 43.187,48 ; 37.266,29 ; 63.580,09 ; 89.946,85 ; 93.299,66 ; 114.926,32 ; 120.341,15 ; 89.082,58 ; 60.034,44 ; 76.867,82 ; 99.291,84 ; 107.107,01 ; 115.566,69 ; 151.653,80 ; 182.248,71 ; 211.077,87 ; 241.508,06 ; 59.433,34 ; 261.480,31 ; 117.642,18 ; 109.634,54 ; 101.429,50 ; 119.347,55 ; 60.498,40 ; 74.349,24 ; 85.440,24 ; 206.303,65 ; 136.547,88 ; 263.297,64 ; 18.438,39 ; 293.949,86 ; 145.638,20 ; 117.925,15 ; 118.448,95 ; 103.588,32 ; 69.506,92 ; 75.334,92 ; 104.925,44 ; 103.423,50 ; 104.132,34 ; 101.764,32 ; 124.612,16 ; 72.328,49 ; 157.082,31 ; 76.413,07 ; 164.909,47 ; 135.828,26 ; 122.515,23 ; 158.818,23 ; 175.851,21 ; 228.210,85 ; -   ; -   ; -   ; 1.241.948,73 ; 471.062,38 ; 247.381,43 ; 261.785,79 ; 74.679,52 ; -   ; -   ; -   ; -   ; -   ; -   ; -   ; 2.714.403,56 ; 197.383,46 ; 178.426,88 ; 142.120,18 ; 161.621,25 ; 123.692,55 ; 172.334,51 ; 175.233,26 ; 220.960,50 ; 237.834,02 ; 261.772,88 ; 264.757,88 ; 246.978,72 ; 204.351,57 ; 158.332,08 ; 103.506,01 ; 128.223,52 ; 118.018,70 ; 138.853,70 ; 175.413,20 ; 221.199,56 ; 259.124,10 ; 244.460,81 ; 222.830,49 ; 236.786,96 ; 205.091,22 ; 162.254,42 ; 202.170,48 ; 229.766,31 ; 193.378,23 ; 217.593,95 ; 310.142,23 ; 354.461,42 ; 338.601,21 ; 370.769,64 ; 323.642,93 ; 386.662,57 ; 264.395,40 ; 311.032,72 ; 376.772,84 ; 336.844,36 ; 518.412,63 ; 461.063,45 ; 635.790,56 ; 724.398,09 ; 640.349,84 ; 739.639,39 ; 748.396,63 ; 605.857,66 ; 519.170,01 ; 671.531,58 ; 589.236,07 ; 659.071,09 ; 687.915,94 ; 852.121,51 ; 680.245,48 ; 785.588,95 ; 843.724,49 ; 970.542,86 ; 1.170.454,25 ; 1.033.719,98 ; 804.425,60 ; 734.634,48 ; 647.126,59 ; 617.440,98 ; 713.151,57 ; 718.765,62 ; 713.341,47 ; 810.866,06 ; 799.760,69 ; 744.790,05 ; 814.104,88 ; 707.098,46 ; 683.020,29 ; 646.235,23 ; 549.140,15 ; 678.562,21 ; 669.225,56 ; 604.407,61 ; 568.589,82 ; 739.707,24 ; 673.062,46 ; -   ; -   ; -   
Pará;PA;7.776.818,80;0,00;17.211.446,14;9.399.318,03;0,00;7.629.501,03;11.303.060,90;27.467.733,97;0,00;28.078.706,30;27.723.875,53;44.558.744,28;62.844.242,62;42.631.019,16;92.330.980,76;81.509.818,79;12.709.173,30;247.538.812,68;83.730.028,75;137.413.684,30;398.125.788,34;263.843.493,31;488.858.119,58;508.255.947,32;603.759,02;377.367,37;1.411.111,84;29.688,63;2.605.826,37;2.055.455,05;3.072.962,84;3.239.394,80;4.364.620,68;6.713.606,55;10.692.665,46;17.263.066,60;7.346,47;12.157,90;9.134,18;5.585,91;29.915,52;22.960,25;30.855,67;57.230,03;39.377,11;39.844,17;30.028,39;36.973,19;70.069,95;16.345,06;39.515,07;44.907,36;40.527,85;47.390,72;37.254,33;44.286,18;36.330,38;42.161,85;32.769,00;45.856,42;24.636,87;55.955,09;30.897,37;45.937,82;20.079,69;6.955,38;22.703,10;8.004,20;18.307,33;25.022,07;12.495,99;15.165,41;23.620,43;2.940,12;15.047,48;8.438,37;1.616,63;0,00;21.946,03;12.850,17;23.529,29;12.131,90;7.519,54;6.575,75;14.505,78;9.735,62;7.462,74;8.237,24;17.596,95;7.050,21;5.608,76;8.033,89;3.631,04;4.613,36;3.734,76;6.044,04;5.947,21;5.939,94;13.589,59;8.311,23;12.473,15;5.496,93;13.191,74; 20.947,67 ;14.673,63;22.486,55;16.245,10;13.709,82;15.858,09;12.123,69;11.424,14;10.655,49;20.057,08;15.888,33;14.828,66;15.248,49;9.561,74;21.046,58;9.373,12;11.933,12;9.687,08;0,00;0,00;0,00;3.934,69;9.403,95;16.915,25;20.540,13;10.202,58;18.718,02;0,00;0,00;39.123,77;15.091,48;11.283,54;15.650,83;13.258,53;3.973,04;0,00;31.963,58;0,00;0,00;84.737,75;0,00;158.367,45;39.215,36;66.758,93;28.323,07;42.705,23;22.421,30;0,00;0,00;0,00;0,00;0,00;124.995,54;216.898,82;29.871,33;48.098,31;17.082,45;0,00;0,00;0,00;167.438,28;51.190,47;33.765,96;44.923,08;48.723,68; 31.236,23 ; 36.015,15 ; 34.542,51 ; 31.006,13 ; 30.411,87 ; 33.979,68 ; 29.613,44 ; 32.202,83 ; 28.141,23 ; 28.828,25 ; 34.191,12 ; 24.512,79 ; 33.848,18 ; 32.659,80 ; 45.666,23 ; 24.689,84 ; 35.401,20 ; 43.901,76 ; 46.386,17 ; 42.528,55 ; 49.628,39 ; 40.367,89 ; 41.567,13 ; 41.961,86 ; 39.903,34 ; 33.401,81 ; 37.028,13 ; 39.271,82 ; 53.735,58 ; 37.619,61 ; 43.012,86 ; 53.924,03 ; 13.488,42 ; 61.573,63 ; 44.959,99 ; 51.899,96 ; 67.934,62 ; 35.402,18 ; 39.714,05 ; 69.741,42 ; 46.418,78 ; 27.229,09 ; 62.325,24 ; 46.957,56 ; 38.865,59 ; 54.280,11 ; 66.101,98 ; 49.523,30 ; 50.019,15 ; -   ; 165.917,64 ; 113.375,87 ; 41.774,15 ; 64.017,90 ; 69.615,07 ; 72.565,02 ; 61.299,31 ; 66.597,27 ; 66.394,59 ; 55.575,59 ; 55.204,84 ; 40.610,52 ; 54.830,10 ; 32.556,98 ; 42.457,73 ; 48.134,75 ; 53.750,92 ; 50.646,32 ; 38.980,37 ; 56.850,78 ; 20.508,67 ; 38.025,17 ; 74.606,21 ; 38.088,23 ; 29.057,83 ; 38.455,72 ; 34.291,65 ; 38.999,61 ; 40.634,59 ; 54.988,23 ; 48.386,76 ; 55.224,98 ; 66.189,88 ; 74.616,00 ; 81.920,04 ; 75.435,02 ; 56.558,40 ; 69.721,05 ; 81.042,69 ; 91.893,91 ; 110.436,41 ; 117.975,76 ; 132.516,56 ; 141.147,52 ; 25.316,59 ; 232.031,99 ; 128.883,11 ; 69.003,32 ; 110.617,18 ; 101.195,15 ; 54.543,30 ; 44.847,24 ; 67.218,29 ; 238.482,05 ; 83.590,88 ; 237.302,25 ; 13.913,97 ; 216.726,95 ; 178.597,11 ; 101.718,90 ; 106.013,48 ; 106.285,87 ; 75.678,75 ; 78.646,21 ; 88.005,46 ; 89.776,95 ; 104.680,75 ; 101.637,24 ; 93.735,81 ; 48.804,53 ; 153.941,42 ; 71.450,17 ; 145.966,81 ; 135.035,08 ; 124.319,88 ; 146.411,35 ; 126.414,52 ; 158.950,14 ; -   ; -   ; -   ; 915.868,15 ; 513.615,01 ; 292.070,50 ; 339.001,49 ; 89.312,50 ; -   ; -   ; -   ; -   ; -   ; -   ; -   ; 3.011.807,37 ; 267.924,14 ; 240.398,61 ; 193.138,88 ; 187.131,59 ; 160.932,95 ; 206.999,18 ; 192.184,77 ; 190.416,99 ; 226.059,81 ; 254.689,14 ; 280.289,96 ; 244.734,12 ; 219.709,91 ; 144.641,08 ; 107.446,42 ; 122.974,71 ; 163.106,52 ; 155.790,43 ; 162.390,74 ; 176.302,95 ; 247.200,12 ; 205.482,26 ; 201.800,91 ; 227.901,68 ; 237.249,30 ; 195.866,96 ; 205.947,80 ; 236.391,17 ; 198.847,04 ; 233.387,75 ; 323.307,43 ; 336.873,54 ; 494.781,65 ; 380.042,42 ; 343.245,22 ; 395.699,08 ; 364.052,66 ; 488.708,36 ; 502.324,09 ; 608.699,53 ; 1.016.481,15 ; 716.743,57 ; 939.846,61 ; 1.033.650,92 ; 1.026.141,28 ; 1.162.968,05 ; 1.006.749,31 ; 862.506,68 ; 678.902,75 ; 775.211,36 ; 693.756,51 ; 672.731,21 ; 769.360,38 ; 907.324,10 ; 676.708,19 ; 901.886,69 ; 904.656,02 ; 890.961,61 ; 956.550,47 ; 972.857,71 ; 955.906,83 ; 797.944,48 ; 727.537,20 ; 641.008,42 ; 778.835,12 ; 688.497,80 ; 780.029,29 ; 913.488,31 ; 775.152,42 ; 868.188,69 ; 737.687,88 ; 875.007,88 ; 900.101,73 ; 770.599,91 ; 554.463,29 ; 594.130,57 ; 561.678,03 ; 410.003,17 ; 259.827,66 ; 372.224,03 ; 270.110,25 ; -   ; -   ; -   
Paraíba;PB;12.948,98;0,00;42.550,82;204.936,99;0,00;97.421,08;0,00;0,00;0,00;3.596,99;0,00;72.349,41;0,00;0,00;0,00;0,00;0,00;0,00;0,00;0,00;0,00;0,00;0,00;0,00;0,00;0,00;607,53;0,00;0,00;1.050,68;0,00;2.082,45;0,00;0,00;58.170,83;6.708,04;3,13;0,00;0,00;0,00;0,00;0,00;0,00;0,00;0,00;0,00;0,00;0,00;0,00;0,00;0,00;0,00;0,00;0,00;0,00;0,00;0,00;0,00;0,00;0,00;0,00;70,73;0,00;0,00;0,00;0,00;0,00;0,00;0,00;0,00;0,00;0,00;0,00;0,00;0,00;0,00;0,00;0,00;0,00;0,00;0,00;0,00;0,00;0,00;0,00;0,00;0,00;0,00;0,00;0,00;0,00;0,00;0,00;0,00;0,00;0,00;0,00;0,00;0,00;0,00;0,00;0,00;0,00; -   ;0,00;0,00;0,00;0,00;0,00;0,00;0,00;0,00;0,00;0,00;0,00;0,00;0,00;0,00;0,00;0,00;0,00;0,00;0,00;0,00;0,00;0,00;0,00;0,00;0,00;0,00;0,00;0,00;0,00;0,00;0,00;0,00;0,00;0,00;0,00;0,00;0,00;0,00;0,00;0,00;0,00;0,00;0,00;0,00;0,00;0,00;0,00;0,00;0,00;0,00;0,00;0,00;0,00;0,00;0,00;0,00;0,00;0,00;0,00;39,78;0,00;0,00;0,00;0,00; -   ; -   ; -   ; -   ; -   ; -   ; -   ; -   ; -   ; -   ; -   ; -   ; -   ; -   ; -   ; -   ; -   ; -   ; -   ; -   ; -   ; -   ; -   ; -   ; -   ; -   ; -   ; -   ; -   ; -   ; -   ; -   ; -   ; -   ; -   ; 123,79 ; 1.024,18 ; 17,05 ; 51,15 ; 151,44 ; 868,18 ; 334,76 ; -   ; 56,63 ; 75,86 ; -   ; -   ; -   ; -   ; -   ; -   ; 676,17 ; -   ; -   ; -   ; 246,20 ; 150,40 ; -   ; -   ; -   ; -   ; -   ; -   ; -   ; -   ; -   ; -   ; -   ; -   ; -   ; -   ; -   ; -   ; -   ; -   ; -   ; -   ; -   ; -   ; -   ; -   ; -   ; -   ; -   ; -   ; -   ; -   ; -   ; -   ; -   ; -   ; 105,61 ; 155,75 ; -   ; -   ; -   ; -   ; -   ; 790,41 ; -   ; -   ; -   ; -   ; 200,97 ; -   ; -   ; -   ; -   ; -   ; -   ; -   ; -   ; 2,61 ; -   ; -   ; -   ; -   ; -   ; -   ; -   ; -   ; -   ; 40,29 ; 156,42 ; -   ; -   ; -   ; 207,68 ; -   ; -   ; -   ; 30,26 ; 58,17 ; -   ; -   ; -   ; -   ; -   ; -   ; -   ; -   ; -   ; -   ; 6,62 ; 136,35 ; -   ; -   ; -   ; 165,41 ; -   ; -   ; -   ; -   ; -   ; -   ; -   ; -   ; -   ; 30,84 ; -   ; -   ; -   ; -   ; -   ; -   ; -   ; -   ; -   ; -   ; -   ; -   ; -   ; -   ; 962,40 ; -   ; -   ; -   ; 90,38 ; -   ; 304,40 ; -   ; -   ; -   ; -   ; -   ; -   ; -   ; -   ; -   ; -   ; 299,92 ; -   ; -   ; 960,64 ; -   ; -   ; -   ; 6.566,07 ; 855,23 ; 7.278,63 ; 14.601,66 ; 16.649,46 ; 16.427,66 ; 108.438,64 ; 68.211,80 ; 147.346,42 ; 106.058,80 ; 94.774,92 ; 52.455,87 ; 75.959,27 ; 52.238,57 ; 106.849,05 ; 46.847,94 ; 40.373,37 ; 45.509,87 ; 58.383,40 ; 61.604,10 ; 51.756,95 ; 27.401,42 ; 28.515,57 ; 17.803,18 ; 3.442,95 ; 5.257,11 ; 10.993,96 ; 5.184,60 ; -   ; -   ; -   
Pernambuco;PE;4.114,82;0,00;0,00;0,00;0,00;0,00;0,00;0,00;0,00;0,00;0,00;27.711,11;0,00;0,00;0,00;0,00;105.546,45;0,00;0,00;153.159,93;0,00;29.457,60;0,00;0,00;0,00;0,00;0,00;0,00;0,00;0,00;0,00;0,00;0,00;0,00;0,00;0,00;0,00;8,83;0,00;0,00;0,00;0,00;0,00;0,00;0,00;0,00;0,00;0,00;0,00;0,00;0,00;0,00;0,00;0,00;0,00;0,00;0,00;0,00;0,00;0,00;0,00;0,00;0,00;15,58;0,00;0,00;0,00;0,00;0,00;0,00;0,00;0,00;0,00;0,00;0,00;0,00;0,00;0,00;0,00;0,00;0,00;0,00;0,00;0,00;0,00;0,00;0,00;0,00;0,00;0,00;0,00;0,00;0,00;0,00;0,00;0,00;0,00;0,00;0,00;0,00;0,00;0,00;0,00; -   ;0,00;0,00;0,00;0,00;0,00;0,00;0,00;0,00;0,00;0,00;0,00;0,00;0,00;0,00;0,00;0,00;0,00;0,00;0,00;0,00;0,00;0,00;0,00;0,00;0,00;0,00;0,00;0,00;0,00;0,00;0,00;0,00;0,00;0,00;0,00;0,00;0,00;0,00;0,00;0,00;0,00;0,00;0,00;0,00;0,00;0,00;0,00;0,00;0,00;0,00;0,00;0,00;0,00;0,00;0,00;0,00;0,00;0,00;0,00;0,00;0,00;0,00;0,00;0,00; -   ; -   ; -   ; -   ; -   ; -   ; -   ; -   ; -   ; -   ; -   ; -   ; -   ; -   ; -   ; -   ; -   ; -   ; -   ; -   ; -   ; -   ; -   ; -   ; -   ; -   ; -   ; -   ; -   ; -   ; -   ; -   ; -   ; 81,37 ; -   ; -   ; -   ; -   ; -   ; -   ; 8,64 ; -   ; -   ; -   ; -   ; -   ; -   ; -   ; -   ; -   ; -   ; -   ; -   ; -   ; -   ; -   ; -   ; -   ; -   ; -   ; -   ; -   ; -   ; -   ; -   ; -   ; -   ; -   ; -   ; -   ; -   ; -   ; -   ; -   ; -   ; -   ; -   ; -   ; -   ; -   ; -   ; -   ; -   ; -   ; -   ; -   ; -   ; -   ; -   ; -   ; -   ; -   ; -   ; -   ; -   ; -   ; -   ; -   ; 19,14 ; -   ; -   ; -   ; -   ; -   ; -   ; -   ; -   ; -   ; -   ; -   ; -   ; -   ; -   ; -   ; -   ; -   ; -   ; -   ; -   ; -   ; -   ; -   ; 1.156,83 ; -   ; -   ; -   ; -   ; -   ; -   ; -   ; -   ; -   ; -   ; -   ; -   ; -   ; -   ; -   ; -   ; -   ; -   ; -   ; -   ; -   ; -   ; -   ; -   ; -   ; -   ; -   ; -   ; 12,03 ; -   ; -   ; -   ; -   ; -   ; -   ; -   ; 24,41 ; -   ; -   ; -   ; -   ; -   ; -   ; -   ; -   ; -   ; -   ; -   ; -   ; -   ; -   ; -   ; -   ; -   ; -   ; 63,39 ; -   ; -   ; -   ; -   ; -   ; -   ; -   ; -   ; -   ; -   ; -   ; -   ; -   ; -   ; -   ; -   ; -   ; -   ; -   ; 8.048,09 ; 11.822,98 ; 5.592,28 ; 4.773,37 ; 17.658,04 ; 32.039,19 ; 23.395,53 ; 10.489,46 ; 13.246,18 ; 5.961,08 ; 3.941,31 ; 9.741,07 ; 8.394,89 ; 3.610,93 ; -   ; -   ; -   ; -   ; -   ; -   ; -   ; -   ; 881,44 ; -   ; 37,31 ; 121,44 ; -   ; -   ; -   ; -   
Piauí;PI;0,00;0,00;0,00;0,00;0,00;0,00;0,00;298.025,75;0,00;0,00;0,00;0,00;0,00;0,00;0,00;0,00;0,00;0,00;0,00;0,00;0,00;0,00;0,00;0,00;0,00;0,00;0,00;0,00;0,00;0,00;0,00;0,00;3.490,42;0,00;722,08;0,00;119,74;0,00;0,00;0,00;0,00;0,00;0,00;0,00;0,00;0,00;0,00;0,00;0,00;0,00;0,00;0,00;0,00;0,00;0,00;0,00;0,00;0,00;0,00;0,00;0,00;0,00;0,00;0,00;0,00;0,00;0,00;0,00;0,00;0,00;0,00;0,00;0,00;0,00;0,00;0,00;0,00;0,00;0,00;0,00;0,00;0,00;0,00;0,00;0,00;0,00;0,00;0,00;0,00;0,00;0,00;0,00;0,00;0,00;0,00;0,00;0,00;0,00;0,00;0,00;0,00;0,00;0,00; -   ;0,00;0,00;0,00;0,00;0,00;0,00;0,00;0,00;0,00;0,00;0,00;0,00;0,00;0,00;0,00;0,00;0,00;0,00;0,00;0,00;0,00;0,00;0,00;0,00;0,00;0,00;0,00;0,00;0,00;0,00;0,00;0,00;0,00;0,00;0,00;0,00;0,00;0,00;0,00;0,00;0,00;0,00;0,00;0,00;0,00;0,00;0,00;0,00;0,00;0,00;0,00;0,00;0,00;0,00;0,00;42,00;0,00;0,00;0,00;0,00;0,00;0,00;0,00;0,00; -   ; -   ; -   ; -   ; -   ; -   ; -   ; -   ; -   ; -   ; -   ; -   ; -   ; -   ; -   ; -   ; -   ; -   ; -   ; -   ; -   ; -   ; -   ; -   ; -   ; -   ; -   ; -   ; -   ; -   ; -   ; -   ; -   ; -   ; 124,40 ; 107,43 ; -   ; -   ; -   ; -   ; 31,12 ; -   ; -   ; -   ; 46,82 ; 20,10 ; 65,37 ; 34,12 ; -   ; -   ; 17,03 ; 465,76 ; 88,89 ; -   ; -   ; -   ; -   ; 93,61 ; 63,69 ; -   ; -   ; -   ; -   ; 93,96 ; -   ; -   ; -   ; -   ; -   ; -   ; -   ; 46,82 ; -   ; -   ; -   ; -   ; -   ; -   ; -   ; -   ; -   ; -   ; -   ; 46,82 ; -   ; -   ; 72,73 ; -   ; -   ; 31,66 ; 57,02 ; 152,29 ; -   ; -   ; 31,17 ; -   ; 181,68 ; -   ; 125,13 ; 205,12 ; -   ; 182,39 ; -   ; 669,85 ; 16,47 ; -   ; -   ; -   ; 24.134,22 ; 113,12 ; 165,25 ; -   ; 48,64 ; -   ; -   ; -   ; -   ; -   ; -   ; -   ; -   ; -   ; -   ; -   ; 1.807,47 ; 183,93 ; -   ; 162,19 ; -   ; -   ; -   ; 149,42 ; -   ; 337,20 ; -   ; 202,98 ; -   ; -   ; -   ; -   ; -   ; -   ; -   ; 77,17 ; 238,17 ; -   ; 161,41 ; -   ; -   ; 38,31 ; -   ; 33,16 ; -   ; 46,91 ; -   ; -   ; -   ; -   ; -   ; -   ; -   ; -   ; -   ; -   ; -   ; -   ; -   ; -   ; -   ; -   ; 1.364,07 ; -   ; 7,50 ; -   ; 29,67 ; -   ; -   ; 167,94 ; 172,54 ; -   ; 3.616,98 ; 42,13 ; -   ; -   ; -   ; 39.964,23 ; 268,89 ; 33.923,59 ; 9.613,15 ; 3.098,87 ; 58.433,60 ; 50.952,86 ; 59.089,75 ; 69.684,41 ; 95.769,34 ; 68.552,41 ; 73.476,35 ; 62.248,03 ; 40.948,71 ; 42.776,89 ; 85.224,65 ; 71.526,94 ; 68.791,12 ; -   ; 6,08 ; -   ; 143,22 ; 32,63 ; -   ; -   ; -   ; 164,93 ; -   ; 42,69 ; -   ; -   ; -   ; -   ; -   ; 4,54 ; -   ; -   ; 15,00 ; 57,61 ; -   ; -   ; -   ; -   
Paraná;PR;483.592,77;0,00;1.416.945,74;911.413,95;0,00;0,00;0,00;0,00;0,00;29.540,79;0,00;77.794,86;15.300,00;93.786,99;2.866.884,59;44.457,30;44.827,64;50.418,90;88.355,51;83.399,88;97.690,56;68.520,63;108.000,00;311.031,72;436,86;0,00;66,57;0,00;587,35;0,00;0,00;0,00;7.155,44;0,00;0,00;4.993,03;0,00;0,00;0,00;0,00;0,00;0,00;0,00;0,00;0,00;0,00;0,00;0,00;251,04;0,00;0,00;835,48;1.014,37;255,00;0,00;0,00;0,00;0,00;0,00;228,76;0,00;0,00;0,00;0,00;0,00;0,00;0,00;0,00;0,00;0,00;0,00;29,68;0,00;0,00;0,00;0,00;0,00;0,00;0,00;125,72;0,00;0,00;0,00;0,00;594,87;0,00;0,00;0,00;0,00;0,00;0,00;0,00;0,00;0,00;0,00;0,00;0,00;0,00;0,00;0,00;0,00;0,00;0,00; -   ;0,00;0,00;0,00;0,00;0,00;0,00;0,00;0,00;0,00;0,00;0,00;0,00;0,00;0,00;0,00;0,00;433,62;0,00;0,00;0,00;294,60;1.033,50;1.529,56;964,80;984,00;1.572,00;0,00;0,00;4.161,03;1.411,50;1.323,90;4.493,76;279,46;614,37;0,00;6.949,23;0,00;0,00;5.311,18;0,00;11.345,00;2.467,50;2.969,70;0,00;0,00;0,00;0,00;0,00;0,00;0,00;0,00;0,00;0,00;0,00;0,00;0,00;0,00;0,00;0,00;0,00;0,00;0,00;0,00;0,00; -   ; -   ; -   ; -   ; -   ; -   ; -   ; -   ; -   ; -   ; -   ; -   ; -   ; -   ; -   ; -   ; -   ; 624,02 ; -   ; -   ; -   ; 626,10 ; 119,46 ; -   ; -   ; -   ; -   ; 648,77 ; -   ; 649,34 ; -   ; 295,65 ; -   ; -   ; 230,92 ; 43,79 ; 2.538,00 ; -   ; -   ; -   ; -   ; -   ; -   ; -   ; -   ; -   ; -   ; -   ; -   ; -   ; -   ; -   ; -   ; -   ; -   ; -   ; -   ; -   ; -   ; -   ; -   ; -   ; -   ; -   ; -   ; -   ; -   ; -   ; -   ; -   ; -   ; -   ; -   ; -   ; -   ; -   ; -   ; -   ; 641,92 ; -   ; -   ; -   ; 99,79 ; -   ; -   ; -   ; -   ; -   ; -   ; -   ; -   ; -   ; -   ; -   ; -   ; -   ; -   ; -   ; -   ; -   ; -   ; -   ; -   ; -   ; -   ; -   ; -   ; -   ; -   ; -   ; -   ; -   ; -   ; -   ; -   ; -   ; -   ; -   ; -   ; -   ; -   ; -   ; -   ; 41,58 ; -   ; -   ; -   ; -   ; -   ; -   ; -   ; 3,57 ; -   ; -   ; -   ; -   ; -   ; -   ; -   ; -   ; -   ; -   ; -   ; -   ; -   ; -   ; -   ; -   ; -   ; -   ; -   ; -   ; -   ; -   ; -   ; -   ; -   ; 30,12 ; -   ; -   ; -   ; -   ; -   ; 33,63 ; 160,77 ; 4,21 ; 117,85 ; 120,80 ; 244,71 ; -   ; -   ; -   ; -   ; -   ; -   ; -   ; -   ; -   ; -   ; -   ; -   ; -   ; -   ; -   ; -   ; -   ; -   ; -   ; -   ; 62,70 ; -   ; -   ; -   ; -   ; -   ; -   ; -   ; -   ; -   ; -   ; -   ; -   ; -   ; -   ; -   ; -   ; -   ; -   ; -   ; -   ; -   ; -   ; -   ; -   ; -   ; -   ; -   ; -   ; -   ; -   ; -   ; -   ; -   ; -   ; 21,83 ; -   ; -   ; -   
Rio de Janeiro;RJ;265.919,17;0,00;111.578,69;14.855,52;0,00;26,82;0,00;0,00;0,00;1.923.920,56;1.943.117,73;1.256.979,19;6.080.362,21;0,00;4.997.081,47;359.618,78;0,00;11.992.695,25;-5.585.204,19;135.822,98;573.161,45;19.797.239,70;23.564.368,93;26.730.754,65;86.958,75;68.080,33;52.719,58;0,00;84.954,16;150.091,03;7.179,75;4.637,11;1.064.945,11;1.209.450,14;767.302,49;2.334.241,91;673,60;1.205,46;636,63;776,47;581,53;49,12;60,21;5,78;143,45;3.570,69;3.347,31;2.826,18;3.431,62;27,17;52,24;13,10;149,44;0,00;821,66;91,22;84,79;291,27;75,38;256,43;166,61;629,99;75,84;89,20;502,16;1.226,17;9.250,42;1.248,50;1.507,55;37,90;0,00;0,00;4.416,97;0,00;0,00;0,00;0,00;0,00;0,00;0,00;285,04;821,21;206,95;161,13;0,00;0,00;0,00;0,00;6.288,93;0,00;51,84;0,00;0,00;270,15;121,03;5.452,58;820,26;102,05;1.212,94;0,00;165,63;0,00;0,00; -   ;0,00;0,00;0,00;0,00;0,00;0,00;0,00;0,00;0,00;0,00;0,00;0,00;0,00;0,00;0,00;0,00;0,00;0,00;0,00;0,00;0,00;0,00;1.085,34;0,00;0,00;377,55;0,00;0,00;653,12;484,34;675,00;339,00;326,00;0,00;0,00;639,97;0,00;0,00;1.146,13;0,00;7.017,05;1.504,41;3.282,69;1.377,77;1.538,97;1.590,67;0,00;0,00;0,00;0,00;0,00;12.050,07;26.704,10;3.557,85;8.249,43;1.934,53;0,00;0,00;0,00;30.823,53;8.816,82;6.502,41;5.320,37;9.768,11; 4.572,43 ; 4.479,86 ; 2.316,18 ; 4.662,77 ; 5.620,55 ; 2.672,55 ; 2.861,32 ; 3.808,68 ; 4.080,96 ; 3.703,98 ; 4.101,15 ; 4.366,58 ; 5.193,89 ; 5.586,17 ; 5.358,68 ; 3.995,44 ; 6.878,31 ; 7.267,18 ; 5.152,67 ; 5.309,36 ; 6.363,96 ; 7.135,20 ; 4.120,16 ; 5.658,53 ; 6.590,56 ; 4.578,61 ; 4.611,88 ; 7.458,63 ; 8.121,50 ; 7.498,92 ; 7.371,38 ; 8.621,26 ; 839,54 ; 9.111,16 ; 5.694,31 ; 8.040,94 ; 8.600,68 ; 6.356,93 ; 5.345,02 ; 7.798,21 ; 5.633,87 ; 3.505,57 ; 9.666,67 ; 8.384,91 ; 4.343,92 ; 7.894,02 ; 5.252,45 ; 4.570,15 ; 1.687,96 ; -   ; 12.356,90 ; 13.381,41 ; 2.548,28 ; 7.978,75 ; 2.179,16 ; 3.387,61 ; 4.106,39 ; 3.692,79 ; 2.876,57 ; 3.329,83 ; 2.349,77 ; 572,41 ; 842,73 ; 2.182,54 ; 3.093,39 ; 2.848,58 ; 3.315,49 ; 787,01 ; 2.148,90 ; 2.614,06 ; 527,03 ; 3.172,35 ; 9.198,22 ; 331,56 ; 2.588,17 ; 4.136,85 ; 1.804,81 ; 3.041,99 ; 966,74 ; 984,56 ; 3.234,67 ; 3.067,27 ; 1.555,65 ; 1.190,34 ; 613,11 ; 3.307,30 ; 2.866,71 ; 915,86 ; 3.806,56 ; 6.860,96 ; 2.015,87 ; 3.277,59 ; 5.469,50 ; 5.822,24 ; 1.511,99 ; 14.119,35 ; 1.922,93 ; 4.631,92 ; 3.734,31 ; 4.933,14 ; 3.122,85 ; 2.266,32 ; 1.962,94 ; 5.383,26 ; 7.245,76 ; 6.290,56 ; 493,22 ; 4.498,26 ; 4.925,21 ; 2.455,72 ; 4.998,21 ; 3.445,82 ; 812,43 ; 800,75 ; 1.974,81 ; 1.943,72 ; 3.629,24 ; 2.329,03 ; 2.727,95 ; 1.188,75 ; 4.439,31 ; 2.469,37 ; 7.762,96 ; 8.562,00 ; 6.567,43 ; 10.172,86 ; 5.276,57 ; 9.720,52 ; -   ; -   ; -   ; 71.386,69 ; 24.059,38 ; 19.638,46 ; 36.235,01 ; 7.974,47 ; -   ; -   ; -   ; -   ; -   ; -   ; -   ; 154.241,82 ; 5.617,25 ; 10.273,62 ; 11.536,52 ; 9.778,15 ; 12.936,68 ; 12.271,41 ; 7.731,77 ; 6.315,71 ; 8.320,75 ; 4.452,39 ; 6.516,06 ; 5.348,73 ; 1.668,79 ; 3.879,92 ; 3.954,51 ; 4.897,94 ; 4.486,82 ; 4.431,28 ; 3.629,30 ; 2.771,77 ; 6.783,62 ; 5.862,17 ; 1.910,88 ; 3.212,68 ; 1.879,79 ; 2.506,45 ; 4.394,07 ; 6.058,19 ; 2.628,86 ; 4.078,74 ; 1.332,69 ; -   ; -   ; -   ; -   ; -   ; -   ; -   ; -   ; -   ; -   ; -   ; -   ; -   ; -   ; -   ; -   ; -   ; 888,09 ; -   ; -   ; -   ; -   ; -   ; -   ; -   ; -   ; -   ; -   ; 1.181,21 ; -   ; 34,11 ; -   ; -   ; -   ; -   ; -   ; -   ; -   ; -   ; -   ; -   ; -   ; -   ; -   ; -   ; -   ; -   ; 4.671,38 ; 5.252,38 ; -   ; -   ; -   ; -   
Rio Grande do Norte;RN;0,00;0,00;71.547,77;7.202,71;0,00;0,00;0,00;0,00;0,00;0,00;0,00;68.949,38;0,00;0,00;0,00;0,00;0,00;0,00;0,00;0,00;0,00;0,00;0,00;0,00;0,00;0,00;0,00;0,00;0,32;0,00;0,00;0,00;0,00;0,00;0,00;0,00;0,00;0,00;0,00;0,00;8,05;0,00;0,00;0,00;0,00;0,00;0,00;0,00;0,00;0,00;0,00;0,00;0,00;0,00;0,00;0,00;0,00;0,00;0,00;0,00;0,00;0,00;0,00;0,00;0,00;0,00;0,00;0,00;0,00;0,00;0,00;0,00;0,00;0,00;0,00;0,00;0,00;0,00;0,00;0,00;0,00;0,00;0,00;0,00;0,00;0,00;0,00;0,00;0,00;0,00;0,00;0,00;0,00;0,00;0,00;0,00;0,00;0,00;0,00;0,00;0,00;0,00;0,00; -   ;0,00;0,00;0,00;0,00;0,00;0,00;0,00;0,00;0,00;0,00;0,00;0,00;0,00;0,00;0,00;0,00;0,00;0,00;0,00;0,00;0,00;0,00;0,00;0,00;0,00;0,00;0,00;0,00;0,00;0,00;0,00;0,00;0,00;0,00;0,00;0,00;0,00;0,00;0,00;0,00;0,00;0,00;0,00;0,00;0,00;0,00;0,00;0,00;0,00;0,00;0,00;0,00;0,00;0,00;0,00;0,00;0,00;0,00;0,00;0,00;0,00;0,00;0,00;0,00; -   ; -   ; -   ; -   ; -   ; -   ; -   ; -   ; -   ; -   ; -   ; -   ; -   ; -   ; -   ; -   ; -   ; -   ; -   ; -   ; -   ; -   ; -   ; -   ; -   ; -   ; -   ; -   ; -   ; -   ; -   ; -   ; -   ; -   ; -   ; -   ; -   ; 649,29 ; -   ; -   ; -   ; 91,62 ; -   ; -   ; -   ; -   ; -   ; -   ; -   ; -   ; -   ; -   ; -   ; -   ; -   ; -   ; -   ; -   ; 20,58 ; -   ; -   ; -   ; -   ; -   ; -   ; -   ; -   ; -   ; 160,75 ; -   ; -   ; -   ; -   ; 498,68 ; -   ; -   ; -   ; 125,52 ; -   ; -   ; 220,51 ; -   ; 33,40 ; -   ; 21,35 ; -   ; -   ; -   ; -   ; -   ; -   ; -   ; -   ; -   ; -   ; -   ; 4,20 ; -   ; -   ; -   ; -   ; -   ; -   ; -   ; 65,43 ; -   ; -   ; -   ; -   ; -   ; -   ; -   ; -   ; -   ; 18,63 ; 262,03 ; 2.074,18 ; 145,21 ; -   ; 198,66 ; 231,70 ; -   ; 161,54 ; -   ; -   ; -   ; -   ; -   ; -   ; -   ; -   ; -   ; -   ; -   ; -   ; -   ; -   ; -   ; -   ; -   ; -   ; -   ; -   ; 45,27 ; -   ; -   ; -   ; -   ; -   ; -   ; -   ; -   ; -   ; -   ; 124,79 ; -   ; -   ; -   ; -   ; -   ; -   ; -   ; 5.971,30 ; 14.457,94 ; 19.387,02 ; 22.486,33 ; 21.584,33 ; 31.708,94 ; 24.525,89 ; 12.958,39 ; 10.728,00 ; 11.144,03 ; 10.190,27 ; 12.318,74 ; 30.030,57 ; 24.634,09 ; 40.389,07 ; 36.880,83 ; 33.868,35 ; 35.912,63 ; 27.871,33 ; 17.146,53 ; 8.137,52 ; 17.297,36 ; 13.329,28 ; 10.635,17 ; 4.852,32 ; 11.475,82 ; 9.154,45 ; 4.006,21 ; 3.847,50 ; 8.365,51 ; 2.318,05 ; 2.791,35 ; 2.143,66 ; 5.221,10 ; 2.629,98 ; 3.408,73 ; 4.315,41 ; 7.044,68 ; 9.267,27 ; 6.642,81 ; 83.327,87 ; 40.299,15 ; 22.282,35 ; 17.263,29 ; 77.721,06 ; 70.518,18 ; 89.318,17 ; 51.639,58 ; 50.245,40 ; 46.720,85 ; 28.706,48 ; 19.297,99 ; 2.778,63 ; 13.263,30 ; 29.213,19 ; 18.252,10 ; 11.066,97 ; 5.630,99 ; 5.498,54 ; 860,48 ; 1.452,57 ; 1.814,20 ; 1.370,44 ; -   ; -   ; -   
Rondônia;RO;3.546.331,89;0,00;8.181.117,16;3.359.849,50;0,00;2.841.148,28;2.776.112,59;5.168.277,60;0,00;6.988.220,32;14.982.203,67;18.117.082,16;19.120.733,11;8.569.349,84;18.961.298,15;17.556.888,94;4.855.232,41;41.519.362,55;20.983.180,21;24.420.429,51;75.855.631,65;76.789.603,96;99.585.264,35;135.325.361,36;124.848,47;61.104,24;217.339,22;31.848,17;401.571,82;226.714,95;348.913,43;492.489,05;801.061,49;1.640.131,20;1.764.136,77;3.453.846,86;1.201,73;2.243,79;1.845,69;1.110,74;4.798,55;5.171,11;3.260,52;14.424,37;5.134,65;8.164,91;7.590,54;8.791,54;8.783,00;2.883,19;4.009,25;2.672,01;4.098,56;2.899,48;4.852,83;6.943,41;2.514,63;5.062,99;3.438,38;3.915,30;1.885,87;4.100,34;1.693,05;3.058,30;1.397,78;1.171,50;3.747,41;1.062,08;3.231,02;5.571,89;2.513,70;2.758,60;3.624,28;336,00;2.809,97;1.440,66;773,40;0,00;3.425,88;7.483,52;3.977,26;4.604,97;3.490,83;1.307,13;7.365,27;751,26;922,98;1.922,34;650,42;437,20;3.059,14;601,53;1.821,82;2.263,01;762,33;7.690,15;1.369,26;1.716,50;7.303,05;2.876,87;3.668,69;3.218,39;5.000,80; 6.791,87 ;6.716,74;7.902,88;8.781,75;3.701,29;5.185,14;5.692,04;3.790,61;1.709,39;5.807,45;2.152,52;5.724,57;2.865,05;2.507,79;7.496,28;3.600,93;6.642,85;3.751,39;0,00;0,00;0,00;1.440,54;5.061,01;5.814,62;13.323,78;3.355,85;15.900,91;0,00;0,00;31.822,60;3.704,07;10.745,90;5.618,29;4.819,60;3.059,67;0,00;19.160,27;0,00;0,00;61.073,72;0,00;102.783,84;24.002,44;37.289,79;19.283,36;18.537,27;14.983,47;0,00;0,00;0,00;0,00;0,00;86.687,85;132.743,49;13.012,99;38.731,52;13.148,35;0,00;0,00;0,00;125.543,64;41.430,47;26.223,55;36.450,03;34.322,69; 16.890,11 ; 16.722,94 ; 15.004,11 ; 16.221,18 ; 10.538,28 ; 9.854,22 ; 9.385,89 ; 8.348,90 ; 12.551,15 ; 7.920,26 ; 6.804,40 ; 4.507,23 ; 5.717,00 ; 3.795,50 ; 6.284,87 ; 4.591,32 ; 3.269,33 ; 10.609,28 ; 11.728,63 ; 7.530,14 ; 12.249,52 ; 8.026,85 ; 6.042,39 ; 4.342,47 ; 6.050,22 ; 7.054,88 ; 5.463,01 ; 9.150,97 ; 9.418,66 ; 13.331,51 ; 12.150,09 ; 7.248,26 ; 2.439,82 ; 7.127,59 ; 3.681,62 ; 10.189,16 ; 10.252,74 ; 4.994,46 ; 5.133,08 ; 14.014,16 ; 6.484,92 ; 4.887,74 ; 8.402,69 ; 7.258,76 ; 8.637,25 ; 17.460,53 ; 19.018,71 ; 17.914,04 ; 18.717,59 ; -   ; 23.352,48 ; 22.909,20 ; 6.049,71 ; 8.250,68 ; 9.846,80 ; 9.562,55 ; 7.633,40 ; 6.879,70 ; 10.198,75 ; 9.958,74 ; 12.284,01 ; 5.855,82 ; 10.483,92 ; 7.249,66 ; 8.990,36 ; 11.149,23 ; 10.213,59 ; 10.792,09 ; 15.095,15 ; 21.189,08 ; 4.211,29 ; 17.669,19 ; 39.664,51 ; 18.937,24 ; 15.460,95 ; 38.983,36 ; 12.319,84 ; 14.962,36 ; 18.490,57 ; 20.982,44 ; 27.725,26 ; 26.400,10 ; 27.484,62 ; 25.988,00 ; 6.799,82 ; 7.204,61 ; 6.975,28 ; 10.413,55 ; 12.670,69 ; 20.832,19 ; 25.862,19 ; 22.572,53 ; 19.545,24 ; 22.818,03 ; 5.971,36 ; 24.465,35 ; 8.861,21 ; 7.436,82 ; 12.490,88 ; 12.759,44 ; 6.153,97 ; 7.938,89 ; 13.380,79 ; 25.706,43 ; 12.060,43 ; 27.798,82 ; 2.566,64 ; 36.134,05 ; 17.624,50 ; 13.150,00 ; 13.974,95 ; 20.326,57 ; 14.640,58 ; 15.507,26 ; 16.800,25 ; 18.386,82 ; 16.014,89 ; 17.692,54 ; 27.501,10 ; 15.349,74 ; 20.359,65 ; 10.888,77 ; 26.524,11 ; 21.326,52 ; 23.422,20 ; 23.585,67 ; 23.308,77 ; 45.170,36 ; -   ; -   ; -   ; 185.786,70 ; 56.362,29 ; 40.220,94 ; 42.708,03 ; 8.623,55 ; -   ; -   ; -   ; -   ; -   ; -   ; -   ; 311.251,33 ; 18.537,39 ; 13.641,81 ; 10.336,24 ; 12.271,31 ; 10.340,12 ; 6.853,03 ; 3.904,74 ; 2.496,57 ; 2.725,54 ; 2.822,82 ; 3.947,37 ; 3.744,10 ; 2.596,64 ; 1.730,47 ; 3.211,57 ; 2.410,89 ; 2.852,24 ; 2.050,64 ; 1.371,54 ; 2.644,14 ; 2.754,53 ; 2.203,17 ; 2.087,48 ; 1.793,34 ; 4.526,14 ; 2.901,65 ; 3.568,91 ; 3.786,36 ; 2.189,25 ; 1.722,60 ; 2.213,75 ; 1.530,13 ; 7.255,49 ; 3.560,33 ; 1.808,73 ; 5.293,84 ; 10.158,56 ; 8.246,59 ; 13.232,63 ; 63.937,65 ; 118.601,73 ; 95.228,85 ; 130.167,02 ; 149.151,02 ; 109.230,17 ; 92.910,93 ; 80.514,65 ; 65.329,53 ; 71.440,61 ; 122.719,02 ; 65.731,45 ; 83.910,59 ; 92.678,78 ; 124.159,47 ; 93.358,62 ; 135.295,86 ; 126.639,63 ; 89.567,17 ; 143.263,68 ; 132.759,67 ; 99.563,34 ; 89.337,50 ; 94.102,72 ; 48.203,63 ; 110.325,34 ; 107.949,23 ; 109.942,16 ; 110.405,79 ; 79.435,77 ; 73.624,82 ; 66.622,40 ; 63.531,20 ; 75.027,73 ; 65.934,91 ; 58.016,62 ; 89.743,18 ; 97.386,00 ; 61.490,23 ; 62.715,42 ; 79.076,64 ; 62.610,72 ; -   ; -   ; -   
Roraima;RR;1.210.722,10;0,00;3.138.984,61;1.548.380,86;0,00;1.833.865,30;2.577.309,71;4.589.409,01;0,00;2.029.381,27;1.923.267,86;3.304.516,31;5.652.608,03;2.004.151,07;5.746.334,08;3.712.915,25;133.206,99;13.930.094,33;2.940.865,00;7.922.875,05;19.812.309,75;20.652.445,36;34.001.667,94;37.438.958,62;57.176,95;28.398,12;123.018,33;10.034,58;214.354,53;111.563,95;184.066,83;239.386,42;289.618,00;444.189,92;549.239,75;928.545,77;357,79;727,10;717,42;507,36;1.952,89;1.884,43;1.141,98;3.735,37;1.537,63;2.872,53;1.578,79;2.239,11;2.355,49;901,99;1.545,47;1.198,83;1.903,16;1.068,50;1.185,66;1.322,69;521,21;899,73;280,76;588,66;392,89;336,29;228,64;679,84;231,83;364,75;933,61;268,21;227,77;1.322,58;675,33;709,43;1.461,33;0,00;913,65;83,22;0,00;0,00;0,00;173,00;550,95;497,24;733,09;155,70;1.310,32;0,00;10,63;364,33;685,78;297,59;0,00;0,00;0,00;480,00;0,00;144,00;443,94;384,00;1.381,18;240,00;735,12;1.357,34;2.498,40; 1.031,77 ;240,00;456,25;420,00;326,35;845,78;258,28;540,53;812,69;604,53;488,90;1.287,90;712,77;195,33;806,58;484,96;598,47;450,00;0,00;0,00;0,00;0,00;750,00;510,00;990,00;330,00;1.720,38;0,00;0,00;2.108,98;973,56;1.109,77;2.401,96;958,78;841,80;0,00;2.124,01;0,00;0,00;5.000,50;0,00;8.691,27;9.663,97;4.970,07;3.743,70;1.849,57;1.408,21;0,00;0,00;0,00;0,00;0,00;6.932,98;7.967,66;1.336,72;2.742,95;1.342,02;0,00;0,00;0,00;11.623,52;3.093,11;3.581,72;2.031,02;2.955,90; 662,54 ; 1.149,35 ; 403,33 ; 1.750,17 ; 970,14 ; 653,68 ; 736,47 ; 488,06 ; 334,30 ; 150,51 ; 319,94 ; 479,15 ; 419,91 ; 233,52 ; 752,68 ; 431,12 ; 827,61 ; 1.004,87 ; 730,51 ; 520,83 ; 874,50 ; 627,53 ; 1.135,30 ; 435,23 ; 1.201,94 ; -   ; 525,60 ; 817,56 ; 2.333,17 ; 1.577,85 ; 1.082,45 ; 1.803,31 ; 505,85 ; 754,33 ; 349,53 ; 440,67 ; 2.361,81 ; 232,92 ; -   ; 1.819,57 ; 2.145,79 ; 1.135,67 ; 1.317,42 ; 657,21 ; 1.776,01 ; 2.185,09 ; 1.688,83 ; 1.459,28 ; 1.774,87 ; -   ; 3.016,64 ; 2.894,76 ; 1.609,32 ; 1.732,53 ; 1.064,37 ; 647,02 ; 1.097,10 ; 1.054,83 ; 2.027,35 ; 922,90 ; -   ; -   ; -   ; -   ; -   ; -   ; -   ; -   ; -   ; -   ; -   ; -   ; -   ; -   ; -   ; -   ; -   ; -   ; -   ; -   ; -   ; -   ; -   ; -   ; -   ; -   ; -   ; -   ; -   ; -   ; -   ; -   ; -   ; -   ; -   ; -   ; -   ; -   ; -   ; -   ; -   ; -   ; -   ; -   ; -   ; -   ; -   ; -   ; -   ; -   ; -   ; -   ; -   ; -   ; -   ; -   ; -   ; -   ; -   ; -   ; -   ; -   ; -   ; -   ; -   ; -   ; -   ; -   ; -   ; -   ; -   ; -   ; -   ; -   ; -   ; -   ; -   ; -   ; -   ; -   ; -   ; -   ; -   ; -   ; -   ; -   ; -   ; -   ; -   ; -   ; -   ; -   ; -   ; -   ; -   ; -   ; -   ; -   ; -   ; -   ; -   ; -   ; -   ; -   ; -   ; -   ; -   ; -   ; -   ; -   ; -   ; 435,75 ; -   ; -   ; -   ; -   ; -   ; -   ; -   ; -   ; -   ; -   ; -   ; -   ; -   ; -   ; -   ; -   ; -   ; -   ; -   ; -   ; -   ; -   ; -   ; -   ; -   ; -   ; -   ; -   ; -   ; -   ; -   ; -   ; -   ; -   ; -   ; -   ; -   ; -   ; -   ; -   ; -   ; -   ; -   ; -   ; -   ; -   ; -   ; -   ; -   ; -   ; -   ; -   ; -   ; -   ; -   ; -   
Rio Grande do Sul;RS;15.924,37;0,00;512.998,44;0,00;0,00;0,00;0,00;0,00;0,00;0,00;0,00;0,00;0,00;0,00;0,00;0,00;0,00;0,00;0,00;0,00;0,00;0,00;0,00;0,00;0,00;0,00;0,00;0,00;0,00;0,00;0,00;6.794,42;0,00;0,00;0,00;0,00;4,27;0,00;0,00;0,00;0,00;0,00;0,00;10,53;0,00;0,00;0,00;0,00;0,00;0,00;0,00;0,00;22,58;2,53;0,00;1,53;0,00;0,00;0,00;0,00;0,00;0,00;29,13;0,00;0,00;0,00;0,00;0,00;0,00;0,00;0,00;0,00;0,00;0,00;0,00;0,00;0,00;0,00;0,00;0,00;0,00;0,00;0,00;0,00;0,00;0,00;0,00;0,00;0,00;0,00;0,00;0,00;0,00;0,00;0,00;0,00;0,00;0,00;0,00;0,00;0,00;0,00;0,00; -   ;0,00;2,40;0,00;0,00;0,00;0,00;0,00;0,00;0,00;0,00;0,00;0,00;0,00;0,00;0,00;0,00;0,00;0,00;0,00;0,00;0,00;0,00;0,00;0,00;0,00;0,00;0,00;0,00;0,00;0,00;0,00;0,00;0,00;0,00;0,00;0,00;0,00;0,00;0,00;0,00;0,00;0,00;0,00;0,00;0,00;0,00;0,00;0,00;0,00;0,00;0,00;121,29;0,00;0,00;0,00;0,00;0,00;0,00;0,00;0,00;0,00;0,00;0,00;0,00; -   ; -   ; -   ; -   ; -   ; -   ; -   ; -   ; -   ; -   ; -   ; -   ; -   ; -   ; -   ; -   ; -   ; -   ; -   ; -   ; -   ; -   ; -   ; -   ; -   ; -   ; -   ; -   ; -   ; -   ; -   ; -   ; -   ; -   ; -   ; -   ; -   ; -   ; -   ; -   ; -   ; -   ; 181,74 ; -   ; -   ; 173,69 ; -   ; -   ; -   ; -   ; 1.523,22 ; -   ; -   ; -   ; -   ; -   ; -   ; -   ; -   ; -   ; -   ; -   ; -   ; -   ; -   ; -   ; -   ; -   ; -   ; -   ; -   ; -   ; 2.799,49 ; 64,43 ; -   ; -   ; -   ; -   ; -   ; -   ; -   ; -   ; -   ; 1.295,87 ; 3,59 ; 570,89 ; -   ; -   ; -   ; -   ; -   ; -   ; -   ; -   ; -   ; -   ; -   ; -   ; 535,36 ; -   ; -   ; -   ; -   ; -   ; -   ; 299,25 ; 15,81 ; -   ; -   ; -   ; 167,51 ; -   ; -   ; 3,54 ; -   ; 161,32 ; 66,83 ; 31,85 ; -   ; 381,95 ; -   ; -   ; -   ; -   ; -   ; 324,62 ; -   ; 196,30 ; -   ; -   ; -   ; 172,51 ; 50,88 ; -   ; -   ; -   ; -   ; -   ; -   ; -   ; -   ; -   ; -   ; 112,17 ; -   ; -   ; -   ; -   ; -   ; -   ; -   ; -   ; -   ; -   ; -   ; 171,18 ; -   ; -   ; -   ; -   ; -   ; -   ; -   ; -   ; -   ; 67,68 ; -   ; -   ; -   ; -   ; -   ; -   ; -   ; -   ; -   ; -   ; -   ; -   ; -   ; 0,61 ; -   ; -   ; 182,33 ; -   ; -   ; -   ; 37,32 ; -   ; -   ; -   ; -   ; -   ; -   ; -   ; -   ; -   ; 34,42 ; -   ; 39,21 ; -   ; -   ; 348,68 ; -   ; -   ; -   ; -   ; -   ; -   ; 59,86 ; 5,21 ; -   ; -   ; -   ; -   ; -   ; -   ; -   ; 173,52 ; -   ; -   ; -   ; 64,77 ; -   ; -   ; -   ; -   ; -   ; -   
Santa Catarina;SC;5.900.548,50;0,00;38.137,82;0,00;0,00;0,00;0,00;0,00;0,00;0,00;0,00;539,08;0,00;0,00;0,00;0,00;0,00;0,00;0,00;210.220,36;0,00;0,00;0,00;0,00;0,00;0,00;0,00;0,00;0,00;0,00;0,00;0,00;0,00;0,00;0,00;0,00;0,00;0,00;0,00;0,00;0,00;0,00;650,66;0,00;0,00;0,00;0,00;0,00;0,00;0,00;0,00;0,00;0,00;0,00;0,00;2,10;0,00;0,00;0,00;0,00;0,00;0,00;0,00;0,00;0,00;0,00;0,00;0,00;0,00;0,00;0,00;0,00;0,00;0,00;0,00;0,00;0,00;0,00;0,00;0,00;0,00;0,00;0,00;0,00;0,00;0,00;0,00;0,00;0,00;0,00;0,00;0,00;0,00;0,00;0,00;0,00;0,00;0,00;0,00;0,00;0,00;0,00;0,00; -   ;0,00;0,00;0,00;0,00;0,00;0,00;0,00;0,00;0,00;0,00;0,00;0,00;0,00;0,00;0,00;0,00;0,00;0,00;0,00;0,00;0,00;0,00;0,00;0,00;0,00;0,00;0,00;0,00;0,00;0,00;0,00;0,00;0,00;0,00;0,00;0,00;0,00;0,00;0,00;0,00;0,00;0,00;0,00;0,00;0,00;0,00;0,00;0,00;0,00;0,00;0,00;0,00;40,80;0,00;0,00;0,00;0,00;0,00;0,00;0,00;0,00;0,00;0,00;0,00; -   ; -   ; -   ; -   ; -   ; -   ; -   ; -   ; -   ; -   ; -   ; -   ; -   ; -   ; -   ; -   ; -   ; -   ; -   ; -   ; -   ; -   ; -   ; -   ; 66,07 ; -   ; -   ; -   ; -   ; -   ; -   ; -   ; -   ; -   ; -   ; -   ; -   ; -   ; -   ; -   ; -   ; -   ; -   ; -   ; -   ; -   ; -   ; -   ; -   ; -   ; -   ; -   ; 996,53 ; -   ; -   ; -   ; -   ; -   ; -   ; -   ; -   ; -   ; -   ; -   ; -   ; -   ; -   ; -   ; -   ; -   ; -   ; -   ; 735,30 ; -   ; -   ; -   ; -   ; -   ; -   ; -   ; 107,99 ; -   ; -   ; -   ; -   ; -   ; 27,62 ; -   ; -   ; -   ; -   ; -   ; -   ; -   ; -   ; 1.686,29 ; 3.712,36 ; 2.159,39 ; 2.111,22 ; 2.673,44 ; 2.951,82 ; 2.360,09 ; 2.051,75 ; 4.010,85 ; 3.393,37 ; 4.222,39 ; 1.130,76 ; 7.021,77 ; 7.493,80 ; 5.666,42 ; 4.870,17 ; 9.648,89 ; 5.844,54 ; 9.502,17 ; 11.189,05 ; 11.595,98 ; 6.906,77 ; 6.957,44 ; 6.864,38 ; 5.020,82 ; 9.910,89 ; 3.835,24 ; 10.806,40 ; 4.984,75 ; 8.401,16 ; 7.513,96 ; 8.232,32 ; 4.168,41 ; -   ; -   ; -   ; 33,27 ; -   ; -   ; -   ; -   ; -   ; -   ; -   ; -   ; -   ; -   ; -   ; 4.262,67 ; -   ; -   ; -   ; -   ; -   ; -   ; -   ; -   ; -   ; 4,90 ; -   ; -   ; -   ; -   ; -   ; -   ; -   ; -   ; -   ; -   ; -   ; -   ; -   ; -   ; -   ; -   ; -   ; -   ; 43,99 ; -   ; -   ; -   ; -   ; -   ; 2.680,24 ; -   ; -   ; -   ; -   ; -   ; -   ; -   ; -   ; -   ; -   ; -   ; -   ; -   ; 101,33 ; -   ; -   ; -   ; -   ; -   ; -   ; -   ; 3,60 ; -   ; -   ; -   ; -   ; -   ; -   ; -   ; -   ; -   ; -   ; -   ; -   ; -   ; -   ; -   ; -   ; -   ; -   ; -   ; -   ; -   ; -   ; -   ; -   ; -   ; -   ; -   
Sergipe;SE;0,00;0,00;0,00;0,00;0,00;0,00;0,00;0,00;0,00;0,00;0,00;0,00;0,00;0,00;0,00;1.659.267,66;0,00;10.474.560,00;-5.237.280,00;0,00;33.837.312,03;0,00;25.259.470,37;0,00;0,00;0,00;0,00;0,00;0,00;0,00;0,00;0,00;0,00;0,00;0,00;0,00;0,00;0,00;0,00;0,00;0,00;797,56;1.006,86;7.784,65;370,42;3.193,19;0,00;0,00;0,00;0,00;0,00;0,00;0,00;0,00;0,00;0,00;0,00;0,00;0,00;0,00;0,00;0,00;0,00;0,00;0,00;0,00;0,00;0,00;0,00;0,00;0,00;0,00;0,00;0,00;0,00;0,00;0,00;0,00;0,00;0,00;0,00;0,00;0,00;0,00;0,00;0,00;0,00;0,00;0,00;0,00;0,00;0,00;0,00;0,00;0,00;0,00;0,00;0,00;0,00;0,00;0,00;0,00;0,00; -   ;0,00;0,00;0,00;0,00;0,00;0,00;0,00;0,00;0,00;0,00;0,00;0,00;0,00;0,00;0,00;0,00;0,00;0,00;0,00;0,00;0,00;0,00;0,00;0,00;0,00;0,00;0,00;0,00;0,00;0,00;0,00;0,00;0,00;0,00;0,00;0,00;0,00;0,00;0,00;0,00;0,00;0,00;0,00;0,00;0,00;0,00;0,00;0,00;0,00;0,00;0,00;0,00;0,00;0,00;0,00;0,00;0,00;0,00;0,00;0,00;0,00;0,00;0,00;0,00; -   ; -   ; -   ; -   ; -   ; -   ; -   ; -   ; -   ; -   ; -   ; -   ; -   ; -   ; -   ; -   ; -   ; -   ; -   ; -   ; -   ; -   ; -   ; -   ; -   ; -   ; -   ; -   ; -   ; -   ; -   ; -   ; -   ; -   ; -   ; -   ; -   ; -   ; -   ; -   ; -   ; -   ; -   ; -   ; -   ; -   ; -   ; -   ; -   ; -   ; -   ; -   ; -   ; -   ; -   ; -   ; -   ; -   ; -   ; -   ; -   ; -   ; -   ; -   ; -   ; -   ; -   ; -   ; -   ; -   ; -   ; -   ; -   ; -   ; -   ; -   ; -   ; -   ; -   ; -   ; -   ; -   ; -   ; -   ; -   ; -   ; -   ; -   ; -   ; -   ; -   ; -   ; -   ; -   ; -   ; 33,92 ; -   ; -   ; -   ; -   ; -   ; -   ; -   ; -   ; -   ; -   ; -   ; -   ; -   ; -   ; -   ; -   ; -   ; -   ; -   ; -   ; 785,54 ; -   ; -   ; -   ; -   ; -   ; -   ; -   ; -   ; -   ; -   ; -   ; -   ; -   ; -   ; -   ; -   ; -   ; -   ; -   ; -   ; -   ; -   ; -   ; -   ; -   ; -   ; -   ; -   ; -   ; -   ; -   ; -   ; -   ; -   ; -   ; -   ; -   ; -   ; 1.816,41 ; -   ; -   ; -   ; -   ; -   ; -   ; -   ; -   ; -   ; -   ; -   ; -   ; -   ; -   ; -   ; -   ; -   ; -   ; -   ; -   ; -   ; -   ; -   ; -   ; -   ; -   ; -   ; -   ; -   ; -   ; -   ; -   ; -   ; -   ; -   ; -   ; -   ; -   ; -   ; -   ; -   ; -   ; -   ; -   ; -   ; -   ; -   ; -   ; -   ; -   ; -   ; -   ; -   ; -   ; -   ; -   ; -   ; -   ; -   ; -   ; -   ; -   ; -   ; -   ; -   ; -   ; -   ; -   ; -   ; -   ; -   ; -   
São Paulo;SP;4.943.122,18;0,00;17.759.805,21;4.859.426,11;0,00;282.986,27;0,00;0,00;0,00;36.039,60;0,00;468,20;0,00;0,00;59.679,00;0,00;0,00;174.354,48;88.762,66;0,00;13.416,42;172.488,41;0,00;0,00;1.154,42;0,00;1.986,58;0,00;3.162,39;7.731,79;2.985,68;3.870,16;5.087,02;12.829,79;19.205,34;345.405,04;16,75;24,72;19,60;13,54;23,28;691,74;43,39;231,44;45,67;117,32;350,28;52,72;157,77;103,04;195,11;90,83;264,15;66,75;251,69;99,58;467,07;1.919,54;69,24;68,48;329,29;89,17;54,83;93,08;2.757,42;279,15;71,11;141,58;77,91;212,19;123,75;260,31;36,71;10,05;3,46;28,20;0,00;0,00;327,55;122,43;47,08;88,25;86,18;97,63;0,00;61,72;221,22;179,89;320,44;34,33;86,92;194,77;117,96;14,39;43,52;130,52;55,43;325,96;66,83;35,17;31,69;924,88;246,72; 20,44 ;30,00;38,01;35,60;0,00;0,00;77,76;22,58;0,00;4,68;123,52;203,64;64,02;29,26;626,56;22.287,00;36.985,65;25.544,84;0,00;0,00;0,00;114,00;3.274,22;27.950,83;124,20;0,00;173,19;0,00;0,00;0,00;19.746,63;0,00;70,07;33,15;0,00;0,00;13.480,52;0,00;0,00;40.828,88;0,00;14.523,63;652,66;877,43;1.664,16;3.049,30;1.748,34;0,00;0,00;0,00;0,00;0,00;31.103,23;16.592,89;2.339,02;3.928,17;1.318,81;0,00;0,00;0,00;9.919,56;1.742,82;693,18;574,93;922,50; 419,74 ; 60,00 ; 207,00 ; 106,65 ; 518,09 ; 364,23 ; 632,20 ; 526,68 ; 923,22 ; 202,14 ; 295,30 ; -   ; 123,97 ; 253,92 ; 82,98 ; 857,81 ; 185,28 ; 1.903,98 ; 285,00 ; 639,59 ; 355,98 ; 188,10 ; 188,31 ; 442,70 ; 331,17 ; 644,37 ; 258,66 ; 150,66 ; 216,12 ; 1.049,63 ; 2.764,71 ; 1.068,78 ; 248,05 ; 528,08 ; 133,80 ; 165,54 ; 3.352,03 ; 2.306,65 ; 5.072,04 ; 4.497,24 ; 4.135,14 ; 432,81 ; 751,63 ; 289,39 ; 797,18 ; 647,96 ; 208,35 ; 669,27 ; 1.930,86 ; -   ; 5.277,73 ; 949,67 ; 7,45 ; 3.429,86 ; 482,00 ; 686,80 ; 642,90 ; 1.204,67 ; 101,94 ; 1.594,00 ; 2.447,04 ; 1.465,76 ; 1.137,96 ; 1.102,12 ; 7.599,95 ; 416,75 ; 389,94 ; 23,83 ; 2.200,89 ; 808,56 ; 161,93 ; 133,48 ; 120.227,24 ; 86.311,58 ; 1.982,15 ; 12.339,16 ; 958,70 ; 1.487,65 ; 943,50 ; 347,83 ; 3.684,57 ; 3.953,31 ; 2.041,71 ; 1.720,58 ; 2.453,30 ; 1.070,83 ; 2.909,69 ; 1.399,66 ; 7.262,10 ; 1.908,52 ; 3.010,48 ; 2.885,17 ; 961,83 ; 2.962,10 ; -   ; 883,74 ; 98,09 ; 3.513,72 ; 718,65 ; 1.430,11 ; 49.012,25 ; 185,37 ; 512,07 ; 511,24 ; 389,70 ; 441,08 ; 3,00 ; 762,08 ; 778,33 ; 285,08 ; 325,88 ; 707,74 ; 355,66 ; 1.669,27 ; 697,36 ; 5.175,25 ; 253,16 ; 300,49 ; 113,73 ; -   ; 878,75 ; 202,60 ; 88,72 ; 121,03 ; 89,65 ; 321,45 ; 76,97 ; 1.602,59 ; -   ; -   ; -   ; 4.787,12 ; 320,08 ; 2.380,65 ; 4.932,12 ; 491,46 ; -   ; -   ; -   ; -   ; -   ; -   ; -   ; 58.637,62 ; 2.111,83 ; 604,70 ; 2.903,91 ; 3.146,81 ; 1.053,47 ; 5.142,87 ; 2.917,70 ; 1.053,32 ; 734,43 ; 1.344,60 ; 1.568,11 ; 505,59 ; 1.024,54 ; 977,69 ; 621,63 ; 1.778,23 ; 744,27 ; 1.664,45 ; 628,53 ; 2.689,47 ; 6.023,83 ; 5.942,57 ; 3.089,64 ; 2.461,49 ; 8.363,62 ; 3.340,96 ; 7.268,11 ; 21.541,09 ; 15.022,95 ; 28.839,48 ; 16.537,12 ; 16.511,53 ; 62.514,15 ; 69.083,06 ; 42.461,23 ; 57.565,34 ; 48.444,93 ; 36.883,98 ; 43.394,24 ; 29.701,50 ; 54.854,94 ; 52.477,31 ; 127.573,19 ; 48.056,71 ; 62.944,85 ; 103.943,20 ; 94.912,05 ; 77.558,77 ; 44.797,09 ; 97.229,89 ; 94.039,40 ; 96.931,27 ; 99.766,59 ; 79.446,45 ; 48.602,45 ; 87.633,43 ; 65.394,65 ; 45.296,81 ; 115.380,15 ; 114.163,37 ; 119.178,40 ; 98.822,53 ; 83.408,05 ; 135.510,08 ; 89.469,73 ; 90.655,53 ; 106.287,05 ; 102.219,39 ; 60.720,73 ; 41.106,38 ; 53.510,67 ; 52.610,25 ; 86.759,03 ; 71.201,96 ; 57.526,94 ; 70.572,54 ; 87.733,31 ; 103.901,52 ; 67.400,87 ; 28.062,44 ; 10.323,79 ; -   ; -   ; -   
Tocantins;TO;6.947,22;0,00;8.070,41;0,00;0,00;0,00;0,00;1.948,56;0,00;890,10;59.878,20;27.700,89;51.265,84;15.973,96;14.869,53;401.603,24;0,00;0,00;118.100,65;153.179,52;702.926,45;237.167,72;503.300,36;314.874,07;281,94;66,39;2.436,21;0,00;2.096,59;514,78;7.208,40;2.246,01;0,00;0,00;0,00;0,00;;0,00;0,00;0,00;0,00;0,00;0,00;0,00;0,00;11,10;0,00;0,00;0,00;;0,00;0,00;0,00;0,00;0,00;0,00;0,00;0,00;0,00;0,00;0,00;0,00;0,00;0,00;0,00;3.960,23;0,00;0,00;20,84;1.519,12;3.067,72;1.536,23;5.903,05;2.667,15;17,04;0,00;0,00;0,00;0,00;0,00;0,00;0,00;0,00;0,00;0,00;0,00;0,00;0,00;0,00;0,00;0,00;0,00;0,00;0,00;0,00;0,00;0,00;0,00;0,00;0,00;0,00;0,00;0,00; -   ;0,00;0,00;0,00;0,00;0,00;0,00;0,00;0,00;0,00;0,00;0,00;0,00;0,00;0,00;0,00;0,00;0,00;0,00;0,00;0,00;0,00;0,00;0,00;0,00;0,00;0,00;0,00;0,00;0,00;0,00;0,00;0,00;0,00;0,00;0,00;0,00;0,00;0,00;0,00;0,00;0,00;0,00;0,00;0,00;0,00;0,00;0,00;0,00;0,00;0,00;0,00;60,19;62,68;0,00;0,00;0,00;0,00;0,00;0,00;0,00;0,00;0,00;0,00;0,00; -   ; -   ; -   ; -   ; -   ; -   ; -   ; -   ; -   ; -   ; -   ; -   ; -   ; -   ; -   ; -   ; -   ; -   ; 102,90 ; 323,23 ; -   ; -   ; -   ; -   ; -   ; -   ; -   ; -   ; -   ; 161,23 ; 267,34 ; 407,16 ; 75,86 ; 526,36 ; 52,19 ; 405,37 ; 344,43 ; 45,81 ; 10,12 ; -   ; -   ; -   ; -   ; -   ; -   ; -   ; -   ; -   ; -   ; -   ; -   ; -   ; -   ; -   ; -   ; 19,37 ; -   ; -   ; -   ; -   ; -   ; -   ; -   ; -   ; -   ; -   ; -   ; -   ; -   ; -   ; -   ; -   ; -   ; -   ; -   ; 433,62 ; -   ; -   ; -   ; -   ; -   ; -   ; -   ; -   ; -   ; -   ; -   ; -   ; -   ; -   ; -   ; -   ; -   ; -   ; -   ; -   ; 0,75 ; -   ; 6,59 ; -   ; 925,86 ; 1.026,20 ; 763,09 ; 459,38 ; 220,49 ; 642,33 ; -   ; 443,33 ; 147,74 ; -   ; -   ; 184,33 ; 134,14 ; -   ; 231,47 ; -   ; -   ; 140,47 ; -   ; 183,71 ; 213,20 ; 388,86 ; 546,76 ; 155,41 ; 186,75 ; 192,61 ; 132,44 ; 98,94 ; -   ; -   ; -   ; 174,05 ; -   ; -   ; -   ; -   ; -   ; -   ; -   ; -   ; -   ; -   ; -   ; 263,89 ; -   ; -   ; -   ; -   ; -   ; -   ; -   ; -   ; -   ; -   ; -   ; -   ; -   ; -   ; -   ; -   ; -   ; -   ; -   ; -   ; -   ; -   ; 3,00 ; -   ; -   ; 0,75 ; -   ; -   ; -   ; -   ; -   ; -   ; -   ; -   ; -   ; -   ; -   ; -   ; -   ; -   ; -   ; -   ; -   ; -   ; -   ; 793,54 ; 428,68 ; 1.080,64 ; -   ; -   ; -   ; 0,75 ; 810,00 ; -   ; -   ; 74,54 ; -   ; -   ; -   ; -   ; 22,12 ; -   ; -   ; -   ; -   ; -   ; -   ; -   ; -   ; -   ; -   ; -   ; -   ; 1,50 ; -   ; -   ; -   ; -   ; -   ; -   ; -   ; -   ; -   ; -   
;;;;;;;;;;;;;;;;;;;;;;;;;;;;;;;;;;;;;;;;;;;;;;;;;;;;;;;;;;;;;;;;;;;;;;;;;;;;;;;;;;;;;;;;;;;;;;;;;;;;;;;;;;;;;;;;;;;;;;;;;;;;;;;;;;;;;;;;;;;;;;;;;;;;;;;;;;;;;;;;;;;;;;;;;;;;;;;;;;;;;;;;;;;;;;;;;;;;;;;;;;;;;;;;;;;;;;;;;;;;;;;;;;;;;;;;;;;;;;;;;;;;;;;;;;;;;;;;;;;;;;;;;;;;;;;;;;;;;;;;;;;;;;;;;;;;;;;;;;;;;;;;;;;;;;;;;;;;;;;;;;;;;;;;;;;;;;;;;;;;;;;;;;;;;;;;;;;;;;;;;;;;;;;;;;;;;;;;;;;;;;;;;;;;;;;;;;;;;
;; 46.423.865,27 ; -   ; 111.718.349,26 ; 46.070.999,98 ; -   ; 50.719.484,26 ; 60.696.590,66 ; 141.177.900,32 ; -   ; 128.522.693,56 ; 125.451.119,15 ; 250.370.063,73 ; 268.581.393,31 ; 223.246.813,28 ; 375.162.498,92 ; 309.948.052,48 ; 42.314.605,66 ; 1.072.857.436,27 ; 318.661.586,22 ; 561.720.494,80 ; 1.512.647.886,11 ; 1.218.728.729,93 ; 2.035.075.323,07 ; 2.186.382.617,92 ; 2.918.715,95 ; 1.863.037,32 ; 5.178.374,84 ; 284.864,56 ; 11.339.456,45 ; 7.751.988,33 ; 12.660.714,81 ; 16.175.042,40 ; 19.591.769,94 ; 27.137.959,52 ; 41.297.045,52 ; 66.923.228,71 ; 29.072,30 ; 39.886,74 ; 40.389,20 ; 22.693,41 ; 85.849,99 ; 108.482,53 ; 86.389,68 ; 177.910,12 ; 87.727,65 ; 123.889,90 ; 99.994,65 ; 113.164,76 ; 211.195,40 ; 39.110,32 ; 87.374,78 ; 77.745,11 ; 94.741,50 ; 88.840,14 ; 88.555,63 ; 103.102,90 ; 68.217,46 ; 101.442,46 ; 59.927,20 ; 89.575,50 ; 46.259,26 ; 96.310,45 ; 53.676,69 ; 77.977,87 ; 42.561,88 ; 25.796,70 ; 61.926,57 ; 29.125,72 ; 39.747,33 ; 66.087,05 ; 30.664,02 ; 36.057,74 ; 75.527,51 ; 13.274,81 ; 27.062,54 ; 16.258,93 ; 4.876,79 ; -   ; 59.791,16 ; 53.971,68 ; 59.002,17 ; 39.032,31 ; 22.647,39 ; 16.486,60 ; 35.282,78 ; 29.433,24 ; 18.569,30 ; 21.734,53 ; 42.176,87 ; 18.350,81 ; 17.774,05 ; 12.812,84 ; 14.068,00 ; 18.270,36 ; 9.150,35 ; 29.070,68 ; 17.288,98 ; 14.155,95 ; 36.083,17 ; 19.098,65 ; 32.956,34 ; 20.225,16 ; 35.499,46 ; 46.489,41 ; 35.349,75 ; 52.912,63 ; 40.446,33 ; 30.365,52 ; 41.089,76 ; 27.941,60 ; 23.055,32 ; 21.869,14 ; 39.029,84 ; 29.780,65 ; 43.441,70 ; 36.256,27 ; 22.625,08 ; 56.808,06 ; 45.989,71 ; 71.689,14 ; 49.931,19 ; -   ; -   ; -   ; 9.331,67 ; 32.838,34 ; 69.712,68 ; 68.921,04 ; 32.157,31 ; 72.410,76 ; -   ; -   ; 147.542,54 ; 58.707,89 ; 48.816,40 ; 58.430,98 ; 38.571,92 ; 15.691,54 ; -   ; 122.518,97 ; -   ; -   ; 323.560,26 ; -   ; 528.050,66 ; 133.562,25 ; 207.680,50 ; 106.429,61 ; 112.004,47 ; 62.388,89 ; -   ; -   ; -   ; -   ; -   ; 433.714,96 ; 698.385,84 ; 91.852,32 ; 183.255,95 ; 65.721,56 ; -   ; -   ; -   ; 580.375,41 ; 179.392,99 ; 122.470,57 ; 157.453,10 ; 162.001,47 ; 92.353,59 ; 95.764,70 ; 88.257,14 ; 82.625,00 ; 67.566,92 ; 73.002,48 ; 65.123,95 ; 72.338,74 ; 72.212,26 ; 65.840,15 ; 75.372,19 ; 58.866,94 ; 76.457,50 ; 72.950,20 ; 91.881,84 ; 56.656,50 ; 77.085,40 ; 100.952,94 ; 101.443,75 ; 95.742,36 ; 108.985,56 ; 86.557,63 ; 86.820,86 ; 91.557,39 ; 95.161,89 ; 71.969,34 ; 83.215,13 ; 96.811,21 ; 121.657,26 ; 102.294,01 ; 108.030,28 ; 134.585,46 ; 32.813,51 ; 136.813,67 ; 96.481,33 ; 107.080,09 ; 153.417,67 ; 75.308,68 ; 87.183,27 ; 147.662,81 ; 95.334,31 ; 60.067,36 ; 124.161,87 ; 107.238,63 ; 84.380,57 ; 127.552,17 ; 144.675,57 ; 119.653,07 ; 125.834,47 ; -   ; 328.243,51 ; 214.676,42 ; 76.974,02 ; 115.361,38 ; 113.685,86 ; 117.014,89 ; 107.327,14 ; 116.146,03 ; 118.582,36 ; 99.759,42 ; 131.910,47 ; 94.890,61 ; 125.570,77 ; 75.299,99 ; 97.323,49 ; 105.197,93 ; 109.820,00 ; 107.204,08 ; 114.109,41 ; 157.353,81 ; 44.750,57 ; 114.823,19 ; 360.022,61 ; 194.607,90 ; 95.788,01 ; 142.789,09 ; 98.396,89 ; 105.106,32 ; 103.198,43 ; 147.766,45 ; 181.559,11 ; 191.642,43 ; 219.734,58 ; 238.189,46 ; 190.570,66 ; 153.391,46 ; 150.573,70 ; 188.258,89 ; 220.146,69 ; 247.566,34 ; 301.173,69 ; 341.577,95 ; 378.292,89 ; 425.837,05 ; 95.181,58 ; 547.572,37 ; 270.172,96 ; 210.841,06 ; 242.586,69 ; 254.184,34 ; 185.259,42 ; 141.540,25 ; 179.708,31 ; 494.518,15 ; 267.448,21 ; 563.394,71 ; 38.957,65 ; 588.458,23 ; 396.334,04 ; 254.783,77 ; 264.180,39 ; 256.928,99 ; 177.212,63 ; 191.804,75 ; 235.282,39 ; 243.871,99 ; 255.179,79 ; 244.873,71 ; 265.611,35 ; 149.720,41 ; 365.382,01 ; 172.703,18 ; 376.332,70 ; 319.174,70 ; 299.181,59 ; 358.842,53 ; 352.706,07 ; 460.490,18 ; -   ; -   ; -   ; 2.490.340,37 ; 1.096.213,26 ; 622.513,28 ; 708.813,04 ; 186.540,37 ; -   ; -   ; -   ; -   ; -   ; -   ; -   ; 6.402.804,81 ; 505.747,13 ; 458.508,58 ; 365.299,55 ; 378.947,76 ; 313.609,21 ; 409.070,53 ; 387.599,58 ; 427.976,61 ; 482.188,97 ; 530.377,47 ; 563.655,21 ; 508.421,64 ; 440.153,14 ; 315.066,89 ; 220.253,00 ; 264.775,89 ; 295.972,01 ; 308.304,60 ; 354.639,85 ; 424.207,30 ; 546.662,19 ; 508.617,20 ; 459.213,02 ; 508.416,57 ; 486.830,96 ; 383.859,07 ; 440.786,85 ; 518.682,43 ; 430.407,90 ; 504.350,91 ; 695.422,67 ; 743.975,85 ; 957.512,92 ; 869.836,81 ; 759.835,71 ; 893.507,84 ; 734.147,93 ; 872.271,94 ; 952.606,88 ; 1.065.511,10 ; 1.744.754,22 ; 1.399.019,74 ; 1.870.900,87 ; 2.039.583,16 ; 1.912.610,80 ; 2.169.780,11 ; 2.041.212,60 ; 1.723.522,62 ; 1.421.936,73 ; 1.807.563,86 ; 1.580.912,25 ; 1.632.972,61 ; 1.764.317,94 ; 2.083.534,63 ; 1.589.267,08 ; 2.018.287,01 ; 2.102.792,03 ; 2.138.454,92 ; 2.624.813,01 ; 2.501.729,90 ; 2.141.365,54 ; 1.934.519,06 ; 1.785.039,27 ; 1.636.513,32 ; 1.875.230,01 ; 1.777.041,51 ; 1.860.008,42 ; 2.135.370,11 ; 1.813.170,47 ; 1.810.220,62 ; 1.753.572,70 ; 1.815.388,97 ; 1.884.461,43 ; 1.650.862,85 ; 1.280.379,99 ; 1.490.614,17 ; 1.473.539,76 ; 1.199.819,04 ; 983.795,51 ; 1.263.052,27 ; 1.047.667,43 ; -   ; -   ; -   
;;;;;;;;;;;;;;;;;;;;;;;;;;;;;;;;;;;;;;;;;;;;;;;;;;;;;;;;;;;;;;;;;;;;;;;;;;;;;;;;;;;;;;;;;;;;;;;;;;;;;;;;;;;;;;;;;;;;;;;;;;;;;;;;;;;;;;;;;;;;;;;;;;;;;;;;;;;;;;;;;;;;;;;;;;;;;;;;;;;;;;;;;;;;;;;;;;;;;;;;;;;;;;;;;;;;;;;;;;;;;;;;;;;;;;;;;;;;;;;;;;;;;;;;;;;;;;;;;;;;;;;;;;;;;;;;;;;;;;;;;;;;;;;;;;;;;;;;;;;;;;;;;;;;;;;;;;;;;;;;;;;;;;;;;;;;;;;;;;;;;;;;;;;;;;;;;;;;;;;;;;;;;;;;;;;;;;;;;;;;;;;;;;;;;;;;;;;;;
Dados extraídos do SIAFI;;;;;;;;;;;;;;;;;;;;;;;;;;;;;;;;;;;;;;;;;;;;;;;;;;;;;;;;;;;;;;;;;;;;;;;;;;;;;;;;;;;;;;;;;;;;;;;;;;;;;;;;;;;;;;;;;;;;;;;;;;;;;;;;;;;;;;;;;;;;;;;;;;;;;;;;;;;;;;;;;;;;;;;;;;;;;;;;;;;;;;;;;;;;;;;;;;;;;;;;;;;;;;;;;;;;;;;;;;;;;;;;;;;;;;;;;;;;;;;;;;;;;;;;;;;;;;;;;;;;;;;;;;;;;;;;;;;;;;;;;;;;;;;;;;;;;;;;;;;;;;;;;;;;;;;;;;;;;;;;;;;;;;;;;;;;;;;;;;;;;;;;;;;;;;;;;;;;;;;;;;;;;;;;;;;;;;;;;;;;;;;;;;;;;;;;;;;;;
;;;;;;;;;;;;;;;;;;;;;;;;;;;;;;;;;;;;;;;;;;;;;;;;;;;;;;;;;;;;;;;;;;;;;;;;;;;;;;;;;;;;;;;;;;;;;;;;;;;;;;;;;;;;;;;;;;;;;;;;;;;;;;;;;;;;;;;;;;;;;;;;;;;;;;;;;;;;;;;;;;;;;;;;;;;;;;;;;;;;;;;;;;;;;;;;;;;;;;;;;;;;;;;;;;;;;;;;;;;;;;;;;;;;;;;;;;;;;;;;;;;;;;;;;;;;;;;;;;;;;;;;;;;;;;;;;;;;;;;;;;;;;;;;;;;;;;;;;;;;;;;;;;;;;;;;;;;;;;;;;;;;;;;;;;;;;;;;;;;;;;;;;;;;;;;;;;;;;;;;;;;;;;;;;;;;;;;;;;;;;;;;;;;;;;;;;;;;;
;;;;;;;;;;;;;;;;;;;;;;;;;;;;;;;;;;;;;;;;;;;;;;;;;;;;;;;;;;;;;;;;;;;;;;;;;;;;;;;;;;;;;;;;;;;;;;;;;;;;;;;;;;;;;;;;;;;;;;;;;;;;;;;;;;;;;;;;;;;;;;;;;;;;;;;;;;;;;;;;;;;;;;;;;;;;;;;;;;;;;;;;;;;;;;;;;;;;;;;;;;;;;;;;;;;;;;;;;;;;;;;;;;;;;;;;;;;;;;;;;;;;;;;;;;;;;;;;;;;;;;;;;;;;;;;;;;;;;;;;;;;;;;;;;;;;;;;;;;;;;;;;;;;;;;;;;;;;;;;;;;;;;;;;;;;;;;;;;;;;;;;;;;;;;;;;;;;;;;;;;;;;;;;;;;;;;;;;;;;;;;;;;;;;;;;;;;;;;
;;;;;;;;;;;;;;;;;;;;;;;;;;;;;;;;;;;;;;;;;;;;;;;;;;;;;;;;;;;;;;;;;;;;;;;;;;;;;;;;;;;;;;;;;;;;;;;;;;;;;;;;;;;;;;;;;;;;;;;;;;;;;;;;;;;;;;;;;;;;;;;;;;;;;;;;;;;;;;;;;;;;;;;;;;;;;;;;;;;;;;;;;;;;;;;;;;;;;;;;;;;;;;;;;;;;;;;;;;;;;;;;;;;;;;;;;;;;;;;;;;;;;;;;;;;;;;;;;;;;;;;;;;;;;;;;;;;;;;;;;;;;;;;;;;;;;;;;;;;;;;;;;;;;;;;;;;;;;;;;;;;;;;;;;;;;;;;;;;;;;;;;;;;;;;;;;;;;;;;;;;;;;;;;;;;;;;;;;;;;;;;;;;;;;;;;;;;;;
;;;;;;;;;;;;;;;;;;;;;;;;;;;;;;;;;;;;;;;;;;;;;;;;;;;;;;;;;;;;;;;;;;;;;;;;;;;;;;;;;;;;;;;;;;;;;;;;;;;;;;;;;;;;;;;;;;;;;;;;;;;;;;;;;;;;;;;;;;;;;;;;;;;;;;;;;;;;;;;;;;;;;;;;;;;;;;;;;;;;;;;;;;;;;;;;;;;;;;;;;;;;;;;;;;;;;;;;;;;;;;;;;;;;;;;;;;;;;;;;;;;;;;;;;;;;;;;;;;;;;;;;;;;;;;;;;;;;;;;;;;;;;;;;;;;;;;;;;;;;;;;;;;;;;;;;;;;;;;;;;;;;;;;;;;;;;;;;;;;;;;;;;;;;;;;;;;;;;;;;;;;;;;;;;;;;;;;;;;;;;;;;;;;;;;;;;;;;;
;;;;;;;;;;;;;;;;;;;;;;;;;;;;;;;;;;;;;;;;;;;;;;;;;;;;;;;;;;;;;;;;;;;;;;;;;;;;;;;;;;;;;;;;;;;;;;;;;;;;;;;;;;;;;;;;;;;;;;;;;;;;;;;;;;;;;;;;;;;;;;;;;;;;;;;;;;;;;;;;;;;;;;;;;;;;;;;;;;;;;;;;;;;;;;;;;;;;;;;;;;;;;;;;;;;;;;;;;;;;;;;;;;;;;;;;;;;;;;;;;;;;;;;;;;;;;;;;;;;;;;;;;;;;;;;;;;;;;;;;;;;;;;;;;;;;;;;;;;;;;;;;;;;;;;;;;;;;;;;;;;;;;;;;;;;;;;;;;;;;;;;;;;;;;;;;;;;;;;;;;;;;;;;;;;;;;;;;;;;;;;;;;;;;;;;;;;;;;
;;;;;;;;;;;;;;;;;;;;;;;;;;;;;;;;;;;;;;;;;;;;;;;;;;;;;;;;;;;;;;;;;;;;;;;;;;;;;;;;;;;;;;;;;;;;;;;;;;;;;;;;;;;;;;;;;;;;;;;;;;;;;;;;;;;;;;;;;;;;;;;;;;;;;;;;;;;;;;;;;;;;;;;;;;;;;;;;;;;;;;;;;;;;;;;;;;;;;;;;;;;;;;;;;;;;;;;;;;;;;;;;;;;;;;;;;;;;;;;;;;;;;;;;;;;;;;;;;;;;;;;;;;;;;;;;;;;;;;;;;;;;;;;;;;;;;;;;;;;;;;;;;;;;;;;;;;;;;;;;;;;;;;;;;;;;;;;;;;;;;;;;;;;;;;;;;;;;;;;;;;;;;;;;;;;;;;;;;;;;;;;;;;;;;;;;;;;;;
;;;;;;;;;;;;;;;;;;;;;;;;;;;;;;;;;;;;;;;;;;;;;;;;;;;;;;;;;;;;;;;;;;;;;;;;;;;;;;;;;;;;;;;;;;;;;;;;;;;;;;;;;;;;;;;;;;;;;;;;;;;;;;;;;;;;;;;;;;;;;;;;;;;;;;;;;;;;;;;;;;;;;;;;;;;;;;;;;;;;;;;;;;;;;;;;;;;;;;;;;;;;;;;;;;;;;;;;;;;;;;;;;;;;;;;;;;;;;;;;;;;;;;;;;;;;;;;;;;;;;;;;;;;;;;;;;;;;;;;;;;;;;;;;;;;;;;;;;;;;;;;;;;;;;;;;;;;;;;;;;;;;;;;;;;;;;;;;;;;;;;;;;;;;;;;;;;;;;;;;;;;;;;;;;;;;;;;;;;;;;;;;;;;;;;;;;;;;;
;;;;;;;;;;;;;;;;;;;;;;;;;;;;;;;;;;;;;;;;;;;;;;;;;;;;;;;;;;;;;;;;;;;;;;;;;;;;;;;;;;;;;;;;;;;;;;;;;;;;;;;;;;;;;;;;;;;;;;;;;;;;;;;;;;;;;;;;;;;;;;;;;;;;;;;;;;;;;;;;;;;;;;;;;;;;;;;;;;;;;;;;;;;;;;;;;;;;;;;;;;;;;;;;;;;;;;;;;;;;;;;;;;;;;;;;;;;;;;;;;;;;;;;;;;;;;;;;;;;;;;;;;;;;;;;;;;;;;;;;;;;;;;;;;;;;;;;;;;;;;;;;;;;;;;;;;;;;;;;;;;;;;;;;;;;;;;;;;;;;;;;;;;;;;;;;;;;;;;;;;;;;;;;;;;;;;;;;;;;;;;;;;;;;;;;;;;;;;
;;;;;;;;;;;;;;;;;;;;;;;;;;;;;;;;;;;;;;;;;;;;;;;;;;;;;;;;;;;;;;;;;;;;;;;;;;;;;;;;;;;;;;;;;;;;;;;;;;;;;;;;;;;;;;;;;;;;;;;;;;;;;;;;;;;;;;;;;;;;;;;;;;;;;;;;;;;;;;;;;;;;;;;;;;;;;;;;;;;;;;;;;;;;;;;;;;;;;;;;;;;;;;;;;;;;;;;;;;;;;;;;;;;;;;;;;;;;;;;;;;;;;;;;;;;;;;;;;;;;;;;;;;;;;;;;;;;;;;;;;;;;;;;;;;;;;;;;;;;;;;;;;;;;;;;;;;;;;;;;;;;;;;;;;;;;;;;;;;;;;;;;;;;;;;;;;;;;;;;;;;;;;;;;;;;;;;;;;;;;;;;;;;;;;;;;;;;;;
;;;;;;;;;;;;;;;;;;;;;;;;;;;;;;;;;;;;;;;;;;;;;;;;;;;;;;;;;;;;;;;;;;;;;;;;;;;;;;;;;;;;;;;;;;;;;;;;;;;;;;;;;;;;;;;;;;;;;;;;;;;;;;;;;;;;;;;;;;;;;;;;;;;;;;;;;;;;;;;;;;;;;;;;;;;;;;;;;;;;;;;;;;;;;;;;;;;;;;;;;;;;;;;;;;;;;;;;;;;;;;;;;;;;;;;;;;;;;;;;;;;;;;;;;;;;;;;;;;;;;;;;;;;;;;;;;;;;;;;;;;;;;;;;;;;;;;;;;;;;;;;;;;;;;;;;;;;;;;;;;;;;;;;;;;;;;;;;;;;;;;;;;;;;;;;;;;;;;;;;;;;;;;;;;;;;;;;;;;;;;;;;;;;;;;;;;;;;;
;;;;;;;;;;;;;;;;;;;;;;;;;;;;;;;;;;;;;;;;;;;;;;;;;;;;;;;;;;;;;;;;;;;;;;;;;;;;;;;;;;;;;;;;;;;;;;;;;;;;;;;;;;;;;;;;;;;;;;;;;;;;;;;;;;;;;;;;;;;;;;;;;;;;;;;;;;;;;;;;;;;;;;;;;;;;;;;;;;;;;;;;;;;;;;;;;;;;;;;;;;;;;;;;;;;;;;;;;;;;;;;;;;;;;;;;;;;;;;;;;;;;;;;;;;;;;;;;;;;;;;;;;;;;;;;;;;;;;;;;;;;;;;;;;;;;;;;;;;;;;;;;;;;;;;;;;;;;;;;;;;;;;;;;;;;;;;;;;;;;;;;;;;;;;;;;;;;;;;;;;;;;;;;;;;;;;;;;;;;;;;;;;;;;;;;;;;;;;
;;;;;;;;;;;;;;;;;;;;;;;;;;;;;;;;;;;;;;;;;;;;;;;;;;;;;;;;;;;;;;;;;;;;;;;;;;;;;;;;;;;;;;;;;;;;;;;;;;;;;;;;;;;;;;;;;;;;;;;;;;;;;;;;;;;;;;;;;;;;;;;;;;;;;;;;;;;;;;;;;;;;;;;;;;;;;;;;;;;;;;;;;;;;;;;;;;;;;;;;;;;;;;;;;;;;;;;;;;;;;;;;;;;;;;;;;;;;;;;;;;;;;;;;;;;;;;;;;;;;;;;;;;;;;;;;;;;;;;;;;;;;;;;;;;;;;;;;;;;;;;;;;;;;;;;;;;;;;;;;;;;;;;;;;;;;;;;;;;;;;;;;;;;;;;;;;;;;;;;;;;;;;;;;;;;;;;;;;;;;;;;;;;;;;;;;;;;;;
;;;;;;;;;;;;;;;;;;;;;;;;;;;;;;;;;;;;;;;;;;;;;;;;;;;;;;;;;;;;;;;;;;;;;;;;;;;;;;;;;;;;;;;;;;;;;;;;;;;;;;;;;;;;;;;;;;;;;;;;;;;;;;;;;;;;;;;;;;;;;;;;;;;;;;;;;;;;;;;;;;;;;;;;;;;;;;;;;;;;;;;;;;;;;;;;;;;;;;;;;;;;;;;;;;;;;;;;;;;;;;;;;;;;;;;;;;;;;;;;;;;;;;;;;;;;;;;;;;;;;;;;;;;;;;;;;;;;;;;;;;;;;;;;;;;;;;;;;;;;;;;;;;;;;;;;;;;;;;;;;;;;;;;;;;;;;;;;;;;;;;;;;;;;;;;;;;;;;;;;;;;;;;;;;;;;;;;;;;;;;;;;;;;;;;;;;;;;;
;;;;;;;;;;;;;;;;;;;;;;;;;;;;;;;;;;;;;;;;;;;;;;;;;;;;;;;;;;;;;;;;;;;;;;;;;;;;;;;;;;;;;;;;;;;;;;;;;;;;;;;;;;;;;;;;;;;;;;;;;;;;;;;;;;;;;;;;;;;;;;;;;;;;;;;;;;;;;;;;;;;;;;;;;;;;;;;;;;;;;;;;;;;;;;;;;;;;;;;;;;;;;;;;;;;;;;;;;;;;;;;;;;;;;;;;;;;;;;;;;;;;;;;;;;;;;;;;;;;;;;;;;;;;;;;;;;;;;;;;;;;;;;;;;;;;;;;;;;;;;;;;;;;;;;;;;;;;;;;;;;;;;;;;;;;;;;;;;;;;;;;;;;;;;;;;;;;;;;;;;;;;;;;;;;;;;;;;;;;;;;;;;;;;;;;;;;;;;
;;;;;;;;;;;;;;;;;;;;;;;;;;;;;;;;;;;;;;;;;;;;;;;;;;;;;;;;;;;;;;;;;;;;;;;;;;;;;;;;;;;;;;;;;;;;;;;;;;;;;;;;;;;;;;;;;;;;;;;;;;;;;;;;;;;;;;;;;;;;;;;;;;;;;;;;;;;;;;;;;;;;;;;;;;;;;;;;;;;;;;;;;;;;;;;;;;;;;;;;;;;;;;;;;;;;;;;;;;;;;;;;;;;;;;;;;;;;;;;;;;;;;;;;;;;;;;;;;;;;;;;;;;;;;;;;;;;;;;;;;;;;;;;;;;;;;;;;;;;;;;;;;;;;;;;;;;;;;;;;;;;;;;;;;;;;;;;;;;;;;;;;;;;;;;;;;;;;;;;;;;;;;;;;;;;;;;;;;;;;;;;;;;;;;;;;;;;;;
