MF;;;;;;;;;;;;;;;;;;;;;;;;;;;;;;;;;;;;;;;;;;;;;;;;;;;;;;;;;;;;;;;;;;;;;;;;;;;;;;;;;;;;;;;;;;;;;;;;;;;;;;;;;;;;;;;;;;;;;;;;;;;;;;;;;;;;;;;;;;;;;;;;;;;;;;;;;;;;;;;;;;;;;;;;;;;;;;;;;;;;;;;;;;;;;;;;;;;;;;;;;;;;;;;;;;;;;;;;;;;;;;;;;;;;;;;;;;;;;;;;;;;;;;;;;;;;;;;;;;;;;;;;;;;;;;;;;;;;;;;;;;;;;;;;;;;;;;;;;;;;;;;;;;;;;;;;;;;;;;;;;;;;;;;;;;;;;;;;;;;;;;;;;;;;;;;;;;;;;;;;;;;;;;;;;;;;;;;;;;;;;;;;;;;;;;;;;;;;;
STN;;;;;;;;;;;;;;;;;;;;;;;;;;;;;;;;;;;;;;;;;;;;;;;;;;;;;;;;;;;;;;;;;;;;;;;;;;;;;;;;;;;;;;;;;;;;;;;;;;;;;;;;;;;;;;;;;;;;;;;;;;;;;;;;;;;;;;;;;;;;;;;;;;;;;;;;;;;;;;;;;;;;;;;;;;;;;;;;;;;;;;;;;;;;;;;;;;;;;;;;;;;;;;;;;;;;;;;;;;;;;;;;;;;;;;;;;;;;;;;;;;;;;;;;;;;;;;;;;;;;;;;;;;;;;;;;;;;;;;;;;;;;;;;;;;;;;;;;;;;;;;;;;;;;;;;;;;;;;;;;;;;;;;;;;;;;;;;;;;;;;;;;;;;;;;;;;;;;;;;;;;;;;;;;;;;;;;;;;;;;;;;;;;;;;;;;;;;;;
COINT;;;;;;;;;;;;;;;;;;;;;;;;;;;;;;;;;;;;;;;;;;;;;;;;;;;;;;;;;;;;;;;;;;;;;;;;;;;;;;;;;;;;;;;;;;;;;;;;;;;;;;;;;;;;;;;;;;;;;;;;;;;;;;;;;;;;;;;;;;;;;;;;;;;;;;;;;;;;;;;;;;;;;;;;;;;;;;;;;;;;;;;;;;;;;;;;;;;;;;;;;;;;;;;;;;;;;;;;;;;;;;;;;;;;;;;;;;;;;;;;;;;;;;;;;;;;;;;;;;;;;;;;;;;;;;;;;;;;;;;;;;;;;;;;;;;;;;;;;;;;;;;;;;;;;;;;;;;;;;;;;;;;;;;;;;;;;;;;;;;;;;;;;;;;;;;;;;;;;;;;;;;;;;;;;;;;;;;;;;;;;;;;;;;;;;;;;;;;;
;;;;;;;;;;;;;;;;;;;;;;;;;;;;;;;;;;;;;;;;;;;;;;;;;;;;;;;;;;;;;;;;;;;;;;;;;;;;;;;;;;;;;;;;;;;;;;;;;;;;;;;;;;;;;;;;;;;;;;;;;;;;;;;;;;;;;;;;;;;;;;;;;;;;;;;;;;;;;;;;;;;;;;;;;;;;;;;;;;;;;;;;;;;;;;;;;;;;;;;;;;;;;;;;;;;;;;;;;;;;;;;;;;;;;;;;;;;;;;;;;;;;;;;;;;;;;;;;;;;;;;;;;;;;;;;;;;;;;;;;;;;;;;;;;;;;;;;;;;;;;;;;;;;;;;;;;;;;;;;;;;;;;;;;;;;;;;;;;;;;;;;;;;;;;;;;;;;;;;;;;;;;;;;;;;;;;;;;;;;;;;;;;;;;;;;;;;;;;
IOF-OURO;;;;;;;;;;;;;;;;;;;;;;;;;;;;;;;;;;;;;;;;;;;;;;;;;;;;;;;;;;;;;;;;;;;;;;;;;;;;;;;;;;;;;;;;;;;;;;;;;;;;;;;;;;;;;;;;;;;;;;;;;;;;;;;;;;;;;;;;;;;;;;;;;;;;;;;;;;;;;;;;;;;;;;;;;;;;;;;;;;;;;;;;;;;;;;;;;;;;;;;;;;;;;;;;;;;;;;;;;;;;;;;;;;;;;;;;;;;;;;;;;;;;;;;;;;;;;;;;;;;;;;;;;;;;;;;;;;;;;;;;;;;;;;;;;;;;;;;;;;;;;;;;;;;;;;;;;;;;;;;;;;;;;;;;;;;;;;;;;;;;;;;;;;;;;;;;;;;;;;;;;;;;;;;;;;;;;;;;;;;;;;;;;;;;;;;;;;;;;
AOS MUNICÍPIOS;;;;;;;;;;;;;;;;;;;;;;;;;;;;;;;;;;;;;;;;;;;;;;;;;;;;;;;;;;;;;;;;;;;;;;;;;;;;;;;;;;;;;;;;;;;;;;;;;;;;;;;;;;;;;;;;;;;;;;;;;;;;;;;;;;;;;;;;;;;;;;;;;;;;;;;;;;;;;;;;;;;;;;;;;;;;;;;;;;;;;;;;;;;;;;;;;;;;;;;;;;;;;;;;;;;;;;;;;;;;;;;;;;;;;;;;;;;;;;;;;;;;;;;;;;;;;;;;;;;;;;;;;;;;;;;;;;;;;;;;;;;;;;;;;;;;;;;;;;;;;;;;;;;;;;;;;;;;;;;;;;;;;;;;;;;;;;;;;;;;;;;;;;;;;;;;;;;;;;;;;;;;;;;;;;;;;;;;;;;;;;;;;;;;;;;;;;;;;
;;;;;;;;;;;;;;;;;;;;;;;;;;;;;;;;;;;;;;;;;;;;;;;;;;;;;;;;;;;;;;;;;;;;;;;;;;;;;;;;;;;;;;;;;;;;;;;;;;;;;;;;;;;;;;;;;;;;;;;;;;;;;;;;;;;;;;;;;;;;;;;;;;;;;;;;;;;;;;;;;;;;;;;;;;;;;;;;;;;;;;;;;;;;;;;;;;;;;;;;;;;;;;;;;;;;;;;;;;;;;;;;;;;;;;;;;;;;;;;;;;;;;;;;;;;;;;;;;;;;;;;;;;;;;;;;;;;;;;;;;;;;;;;;;;;;;;;;;;;;;;;;;;;;;;;;;;;;;;;;;;;;;;;;;;;;;;;;;;;;;;;;;;;;;;;;;;;;;;;;;;;;;;;;;;;;;;;;;;;;;;;;;;;;;;;;;;;;;
ESTADOS;UF;janeiro/91;fevereiro/91;março/91;abril/91;maio/91;junho/91;julho/91;agosto/91;setembro/91;outubro/91;novembro/91;dezembro/91;janeiro/92;fevereiro/92;março/92;abril/92;maio/92;junho/92;julho/92;agosto/92;setembro/92;outubro/92;novembro/92;dezembro/92;janeiro/93;fevereiro/93;março/93;abril/93;maio/93;junho/93;julho/93;agosto/93;setembro/93;outubro/93;novembro/93;dezembro/93;janeiro/94;fevereiro/94;março/94;abril/94;maio/94;junho/94;julho/94;agosto/94;setembro/94;outubro/94;novembro/94;dezembro/94;janeiro/95;fevereiro/95;março/95;abril/95;maio/95;junho/95;julho/95;agosto/95;setembro/95;outubro/95;novembro/95;dezembro/95;janeiro/96;fevereiro/96;março/96;abril/96;maio/96;junho/96;julho/96;agosto/96;setembro/96;outubro/96;novembro/96;dezembro/96;janeiro/97;fevereiro/97;março/97;abril/97;maio/97;junho/97;julho/97;agosto/97;setembro/97;outubro/97;novembro/97;dezembro/97;janeiro/98;fevereiro/98;março/98;abril/98;maio/98;junho/98;julho/98;agosto/98;setembro/98;outubro/98;novembro/98;dezembro/98;janeiro/99;fevereiro/99;março/99;abril/99;maio/99;junho/99;julho/99;agosto/99;setembro/99;outubro/99;novembro/99;dezembro/99;janeiro/00;fevereiro/00;março/00;abril/00;maio/00;junho/00;julho/00;agosto/00;setembro/00;outubro/00;novembro/00;dezembro/00;janeiro/01;fevereiro/01;março/01;abril/01;maio/01;junho/01;julho/01;agosto/01;setembro/01;outubro/01;novembro/01;dezembro/01;janeiro/02;fevereiro/02;março/02;abril/02;maio/02;junho/02;julho/02;agosto/02;setembro/02;outubro/02;novembro/02;dezembro/02;janeiro/03;fevereiro/03;março/03;abril/03;maio/03;junho/03;julho/03;agosto/03;setembro/03;outubro/03;novembro/03;dezembro/03;janeiro/04;fevereiro/04;março/04;abril/04;maio/04;junho/04;julho/04;agosto/04;setembro/04;outubro/04;novembro/04;dezembro/04;janeiro/05;fevereiro/05;março/05;abril/05;maio/05;junho/05;julho/05;agosto/05;setembro/05;outubro/05;novembro/05;dezembro/05;janeiro/06;fevereiro/06;março/06;abril/06;maio/06;junho/06;julho/06;agosto/06;setembro/06;outubro/06;novembro/06;dezembro/06;janeiro/07;fevereiro/07;março/07;abril/07;maio/07;junho/07;julho/07;agosto/07;setembro/07;outubro/07;novembro/07;dezembro/07;janeiro/08;fevereiro/08;março/08;abril/08;maio/08;junho/08;julho/08;agosto/08;setembro/08;outubro/08;novembro/08;dezembro/08;janeiro/09;fevereiro/09;março/09;abril/09;maio/09;junho/09;julho/09;agosto/09;setembro/09;outubro/09;novembro/09;dezembro/09;janeiro/10;fevereiro/10;março/10;abril/10;maio/10;junho/10;julho/10;agosto/10;setembro/10;outubro/10;novembro/10;dezembro/10;janeiro/11;fevereiro/11;março/11;abril/11;maio/11;junho/11;julho/11;agosto/11;setembro/11;outubro/11;novembro/11;dezembro/11;janeiro/12;fevereiro/12;março/12;abril/12;maio/12;junho/12;julho/12;agosto/12;setembro/12;outubro/12;novembro/12;dezembro/12;janeiro/13;fevereiro/13;março/13;abril/13;maio/13;junho/13;julho/13;agosto/13;setembro/13;outubro/13;novembro/13;dezembro/13;janeiro/14;fevereiro/14;março/14;abril/14;maio/14;junho/14;julho/14;agosto/14;setembro/14;outubro/14;novembro/14;dezembro/14;janeiro/15;fevereiro/15;março/15;abril/15;maio/15;junho/15;julho/15;agosto/15;setembro/15;outubro/15;novembro/15;dezembro/15;janeiro/16;fevereiro/16;março/16;abril/16;maio/16;junho/16;julho/16;agosto/16;setembro/16;outubro/16;novembro/16;dezembro/16;janeiro/17;fevereiro/17;março/17;abril/17;maio/17;junho/17;julho/17;agosto/17;setembro/17;outubro/17;novembro/17;dezembro/17;janeiro/18;fevereiro/18;março/18;abril/18;maio/18;junho/18;julho/18;agosto/18;setembro/18;outubro/18;novembro/18;dezembro/18;janeiro/19;fevereiro/19;março/19;abril/19;maio/19;junho/19;julho/19;agosto/19;setembro/19;outubro/19;novembro/19;dezembro/19;janeiro/20;fevereiro/20;março/20;abril/20;maio/20;junho/20;julho/20;agosto/20;setembro/20;outubro/20;novembro/20;dezembro/20;janeiro/21;fevereiro/21;março/21;abril/21;maio/21;junho/21;julho/21;agosto/21;setembro/21;outubro/21;novembro/21;dezembro/21;janeiro/22;fevereiro/22;março/22;abril/22;maio/22;junho/22;julho/22;agosto/22;setembro/22;outubro/22;novembro/22;dezembro/22;janeiro/23;fevereiro/23;março/23;abril/23;maio/23;junho/23;julho/23;agosto/23;setembro/23;outubro/23;novembro/23;dezembro/23
;;;;;;;;;;;;;;;;;;;;;;;;;;;;;;;;;;;;;;;;;;;;;;;;;;;;;;;;;;;;;;;;;;;;;;;;;;;;;;;;;;;;;;;;;;;;;;;;;;;;;;;;;;;;;;;;;;;;;;;;;;;;;;;;;;;;;;;;;;;;;;;;;;;;;;;;;;;;;;;;;;;;;;;;;;;;;;;;;;;;;;;;;;;;;;;;;;;;;;;;;;;;;;;;;;;;;;;;;;;;;;;;;;;;;;;;;;;;;;;;;;;;;;;;;;;;;;;;;;;;;;;;;;;;;;;;;;;;;;;;;;;;;;;;;;;;;;;;;;;;;;;;;;;;;;;;;;;;;;;;;;;;;;;;;;;;;;;;;;;;;;;;;;;;;;;;;;;;;;;;;;;;;;;;;;;;;;;;;;;;;;;;;;;;;;;;;;;;;
Acre;AC;0,00;0,00;0,00;0,00;0,00;0,00;0,00;1.019.440,31;0,00;0,00;0,00;0,00;0,00;0,00;0,00;0,00;0,00;125,83;0,00;0,00;0,00;0,00;0,00;0,00;0,00;0,00;0,00;0,00;0,00;0,00;0,00;0,00;0,00;0,00;0,00;0,00;0,00;0,00;0,00;0,00;0,00;0,00;0,00;0,00;0,00;0,00;0,00;0,00;0,00;0,00;0,00;0,00;0,00;0,00;0,00;0,00;0,00;6.475,41;0,00;0,00;0,00;0,00;0,00;0,00;0,00;0,00;0,00;0,00;0,00;0,00;0,00;0,00;0,00;0,00;0,00;0,00;0,00;0,00;0,00;0,00;0,00;0,00;0,00;0,00;0,00;0,00;0,00;0,00;0,00;0,00;0,00;0,00;0,00;0,00;0,00;0,00;0,00;0,00;0,00;0,00;0,00;0,00;0,00; -   ;0,00;0,00;0,00;0,00;0,00;0,00;0,00;0,00;0,00;0,00;0,00;0,00;0,00;0,00;0,00;0,00;0,00;0,00;0,00;0,00;0,00;0,00;0,00;0,00;0,00;0,00;0,00;0,00;0,00;0,00;0,00;0,00;0,00;0,00;0,00;0,00;0,00;0,00;0,00;0,00;0,00;0,00;0,00;0,00;0,00;0,00;0,00;0,00;0,00;0,00;0,00;0,00;0,00;0,00;0,00;0,00;0,00;0,00;0,00;0,00;0,00;0,00;0,00;0,00; -   ; -   ; -   ; -   ; -   ; -   ; -   ; -   ; -   ; -   ; -   ; -   ; -   ; -   ; -   ; -   ; -   ; -   ; -   ; -   ; -   ; -   ; -   ; -   ; -   ; -   ; -   ; -   ; -   ; -   ; -   ; -   ; -   ; -   ; -   ; -   ; 308,60 ; -   ; -   ; -   ; -   ; -   ; -   ; -   ; -   ; -   ; -   ; -   ; 367,85 ; -   ; -   ; -   ; -   ; -   ; -   ; -   ; -   ; -   ; -   ; -   ; -   ; -   ; -   ; -   ; -   ; -   ; -   ; -   ; -   ; -   ; -   ; -   ; 191,47 ; -   ; -   ; -   ; -   ; -   ; -   ; -   ; -   ; -   ; -   ; -   ; -   ; -   ; -   ; -   ; -   ; -   ; -   ; -   ; -   ; -   ; -   ; -   ; -   ; 560,90 ; 295,25 ; -   ; -   ; -   ; -   ; 718,85 ; -   ; -   ; -   ; -   ; -   ; -   ; -   ; -   ; -   ; -   ; 72,98 ; -   ; -   ; -   ; -   ; -   ; -   ; -   ; -   ; -   ; -   ; -   ; -   ; -   ; -   ; -   ; -   ; -   ; -   ; -   ; -   ; -   ; -   ; -   ; -   ; -   ; -   ; -   ; -   ; -   ; -   ; -   ; -   ; -   ; -   ; -   ; -   ; -   ; -   ; -   ; -   ; -   ; -   ; -   ; -   ; -   ; -   ; -   ; -   ; -   ; -   ; -   ; -   ; -   ; -   ; -   ; -   ; -   ; -   ; -   ; -   ; -   ; -   ; -   ; -   ; -   ; -   ; -   ; -   ; -   ; -   ; -   ; -   ; -   ; -   ; -   ; -   ; -   ; -   ; -   ; -   ; -   ; -   ; -   ; -   ; -   ; -   ; -   ; -   ; -   ; -   ; -   ; -   ; -   ; -   ; -   ; -   ; -   ; -   ; -   ; -   ; -   ; -   ; -   ; -   ; -   ; -   ; -   ; -   ; -   ; -   ; -   ; -   ; -   
Alagoas;AL;0,00;0,00;0,00;0,00;0,00;0,00;0,00;0,00;0,00;0,00;0,00;0,00;0,00;0,00;0,00;0,00;0,00;0,00;0,00;0,00;0,00;0,00;0,00;0,00;0,00;0,00;0,00;0,00;0,00;0,00;0,00;0,00;0,00;0,00;0,00;0,00;0,00;0,00;0,00;0,00;0,00;0,00;0,00;0,00;0,00;0,00;0,00;0,00;0,00;0,00;0,00;0,00;0,00;0,00;0,00;0,00;0,00;0,00;0,00;0,00;0,00;0,00;0,00;0,00;0,00;0,00;0,00;0,00;0,00;0,00;0,00;33,00;0,00;0,00;0,00;0,00;0,00;0,00;0,00;0,00;0,00;0,00;0,00;0,00;0,00;0,00;0,00;0,00;0,00;0,00;0,00;0,00;0,00;0,00;0,00;0,00;0,00;0,00;0,00;0,00;0,00;0,00;0,00; -   ;0,00;0,00;0,00;0,00;0,00;0,00;0,00;0,00;0,00;0,00;0,00;0,00;0,00;0,00;0,00;0,00;0,00;0,00;0,00;0,00;0,00;0,00;0,00;0,00;0,00;0,00;0,00;0,00;0,00;0,00;0,00;0,00;0,00;0,00;0,00;0,00;0,00;0,00;0,00;0,00;0,00;0,00;0,00;0,00;0,00;0,00;0,00;0,00;0,00;0,00;0,00;0,00;0,00;0,00;0,00;0,00;0,00;0,00;0,00;0,00;0,00;0,00;0,00;0,00; -   ; -   ; -   ; -   ; -   ; -   ; -   ; -   ; -   ; -   ; -   ; -   ; -   ; -   ; -   ; -   ; -   ; -   ; -   ; -   ; -   ; -   ; -   ; -   ; -   ; -   ; -   ; -   ; -   ; -   ; -   ; -   ; -   ; -   ; -   ; -   ; -   ; -   ; -   ; -   ; -   ; -   ; -   ; -   ; -   ; -   ; -   ; -   ; -   ; -   ; -   ; -   ; -   ; -   ; -   ; -   ; -   ; -   ; -   ; -   ; -   ; -   ; -   ; -   ; -   ; -   ; -   ; -   ; -   ; -   ; -   ; -   ; -   ; -   ; -   ; -   ; -   ; -   ; -   ; -   ; -   ; 451,41 ; -   ; -   ; -   ; -   ; -   ; -   ; -   ; 71,75 ; -   ; -   ; -   ; -   ; -   ; -   ; -   ; -   ; -   ; 91,00 ; -   ; -   ; -   ; -   ; -   ; -   ; -   ; -   ; -   ; -   ; -   ; -   ; -   ; -   ; -   ; -   ; -   ; -   ; -   ; -   ; -   ; -   ; -   ; -   ; -   ; -   ; -   ; -   ; -   ; -   ; -   ; -   ; -   ; -   ; -   ; -   ; -   ; -   ; -   ; -   ; -   ; -   ; -   ; -   ; -   ; -   ; -   ; -   ; -   ; -   ; -   ; -   ; -   ; -   ; -   ; -   ; -   ; -   ; -   ; -   ; -   ; -   ; -   ; -   ; -   ; -   ; -   ; -   ; -   ; -   ; -   ; -   ; -   ; -   ; -   ; -   ; -   ; -   ; -   ; -   ; -   ; -   ; -   ; -   ; -   ; -   ; -   ; -   ; -   ; -   ; -   ; -   ; -   ; -   ; -   ; -   ; -   ; -   ; -   ; -   ; -   ; -   ; -   ; -   ; -   ; -   ; -   ; -   ; -   ; -   ; -   ; -   ; -   ; -   ; -   ; -   ; -   ; -   ; -   ; -   ; -   ; -   ; -   ; -   ; -   ; -   ; -   ; -   
Amazonas;AM;442.211,69;0,00;1.383.361,13;628.035,84;0,00;629.605,08;758.204,53;879.395,90;0,00;381.070,55;474.987,80;3.741.651,28;2.378.665,21;2.559.266,50;3.067.144,13;1.413.559,10;2.029.176,60;9.637.358,75;4.864.022,05;9.660.181,09;10.252.543,98;14.611.735,46;60.802.835,98;75.053.863,71;106.362,13;31.276,56;201.375,74;67.491,89;422.095,65;384.430,93;583.431,53;829.703,60;665.415,85;989.639,63;816.858,35;1.059.161,36;528,37;1.112,10;834,68;651,94;1.836,67;2.374,98;1.298,16;4.180,94;1.318,02;4.215,33;3.417,37;4.304,28;8.212,04;1.951,74;6.404,12;2.025,15;2.289,28;1.215,63;7.805,05;4.908,98;2.484,64;5.133,23;2.675,92;2.673,15;5.271,88;6.838,08;5.737,21;6.043,13;4.780,24;4.464,37;6.056,96;2.509,02;2.912,54;3.462,20;2.400,57;2.471,69;4.780,40;2.523,51;3.307,30;2.559,82;2.020,89;0,00;6.824,94;2.691,59;2.619,16;3.400,17;878,08;2.509,65;422,94;1.455,29;1.192,35;1.221,25;1.253,69;462,57;374,61;354,62;73,99;0,00;0,00;0,00;0,00;0,00;0,00;0,00;0,00;0,00;3.466,83; 2.531,91 ;2.346,49;2.482,50;3.829,07;0,00;2.457,54;848,20;1.390,33;0,00;0,00;0,00;2.488,81;0,00;350,00;420,00;541,99;407,92;0,00;0,00;0,00;0,00;0,00;465,66;1.063,83;1.058,08;0,00;1.883,01;0,00;0,00;1.493,49;175,00;576,91;2.353,89;3.607,48;1.096,29;0,00;7.406,35;0,00;0,00;21.419,80;0,00;34.726,54;11.494,13;15.398,73;11.214,81;5.304,06;1.417,61;0,00;0,00;0,00;0,00;0,00;18.133,59;32.123,26;5.850,32;5.906,54;2.104,22;0,00;0,00;0,00;26.018,29;6.954,83;5.697,30;8.738,30;9.790,75; 7.241,91 ; 9.749,02 ; 7.100,49 ; 4.904,15 ; 3.830,85 ; 5.571,45 ; 2.417,31 ; 5.490,18 ; 3.104,41 ; 1.924,72 ; 2.683,29 ; 2.177,66 ; 1.165,93 ; 3.275,17 ; 5.235,03 ; 1.368,35 ; 2.282,77 ; 4.498,22 ; 3.341,20 ; 1.331,76 ; 1.542,23 ; 1.258,79 ; 3.783,08 ; 3.973,91 ; 2.992,50 ; 9.979,56 ; 23.904,77 ; 13.462,71 ; 13.725,76 ; 5.984,48 ; 8.129,62 ; 10.178,19 ; 1.027,74 ; 7.844,83 ; 3.759,82 ; 4.820,94 ; 7.545,03 ; 3.815,11 ; 1.489,36 ; 5.285,65 ; 1.585,80 ; 2.426,01 ; 2.314,97 ; 4.310,63 ; 3.864,68 ; 9.068,51 ; 9.268,64 ; 6.912,27 ; 7.498,05 ; -   ; 28.024,31 ; 12.701,80 ; 4.027,63 ; 2.598,94 ; 2.494,93 ; 2.132,44 ; 2.574,36 ; 3.984,99 ; 3.482,88 ; 3.474,47 ; 4.825,48 ; 927,45 ; 1.773,41 ; 2.640,83 ; 3.060,17 ; 1.367,19 ; 80,50 ; 880,12 ; 6.700,47 ; 14.305,21 ; 2.262,20 ; 12.636,51 ; 20.327,47 ; 8.020,55 ; 5.497,02 ; 5.927,30 ; 3.864,67 ; 2.568,63 ; 1.368,86 ; 2.180,97 ; 2.434,82 ; 3.421,97 ; 3.137,08 ; 4.761,11 ; 4.046,63 ; 1.023,65 ; 21,18 ; -   ; 34,29 ; 71,35 ; 183,72 ; 378,98 ; 3.857,80 ; 11.766,92 ; 2.856,78 ; 10.410,78 ; 4.125,23 ; 3.151,98 ; 4.843,87 ; 4.821,55 ; 6.025,83 ; 8.183,54 ; 5.409,16 ; 14.478,39 ; 10.988,01 ; 34.862,95 ; 3.075,90 ; 35.992,22 ; 19.059,93 ; 16.036,78 ; 19.431,14 ; 13.002,87 ; 13.752,60 ; 11.632,80 ; 12.806,21 ; 10.204,16 ; 12.410,31 ; 4.992,70 ; 6.294,10 ; 4.546,49 ; 5.533,41 ; 3.297,35 ; 10.740,82 ; 6.589,30 ; 7.245,33 ; 4.547,68 ; 5.234,16 ; 5.175,85 ; -   ; -   ; -   ; 38.405,67 ; 15.721,56 ; 14.475,77 ; 23.568,15 ; 3.279,46 ; -   ; -   ; -   ; -   ; -   ; -   ; -   ; 115.500,56 ; 9.834,01 ; 7.640,10 ; 441,00 ; -   ; -   ; 87,78 ; 194,92 ; 825,28 ; 2.676,64 ; 1.134,48 ; 3.633,35 ; 1.798,15 ; 565,23 ; -   ; -   ; -   ; -   ; 3.399,38 ; -   ; -   ; -   ; -   ; -   ; -   ; -   ; -   ; -   ; -   ; -   ; -   ; -   ; -   ; -   ; -   ; -   ; -   ; 74,24 ; -   ; -   ; 9.849,22 ; 27.020,63 ; 28.077,84 ; 31.196,39 ; 18.706,34 ; 28.219,82 ; 18.630,97 ; 14.808,93 ; 17.112,93 ; 18.616,94 ; 27.253,01 ; 8.497,61 ; 37.670,09 ; 35.697,97 ; 44.040,30 ; 32.375,65 ; 37.313,55 ; 32.302,42 ; 20.991,72 ; 36.030,00 ; 30.050,45 ; 35.788,82 ; 38.976,51 ; 42.469,17 ; 17.831,26 ; 47.834,46 ; 45.240,24 ; 58.879,48 ; 54.203,12 ; 24.683,57 ; 28.105,73 ; 16.525,79 ; 26.636,40 ; 21.969,42 ; 19.118,51 ; 24.637,25 ; 36.652,21 ; 28.735,52 ; 2.317,64 ; 13.051,50 ; 11.719,29 ; 15.271,01 ; -   ; -   ; -   
Amapá;AP;1.767.700,35;0,00;10.130.990,45;5.008.688,71;0,00;3.588.649,77;4.177.258,51;13.668.768,49;0,00;14.554.436,04;10.539.645,64;28.444.785,11;31.471.075,20;34.863.992,01;47.524.113,61;53.684.250,80;0,00;170.869.381,34;-4.712.978,44;120.280.012,40;242.360.786,32;161.935.962,46;166.249.764,47;369.273.253,15;467.842,40;358.148,07;504.331,15;27.130,39;2.234.051,40;1.374.548,70;1.765.438,48;3.691.056,25;3.175.089,59;4.218.504,08;4.564.710,79;8.230.756,82;5.747,50;8.247,81;4.765,03;3.190,73;17.063,66;13.874,79;6.162,03;22.857,19;9.621,60;11.770,28;10.632,53;10.128,10;13.759,81;4.544,73;9.315,71;5.710,67;7.898,45;21.709,00;4.675,81;8.317,87;6.099,47;9.972,88;8.489,94;11.807,20;8.146,59;18.586,46;9.591,55;13.563,50;7.946,14;6.365,07;19.769,76;7.295,79;16.547,99;17.041,55;9.656,32;15.116,18;22.640,80;4.000,99;10.825,87;6.854,13;1.949,95;0,00;23.354,53;8.816,66;7.941,71;8.300,30;4.166,64;6.010,43;10.691,34;5.736,74;2.161,50;157,24;517,83;384,08;1.201,20;1.933,52;3.572,79;359,03;171,54;139,53;2.110,37;247,54;2.135,82;115,41;3.187,78;1.082,84;618,72; 2.626,68 ;6.939,83;9.347,37;4.215,00;6.635,18;7.097,80;4.109,65;3.521,24;3.623,89;2.611,98;7.075,48;14.728,93;14.866,42;3.617,28;29.476,56;8.974,65;15.551,16;12.366,14;0,00;0,00;0,00;7.575,51;16.770,82;21.334,22;46.159,93;28.393,54;48.204,21;0,00;0,00;103.479,65;31.118,06;38.617,40;48.942,75;29.453,78;9.882,64;0,00;69.518,25;0,00;0,00;175.459,13;0,00;258.499,64;61.399,00;72.993,16;50.678,13;30.863,23;15.774,14;0,00;0,00;0,00;0,00;0,00;158.233,71;308.849,11;45.022,12;94.209,01;37.946,57;0,00;0,00;0,00;251.359,22;74.795,16;53.047,68;72.418,98;62.775,44; 42.087,16 ; 28.187,67 ; 37.742,82 ; 24.166,41 ; 11.850,36 ; 22.801,42 ; 20.504,74 ; 27.936,11 ; 29.506,32 ; 30.836,62 ; 32.682,57 ; 29.057,74 ; 37.875,68 ; 33.081,55 ; 30.680,36 ; 18.832,74 ; 31.329,38 ; 29.417,72 ; 33.419,60 ; 41.658,41 ; 33.152,04 ; 26.341,28 ; 27.671,00 ; 35.494,46 ; 38.880,84 ; 20.906,90 ; 16.398,03 ; 23.510,62 ; 26.419,83 ; 33.537,32 ; 24.220,91 ; 53.142,95 ; 9.920,41 ; 44.344,38 ; 31.433,68 ; 25.643,09 ; 49.223,31 ; 14.627,16 ; 19.216,24 ; 32.717,17 ; 21.775,16 ; 16.858,70 ; 31.617,49 ; 36.390,96 ; 24.833,72 ; 31.222,48 ; 34.461,84 ; 38.727,91 ; 45.793,34 ; -   ; 106.727,09 ; 59.259,19 ; 25.765,40 ; 42.375,30 ; 36.999,52 ; 27.051,45 ; 24.796,36 ; 31.395,20 ; 28.158,36 ; 25.994,07 ; 33.258,82 ; 26.310,15 ; 38.243,04 ; 20.403,15 ; 9.223,24 ; 15.956,67 ; 8.690,69 ; 285,33 ; 492,12 ; 7.459,08 ; 1.100,33 ; 3.688,65 ; 11.030,20 ; 4.135,58 ; 4.898,92 ; 7.146,39 ; 4.410,65 ; 5.135,41 ; 8.559,09 ; 13.050,13 ; 15.159,02 ; 18.722,57 ; 12.767,58 ; 24.948,30 ; 18.532,74 ; 12.326,67 ; 10.001,54 ; 14.877,28 ; 19.233,55 ; 24.292,54 ; 17.503,76 ; 28.390,82 ; 15.917,06 ; 15.250,99 ; 3.949,88 ; 18.066,40 ; 15.799,75 ; 29.643,05 ; 15.349,01 ; 22.139,81 ; 11.201,45 ; 10.147,35 ; 13.651,88 ; 14.608,48 ; 14.483,53 ; 19.037,99 ; 2.514,45 ; 31.443,15 ; 20.594,89 ; 14.920,22 ; 15.949,34 ; 16.027,21 ; 9.867,02 ; 11.193,74 ; 13.725,83 ; 18.316,49 ; 21.145,79 ; 27.382,59 ; 17.142,14 ; 10.068,96 ; 37.224,41 ; 13.164,58 ; 32.119,81 ; 22.508,79 ; 20.455,61 ; 21.860,67 ; 25.954,25 ; 22.727,28 ; -   ; -   ; -   ; 122.671,91 ; 55.846,22 ; 25.588,21 ; 32.783,23 ; 8.984,30 ; -   ; -   ; -   ; -   ; -   ; -   ; -   ; 219.737,23 ; 22.362,60 ; 27.381,47 ; 11.464,63 ; 11.663,53 ; 10.128,10 ; 12.512,59 ; 12.935,55 ; 14.725,37 ; 12.515,29 ; 10.907,51 ; 10.130,52 ; 9.952,95 ; 23.942,29 ; 12.776,28 ; 3.405,23 ; 10.001,73 ; 15.732,50 ; 9.466,89 ; 11.850,29 ; 9.584,98 ; 10.760,06 ; 7.892,45 ; 13.298,26 ; 10.338,27 ; 10.816,25 ; 9.012,07 ; 12.353,52 ; 21.895,55 ; 18.495,11 ; 12.353,36 ; 27.601,51 ; 22.999,34 ; 32.326,47 ; 21.558,19 ; 26.312,31 ; 24.649,35 ; 36.017,07 ; 23.827,15 ; 19.073,94 ; 11.222,47 ; 24.600,63 ; 22.799,94 ; 35.644,06 ; 3.989,92 ; -   ; -   ; -   ; -   ; -   ; -   ; 3.928,31 ; -   ; -   ; -   ; -   ; 5.588,10 ; 15.326,05 ; 17.767,66 ; 19.816,99 ; 25.766,50 ; 28.107,19 ; 13.721,26 ; 3.131,03 ; 887,40 ; 2.320,45 ; 1.253,56 ; 3.724,76 ; 2.364,29 ; 3.039,81 ; 1.554,01 ; 3.387,64 ; 1.920,18 ; 4.269,05 ; 959,00 ; 1.211,30 ; 6.202,94 ; 3.465,70 ; 6.539,17 ; 4.405,05 ; 7.814,44 ; 4.985,01 ; -   ; -   ; -   
Bahia;BA;924.621,94;0,00;9.038.246,69;2.667.879,62;0,00;12.084.330,48;12.552.041,78;20.535.843,26;0,00;35.444.237,83;38.641.271,41;33.998.200,47;57.101.555,14;87.551.776,67;124.715.983,65;74.074.081,10;0,00;305.027.533,29;26.956.617,39;123.197.336,61;194.283.375,56;121.038.986,65;695.615.547,53;412.454.243,36;1.007.460,36;444.209,18;1.274.602,16;0,00;2.581.739,17;864.956,93;4.296.171,62;5.267.292,92;2.065.819,25;4.381.531,79;7.712.828,27;13.971.796,81;6.530,40;7.989,13;6.173,68;5.658,09;24.739,96;23.879,75;24.991,71;9.372,55;3.707,62;3.329,66;2.627,28;13.605,91;97.966,70;6.179,74;1.496,12;11.900,19;10.393,03;11.298,06;12.872,54;9.977,89;6.347,80;17.736,62;2.907,79;29.656,22;237,68;724,98;497,17;562,35;380,50;1.064,21;662,15;4.521,39;88,78;411,18;273,79;239,31;0,00;0,00;0,00;0,00;0,00;0,00;0,00;0,00;73,61;0,00;0,00;0,00;0,00;0,00;0,00;0,00;0,00;0,00;0,00;0,00;0,00;0,00;0,00;0,00;0,00;0,00;0,00;0,00;0,00;0,00;0,00; -   ;0,00;0,00;0,00;0,00;0,00;0,00;0,00;0,00;0,00;0,00;0,00;0,00;0,00;0,00;0,00;0,00;0,00;0,00;0,00;0,00;0,00;0,00;0,00;0,00;0,00;0,00;0,00;0,00;1.302,72;0,00;0,00;0,00;0,00;0,00;0,00;56,21;0,00;0,00;0,00;0,00;0,00;0,00;0,00;0,00;0,00;0,00;0,00;0,00;0,00;0,00;0,00;0,00;0,00;0,00;0,00;0,00;0,00;0,00;0,00;0,00;0,00;0,00;0,00;0,00; -   ; -   ; -   ; -   ; -   ; -   ; -   ; -   ; -   ; -   ; -   ; -   ; -   ; -   ; -   ; -   ; -   ; -   ; -   ; -   ; -   ; -   ; -   ; -   ; -   ; -   ; -   ; -   ; -   ; -   ; -   ; -   ; -   ; 705,60 ; -   ; -   ; 306,78 ; -   ; 271,74 ; -   ; -   ; -   ; -   ; -   ; -   ; -   ; 357,04 ; -   ; -   ; -   ; -   ; -   ; -   ; -   ; -   ; -   ; -   ; -   ; 45,92 ; -   ; 371,15 ; -   ; -   ; -   ; -   ; -   ; -   ; -   ; -   ; -   ; -   ; -   ; -   ; -   ; -   ; -   ; -   ; -   ; -   ; 659,70 ; 1.662,04 ; -   ; 1.156,03 ; 602,26 ; -   ; -   ; -   ; 328,93 ; -   ; -   ; -   ; -   ; -   ; -   ; -   ; 368,75 ; -   ; -   ; 117,83 ; 108,59 ; -   ; 85,40 ; -   ; -   ; -   ; -   ; -   ; 49,11 ; -   ; -   ; -   ; -   ; -   ; -   ; -   ; -   ; -   ; -   ; -   ; -   ; -   ; -   ; -   ; -   ; -   ; -   ; -   ; -   ; -   ; -   ; -   ; 1.058,65 ; -   ; -   ; -   ; -   ; -   ; -   ; -   ; -   ; -   ; -   ; -   ; -   ; -   ; -   ; -   ; -   ; -   ; -   ; -   ; -   ; -   ; -   ; -   ; -   ; -   ; -   ; -   ; -   ; -   ; -   ; 308,37 ; -   ; 1.225,34 ; 43.666,49 ; -   ; -   ; 197,75 ; 372,80 ; -   ; -   ; -   ; -   ; -   ; -   ; -   ; -   ; -   ; -   ; -   ; -   ; -   ; -   ; -   ; -   ; -   ; -   ; -   ; -   ; -   ; -   ; -   ; -   ; 41,13 ; -   ; -   ; -   ; -   ; -   ; -   ; -   ; -   ; -   ; -   ; -   ; -   ; -   ; -   ; -   ; -   ; -   ; -   ; 5.550,89 ; 33.076,90 ; 52.340,17 ; 57.322,66 ; 14.492,77 ; 3.708,70 ; -   ; -   ; -   ; -   ; -   ; -   ; -   ; -   ; -   
Ceará;CE;0,00;0,00;11.073.132,00;0,00;0,00;0,00;0,00;387.525,61;0,00;0,00;0,00;0,00;65.004,41;0,00;0,00;0,00;0,00;0,00;61,89;0,00;91.336,02;0,00;0,00;0,00;0,00;0,00;0,00;0,00;1.119,67;0,00;0,00;0,00;0,00;0,00;0,00;0,00;0,00;0,00;0,00;0,00;0,00;0,00;0,00;0,00;0,00;0,00;0,00;0,00;0,00;0,00;0,00;0,00;0,00;0,00;0,00;0,00;0,00;0,00;0,00;0,00;0,00;0,00;0,00;0,00;0,00;0,00;0,00;0,00;0,00;0,00;0,00;0,00;0,00;0,00;0,00;0,00;31,44;0,00;0,00;0,00;0,00;0,00;0,00;0,00;0,00;0,00;0,00;0,00;0,00;0,00;0,00;0,00;0,00;0,00;0,00;0,00;0,00;0,00;0,00;0,00;0,00;0,00;0,00; -   ;0,00;0,00;0,00;0,00;0,00;0,00;0,00;0,00;0,00;0,00;0,00;0,00;0,00;0,00;0,00;0,00;0,00;0,00;0,00;0,00;0,00;0,00;0,00;0,00;0,00;0,00;0,00;0,00;0,00;0,00;0,00;0,00;0,00;0,00;0,00;0,00;0,00;0,00;971,39;0,00;17.596,22;14.244,14;25.139,30;8.962,73;8.557,31;1.483,95;0,00;0,00;0,00;0,00;0,00;20.988,37;15.292,47;0,00;0,00;1.188,14;0,00;0,00;0,00;6.863,62;2.583,70;998,90;584,28;3.409,73; 760,44 ; 1.752,03 ; 4.417,00 ; 385,00 ; 111,80 ; 1.295,00 ; 1.694,00 ; 3.276,00 ; 2.681,00 ; 1.617,00 ; 875,00 ; 1.813,00 ; 610,35 ; 1.295,80 ; 1.457,37 ; 181,60 ; 514,02 ; 1.310,07 ; 312,72 ; 321,15 ; 210,00 ; -   ; 1.050,00 ; 1.694,00 ; -   ; 1.141,00 ; 1.064,00 ; 1.750,00 ; 700,00 ; 245,00 ; 931,00 ; 3.257,92 ; 1.435,00 ; 2.269,93 ; 2.303,65 ; 4.263,00 ; 8.232,55 ; 2.527,00 ; 3.073,49 ; 3.521,00 ; 575,31 ; 5.000,00 ; 1.183,59 ; 5.521,39 ; 6.895,00 ; 5.075,44 ; 1.869,00 ; 2.102,68 ; 3.290,00 ; -   ; 15.998,85 ; 8.067,50 ; 2.390,66 ; 2.499,00 ; 2.520,00 ; 4.011,00 ; 11.440,81 ; 4.312,00 ; 4.900,00 ; 1.567,87 ; 2.111,60 ; 5.649,38 ; 6.167,00 ; 1.890,00 ; 2.940,00 ; 2.100,00 ; 187,27 ; -   ; -   ; -   ; -   ; -   ; -   ; -   ; -   ; -   ; -   ; -   ; -   ; 75,35 ; -   ; -   ; -   ; -   ; -   ; -   ; -   ; -   ; -   ; -   ; 356,96 ; -   ; 73,45 ; -   ; -   ; -   ; -   ; 387,26 ; 439,49 ; -   ; 1.558,34 ; 350,56 ; -   ; -   ; -   ; -   ; -   ; -   ; -   ; -   ; -   ; -   ; 68,57 ; -   ; -   ; 616,80 ; -   ; -   ; -   ; -   ; -   ; -   ; -   ; -   ; -   ; -   ; -   ; -   ; -   ; -   ; -   ; 40,64 ; -   ; -   ; -   ; -   ; -   ; -   ; -   ; -   ; -   ; -   ; -   ; 2.113,23 ; -   ; -   ; -   ; -   ; -   ; -   ; -   ; -   ; -   ; -   ; -   ; -   ; 73,58 ; -   ; -   ; -   ; -   ; -   ; -   ; -   ; -   ; -   ; -   ; -   ; -   ; -   ; -   ; -   ; -   ; -   ; -   ; -   ; -   ; -   ; -   ; -   ; 327,55 ; -   ; -   ; -   ; -   ; -   ; -   ; -   ; -   ; -   ; -   ; -   ; 50,93 ; -   ; -   ; -   ; -   ; -   ; -   ; -   ; -   ; -   ; 1.506,31 ; 35.826,00 ; -   ; -   ; -   ; -   ; -   ; -   ; -   ; 1.275,00 ; -   ; -   ; 9,45 ; -   ; 135,19 ; -   ; -   ; -   ; -   ; -   ; -   ; -   ; -   ; -   ; -   ; -   
Distrito Federal;DF;0,00;0,00;0,00;0,00;0,00;0,00;0,00;0,00;0,00;0,00;0,00;1.209.742,38;0,00;0,00;0,00;0,00;0,00;0,00;0,00;0,00;0,00;0,00;0,00;0,00;0,00;0,00;0,00;0,00;0,00;0,00;0,00;0,00;0,00;0,00;0,00;4.688,78;0,00;0,00;0,00;0,00;0,00;0,00;0,00;0,00;0,00;0,00;0,00;0,00;0,00;0,00;0,00;0,00;0,00;0,00;0,00;0,00;0,00;0,00;0,00;0,00;0,00;0,00;0,00;0,00;0,00;0,00;0,00;0,00;0,00;0,00;0,00;0,00;0,00;0,00;0,00;0,00;0,00;0,00;0,00;0,00;0,00;0,00;0,00;0,00;0,00;0,00;0,00;0,00;0,00;0,00;0,00;0,00;0,00;0,00;0,00;0,00;0,00;0,00;0,00;0,00;0,00;0,00;0,00; -   ;0,00;0,00;0,00;0,00;0,00;0,00;0,00;0,00;0,00;0,00;0,00;0,00;0,00;0,00;0,00;0,00;0,00;0,00;0,00;0,00;0,00;0,00;0,00;0,00;0,00;0,00;0,00;0,00;0,00;0,00;0,00;0,00;0,00;0,00;0,00;0,00;0,00;0,00;0,00;0,00;0,00;0,00;0,00;0,00;0,00;0,00;0,00;0,00;0,00;0,00;0,00;0,00;0,00;0,00;0,00;0,00;0,00;0,00;0,00;0,00;0,00;0,00;0,00;0,00; -   ; -   ; -   ; -   ; -   ; -   ; -   ; -   ; -   ; -   ; -   ; -   ; -   ; -   ; -   ; -   ; -   ; -   ; -   ; -   ; -   ; -   ; -   ; -   ; -   ; -   ; -   ; -   ; -   ; -   ; -   ; -   ; -   ; -   ; -   ; -   ; -   ; -   ; -   ; -   ; -   ; -   ; -   ; -   ; -   ; -   ; -   ; -   ; -   ; -   ; -   ; -   ; -   ; -   ; -   ; -   ; -   ; -   ; -   ; -   ; -   ; -   ; -   ; -   ; -   ; -   ; -   ; -   ; -   ; -   ; -   ; -   ; -   ; -   ; -   ; -   ; -   ; -   ; -   ; -   ; -   ; -   ; -   ; -   ; -   ; -   ; -   ; -   ; -   ; -   ; -   ; -   ; -   ; -   ; -   ; -   ; -   ; -   ; -   ; -   ; -   ; -   ; -   ; -   ; -   ; -   ; -   ; -   ; -   ; -   ; -   ; 700,00 ; -   ; -   ; -   ; -   ; -   ; -   ; -   ; -   ; -   ; -   ; -   ; -   ; -   ; -   ; -   ; -   ; -   ; -   ; -   ; -   ; -   ; -   ; -   ; -   ; -   ; -   ; -   ; -   ; -   ; -   ; -   ; -   ; -   ; -   ; -   ; -   ; -   ; -   ; -   ; -   ; -   ; -   ; -   ; -   ; -   ; -   ; -   ; -   ; -   ; -   ; -   ; -   ; -   ; -   ; -   ; -   ; -   ; -   ; -   ; -   ; -   ; -   ; -   ; -   ; -   ; -   ; -   ; -   ; -   ; -   ; -   ; -   ; -   ; -   ; -   ; -   ; -   ; -   ; -   ; 31.573,50 ; -   ; -   ; -   ; -   ; -   ; -   ; -   ; -   ; -   ; -   ; -   ; -   ; -   ; -   ; -   ; -   ; -   ; -   ; -   ; -   ; -   ; -   ; -   ; -   ; -   ; -   ; -   ; -   ; -   ; -   ; -   ; -   ; -   ; -   ; -   ; -   
Espírito Santo;ES;0,00;0,00;0,00;0,00;0,00;0,00;0,00;0,00;0,00;0,00;0,00;0,00;0,00;0,00;0,00;152.003,46;0,00;372.165,78;-186.082,89;0,00;0,00;0,00;0,00;0,00;0,00;0,00;0,00;0,00;0,00;0,00;0,00;0,00;0,00;0,00;0,00;0,00;0,00;0,00;0,00;0,00;0,00;0,00;0,00;0,00;0,00;0,00;0,00;0,00;0,00;0,00;0,00;0,00;0,00;0,00;0,00;0,00;0,00;0,00;0,00;0,00;0,00;0,00;0,00;0,00;115,61;0,00;0,00;0,00;0,00;0,00;0,00;0,00;0,00;0,00;0,00;0,00;0,00;0,00;0,00;0,00;0,00;0,00;0,00;0,00;0,00;0,00;0,00;0,00;0,00;0,00;0,00;0,00;0,00;0,00;0,00;0,00;0,00;0,00;0,00;0,00;0,00;0,00;0,00; -   ;0,00;0,00;0,00;0,00;0,00;0,00;1.241,35;0,00;0,00;0,00;1.212,48;0,00;0,00;0,00;0,00;0,00;0,00;0,00;0,00;0,00;0,00;0,00;0,00;0,00;0,00;0,00;0,00;0,00;0,00;0,00;0,00;0,00;0,00;0,00;0,00;0,00;0,00;0,00;0,00;0,00;0,00;0,00;0,00;0,00;0,00;0,00;0,00;0,00;0,00;0,00;0,00;0,00;0,00;0,00;0,00;0,00;0,00;0,00;0,00;0,00;0,00;0,00;0,00;0,00; -   ; -   ; -   ; -   ; -   ; -   ; -   ; -   ; -   ; -   ; -   ; -   ; -   ; -   ; -   ; -   ; -   ; -   ; -   ; -   ; -   ; -   ; -   ; -   ; -   ; -   ; -   ; -   ; -   ; -   ; -   ; -   ; -   ; -   ; -   ; -   ; -   ; -   ; -   ; -   ; -   ; -   ; -   ; -   ; -   ; -   ; -   ; -   ; -   ; -   ; -   ; -   ; -   ; -   ; -   ; -   ; -   ; -   ; -   ; -   ; -   ; -   ; -   ; -   ; -   ; -   ; -   ; -   ; -   ; -   ; -   ; -   ; -   ; -   ; -   ; -   ; -   ; -   ; -   ; -   ; -   ; -   ; -   ; -   ; -   ; -   ; -   ; -   ; -   ; -   ; -   ; -   ; -   ; -   ; -   ; -   ; -   ; -   ; -   ; -   ; -   ; -   ; -   ; -   ; -   ; -   ; -   ; -   ; -   ; -   ; -   ; -   ; -   ; -   ; -   ; -   ; -   ; -   ; -   ; -   ; -   ; -   ; -   ; -   ; -   ; -   ; -   ; -   ; -   ; -   ; -   ; -   ; -   ; -   ; -   ; -   ; -   ; -   ; -   ; -   ; -   ; -   ; -   ; -   ; -   ; -   ; -   ; -   ; -   ; -   ; -   ; -   ; -   ; -   ; -   ; -   ; -   ; -   ; -   ; -   ; -   ; -   ; -   ; -   ; -   ; -   ; -   ; -   ; -   ; -   ; -   ; -   ; -   ; -   ; -   ; -   ; -   ; -   ; -   ; -   ; -   ; -   ; -   ; -   ; -   ; -   ; -   ; -   ; -   ; -   ; -   ; -   ; -   ; -   ; 90,81 ; -   ; -   ; -   ; -   ; -   ; -   ; -   ; 1.202,71 ; 787,24 ; -   ; -   ; -   ; -   ; -   ; -   ; -   ; -   ; -   ; 1.285,10 ; 2.611,71 ; 4.136,91 ; 4.207,90 ; 3.947,48 ; 8.938,49 ; 2.413,18 ; -   ; -   ; -   ; -   ; -   ; -   ; -   ; -   
Goiás;GO;4.269.670,13;0,00;9.853.688,81;4.021.121,78;0,00;4.876.964,20;4.901.423,74;21.906.504,36;0,00;23.184.565,38;16.188.001,66;52.271.832,17;3.394.640,09;29.036.973,96;6.065.021,88;50.048.235,59;0,00;94.570.306,71;60.799.799,11;29.430.498,78;259.305.823,36;220.647.459,88;154.849.186,67;315.855.482,15;464.067,83;514.650,02;556.535,65;0,00;2.001.671,13;1.270.704,08;1.609.501,38;2.699.363,75;2.891.123,25;2.857.970,07;7.190.556,18;8.974.828,71;4.217,76;4.558,49;9.714,72;2.532,18;8.682,04;26.833,18;12.043,68;18.476,16;6.670,68;8.953,48;10.305,86;6.411,18;7.217,90;705,47;4.077,51;2.615,43;7.402,16;1.933,52;3.858,03;4.993,92;2.822,80;3.989,44;35,15;565,56;70,08;346,71;163,52;58,17;69,27;47,07;97,70;68,86;542,67;8,20;7,83;179,03;332,07;25,19;44,14;24,61;0,00;0,00;168,74;1.103,29;1.027,46;90,23;47,78;61,11;32,09;24,99;175,69;39,54;19,37;15,61;21,56;0,00;0,00;14,98;42,39;6,56;0,00;0,00;0,00;0,00;0,00;0,00;0,00; -   ;0,00;0,00;0,00;0,00;0,00;0,00;0,00;0,00;0,00;0,00;0,00;0,00;0,00;0,00;0,00;0,00;0,00;0,00;0,00;0,00;0,00;0,00;0,00;0,00;0,00;0,00;0,00;0,00;0,00;0,00;0,00;0,00;0,00;0,00;0,00;0,00;0,00;0,00;157,50;0,00;7.881,30;0,00;1.801,80;1.173,20;1.127,70;19,60;0,00;0,00;0,00;0,00;0,00;1.232,81;410,76;0,00;0,00;231,00;0,00;0,00;0,00;0,00;0,00;0,00;0,00;0,00; -   ; -   ; -   ; -   ; -   ; -   ; -   ; -   ; -   ; -   ; -   ; -   ; -   ; -   ; -   ; -   ; -   ; -   ; -   ; -   ; -   ; -   ; -   ; -   ; -   ; -   ; -   ; -   ; -   ; -   ; -   ; -   ; -   ; -   ; 94,06 ; -   ; -   ; -   ; -   ; -   ; -   ; -   ; -   ; 305,66 ; -   ; -   ; -   ; -   ; -   ; -   ; -   ; 149,84 ; 231,42 ; -   ; 151,92 ; 1.072,86 ; -   ; -   ; -   ; -   ; -   ; -   ; 24,08 ; -   ; -   ; 72,13 ; -   ; 27,38 ; -   ; -   ; 491,86 ; -   ; 365,38 ; -   ; -   ; -   ; -   ; -   ; -   ; -   ; -   ; 11,41 ; -   ; -   ; -   ; -   ; -   ; -   ; -   ; -   ; -   ; -   ; -   ; -   ; -   ; 1.187,46 ; 763,42 ; -   ; 982,61 ; -   ; -   ; -   ; -   ; 38,77 ; -   ; -   ; -   ; -   ; -   ; 471,56 ; -   ; -   ; -   ; 413,49 ; -   ; -   ; 2.892,12 ; -   ; 28,28 ; -   ; -   ; -   ; -   ; -   ; -   ; -   ; -   ; 102,07 ; -   ; -   ; -   ; 1.149,34 ; -   ; -   ; -   ; -   ; -   ; -   ; -   ; -   ; -   ; -   ; -   ; 5.098,16 ; -   ; -   ; -   ; -   ; -   ; -   ; -   ; -   ; -   ; -   ; -   ; 74,85 ; 20,62 ; -   ; -   ; -   ; -   ; -   ; -   ; -   ; 35,00 ; 26,43 ; -   ; -   ; -   ; -   ; -   ; -   ; -   ; -   ; -   ; 252,66 ; 273,35 ; 7,00 ; 878,73 ; 3.512,59 ; -   ; -   ; 695,73 ; -   ; 2.219,27 ; 2.572,29 ; 8.677,72 ; 5.086,73 ; 1.724,81 ; 6.782,30 ; 8.536,93 ; 2.850,37 ; 5.480,56 ; 9.203,99 ; -   ; 8.461,46 ; 3.072,91 ; -   ; -   ; -   ; -   ; -   ; -   ; 73,43 ; -   ; -   ; 1.883,58 ; -   ; -   ; -   ; -   ; 2.814,95 ; -   ; -   ; 790,71 ; -   ; -   ; -   ; -   ; -   ; -   ; -   ; -   ; -   ; -   ; -   ; -   ; -   
Maranhão;MA;580.892,85;0,00;1.282.030,67;0,00;0,00;66.626,00;36.059,10;321.531,94;0,00;1.384.932,56;3.390.439,22;1.283.998,48;2.920.822,92;152.950,00;1.556.344,37;180.075,00;152.110,00;9.883.133,56;3.758.094,82;4.358.524,14;17.500.631,01;40.863.447,28;16.518.229,60;21.542.214,90;22.364,59;0,00;8.797,13;0,00;19.225,28;25.218,02;23.273,72;85.269,73;246.734,57;209.737,68;477.809,89;854.951,56;405,66;351,36;746,21;251,60;1.082,89;983,94;817,14;2.375,87;1.050,80;1.118,84;1.071,52;414,00;15.590,37;53,36;1.934,43;796,14;0,00;0,00;328,45;398,97;0,00;803,81;257,56;122,90;24,35;354,63;138,57;373,07;0,00;0,00;67,48;0,00;0,00;0,00;0,00;0,00;268,52;0,00;0,00;0,00;0,00;0,00;0,00;0,00;0,00;25,32;0,00;0,00;0,00;0,00;0,00;0,00;0,00;0,00;0,00;0,00;0,00;0,00;0,00;0,00;0,00;0,00;0,00;0,00;0,00;0,00;0,00; -   ;0,00;0,00;0,00;0,00;0,00;0,00;0,00;0,00;0,00;0,00;0,00;0,00;0,00;0,00;0,00;0,00;0,00;0,00;0,00;0,00;0,00;0,00;0,00;0,00;0,00;0,00;0,00;0,00;0,00;0,00;0,00;0,00;0,00;0,00;0,00;0,00;0,00;0,00;0,00;0,00;0,00;0,00;0,00;0,00;0,00;0,00;0,00;0,00;0,00;0,00;0,00;0,00;6.249,88;2.733,50;4.423,31;1.905,75;0,00;0,00;0,00;16.009,99;3.281,60;1.593,20;2.172,80;1.523,20; 1.988,00 ; 924,70 ; 1.217,62 ; 1.054,20 ; 403,02 ; 621,48 ; 273,00 ; 91,00 ; 230,30 ; 203,70 ; 711,90 ; 567,70 ; 617,40 ; 1.556,38 ; 1.460,01 ; 816,20 ; 1.669,50 ; 2.862,07 ; 1.755,60 ; 2.206,84 ; 2.331,00 ; 1.472,80 ; 1.140,16 ; 1.240,40 ; 995,40 ; 827,40 ; 1.281,00 ; 1.456,64 ; 1.922,90 ; 1.615,60 ; 1.990,10 ; 2.220,78 ; -   ; 2.701,30 ; 1.563,98 ; 3.738,37 ; 2.232,30 ; 3.199,00 ; 3.433,50 ; 2.250,46 ; 2.618,47 ; 4.415,60 ; 3.917,76 ; 3.166,17 ; 1.370,60 ; 1.432,44 ; 66,64 ; 1.421,00 ; 4.585,51 ; -   ; 3.730,04 ; 3.390,17 ; -   ; -   ; -   ; 86,96 ; -   ; -   ; -   ; -   ; -   ; 123,48 ; -   ; -   ; -   ; -   ; -   ; -   ; -   ; -   ; -   ; 133,16 ; -   ; -   ; -   ; -   ; -   ; -   ; -   ; -   ; -   ; -   ; -   ; -   ; -   ; 109,24 ; -   ; -   ; -   ; -   ; 872,34 ; -   ; 31,66 ; -   ; -   ; -   ; -   ; -   ; -   ; -   ; -   ; -   ; -   ; -   ; -   ; -   ; -   ; -   ; -   ; -   ; 123,52 ; -   ; 84,65 ; 86,75 ; 88,15 ; 1.016,75 ; -   ; -   ; -   ; -   ; -   ; -   ; -   ; 1.080,86 ; -   ; -   ; -   ; -   ; -   ; -   ; -   ; 7,00 ; 30,76 ; -   ; -   ; -   ; -   ; -   ; -   ; -   ; -   ; -   ; -   ; 70,81 ; -   ; 358,67 ; -   ; -   ; -   ; -   ; -   ; -   ; -   ; -   ; 35,00 ; -   ; 602,28 ; -   ; 52,87 ; -   ; -   ; -   ; -   ; -   ; 56,63 ; -   ; 103,13 ; -   ; -   ; 17,34 ; 119,14 ; 76,51 ; 121,56 ; -   ; -   ; -   ; -   ; -   ; -   ; -   ; -   ; -   ; -   ; -   ; -   ; -   ; -   ; 3.228,88 ; 9.348,33 ; 7.578,21 ; 6.500,45 ; 9.166,52 ; 3.813,68 ; 13.849,46 ; 6.540,09 ; 8.710,51 ; 5.586,29 ; 10.298,53 ; 5.168,17 ; 6.004,64 ; 18.852,95 ; 13.060,20 ; 9.571,42 ; 12.995,09 ; 10.160,12 ; 15.372,05 ; 4.786,42 ; 430,98 ; 929,82 ; 3.340,12 ; 2.385,66 ; 1.426,30 ; 10.038,50 ; 2.785,12 ; 1.547,74 ; 3.136,12 ; 3.547,83 ; 10.832,20 ; 2.228,10 ; 1.401,81 ; 189,65 ; 127,44 ; 1.288,35 ; 938,05 ; 1.607,80 ; -   ; -   ; -   
Minas Gerais;MG;15.160.935,80;0,00;35.455.182,53;12.797.918,02;0,00;30.331.295,07;37.851.343,74;77.728.291,78;0,00;49.152.228,04;35.047.036,56;115.002.427,11;91.819.608,59;117.063.565,07;174.106.455,51;130.560.102,42;30.518,29;527.982.987,24;199.506.959,78;208.833.790,73;801.034.131,48;600.121.460,33;857.541.609,62;1.118.778.159,86;1.343.591,04;943.556,84;2.788.987,80;0,00;5.814.990,51;3.959.225,59;6.924.162,93;8.037.247,71;11.121.604,16;9.680.575,41;22.707.550,27;29.051.038,96;13.978,03;11.059,25;19.856,03;8.244,61;13.756,97;52.226,98;35.045,23;32.750,80;19.724,29;34.731,41;20.997,97;24.580,56;53.183,47;402,36;13.051,07;6.437,94;9.072,27;16.074,67;11.847,75;11.005,88;10.668,39;3.691,19;6.545,22;3.189,78;0,00;2.627,71;2.689,08;2.144,07;23,13;0,00;3.484,74;3.885,67;6.472,15;15.167,51;0,00;8.602,93;37.561,97;5.159,15;16,28;0,00;0,00;0,00;4.711,62;8.482,37;0,00;650,09;0,00;0,00;40,28;359,95;73,80;1.202,74;0,00;2.315,04;4.806,30;707,47;0,00;0,00;12,26;0,00;0,00;0,00;0,00;0,00;0,00;0,00;0,00; -   ;0,00;3.630,59;0,00;0,00;0,00;0,00;0,00;0,00;0,00;2.449,75;0,00;0,00;1.149,65;0,00;0,00;2.653,32;0,00;0,00;0,00;0,00;0,00;660,80;1.022,00;1.931,30;968,10;0,00;0,00;0,00;8,28;0,00;0,00;0,00;0,00;0,00;0,00;323,90;0,00;0,00;0,00;0,00;0,00;0,00;0,00;0,00;0,00;0,00;0,00;0,00;0,00;0,00;0,00;0,00;1.705,00;0,00;0,00;0,00;0,00;0,00;0,00;0,00;0,00;0,00;0,00;0,00; -   ; 57,09 ; -   ; -   ; -   ; -   ; -   ; -   ; -   ; -   ; -   ; -   ; -   ; -   ; -   ; -   ; -   ; -   ; -   ; 296,63 ; -   ; -   ; -   ; 65,10 ; -   ; -   ; 69,30 ; 821,54 ; 69,16 ; -   ; 52,50 ; -   ; 34,71 ; -   ; -   ; 218,49 ; -   ; -   ; -   ; -   ; -   ; -   ; -   ; -   ; -   ; -   ; -   ; -   ; 159,20 ; -   ; 142,02 ; -   ; -   ; -   ; -   ; -   ; -   ; -   ; 39,73 ; 98,00 ; 68,92 ; -   ; -   ; -   ; -   ; -   ; -   ; -   ; -   ; -   ; -   ; -   ; -   ; 581,09 ; 3.278,57 ; 681,42 ; 471,45 ; -   ; -   ; 94,92 ; -   ; 19,23 ; 213,52 ; -   ; -   ; -   ; -   ; -   ; -   ; -   ; 71,75 ; 70,93 ; 107,68 ; -   ; -   ; -   ; -   ; -   ; 1.324,76 ; -   ; -   ; -   ; 490,34 ; -   ; 30.336,70 ; -   ; -   ; -   ; -   ; -   ; -   ; -   ; -   ; 693,79 ; -   ; 520,82 ; 2.369,32 ; -   ; -   ; -   ; -   ; -   ; -   ; 69,58 ; -   ; -   ; 109,24 ; -   ; -   ; -   ; -   ; -   ; -   ; 7.732,24 ; -   ; -   ; -   ; -   ; -   ; -   ; -   ; -   ; -   ; 2.102,66 ; -   ; -   ; -   ; -   ; 344,02 ; 72,52 ; -   ; 55,47 ; 8,40 ; 193,66 ; 1.253,59 ; 127,27 ; -   ; -   ; -   ; 419,37 ; 48,93 ; -   ; 56,97 ; -   ; 122,14 ; -   ; 105,00 ; -   ; 536,67 ; -   ; -   ; 333,52 ; 282,90 ; 356,90 ; -   ; -   ; -   ; -   ; 559,52 ; -   ; -   ; -   ; 211,24 ; -   ; -   ; -   ; -   ; 59.817,59 ; 89.453,31 ; 112.508,49 ; 81.290,74 ; 60.328,74 ; 77.572,03 ; 107.043,00 ; 74.785,42 ; 53.784,21 ; 43.482,16 ; 58.268,27 ; 46.796,00 ; 41.823,72 ; 44.789,85 ; 46.519,09 ; 55.445,11 ; 49.133,32 ; 38.815,14 ; 22.105,79 ; 31.018,92 ; 34.664,76 ; 36.818,83 ; 29.098,36 ; 27.245,69 ; 33.687,31 ; 14.846,26 ; 13.911,05 ; 19.885,97 ; 17.983,72 ; 22.263,38 ; 12.965,54 ; 12.393,32 ; 8.056,96 ; 45.387,57 ; 27.528,27 ; 13.521,14 ; 39.593,44 ; 36.430,37 ; -   ; -   ; -   
Mato Grosso do Sul;MS;0,00;0,00;0,00;0,00;0,00;18.190,75;17.203,76;0,00;0,00;7.951,51;30,47;220.411,22;0,00;1.041.093,90;0,00;0,00;0,00;0,00;52.364,86;0,00;0,00;0,00;0,00;0,00;0,00;0,00;0,00;0,00;0,00;0,00;10.719,07;0,00;17.493,00;0,00;11.718,21;0,00;0,00;29,71;0,00;0,00;0,00;0,00;0,00;0,00;0,00;0,00;0,00;0,00;0,00;0,00;0,00;0,00;0,00;0,00;0,00;0,00;0,00;0,00;0,00;0,00;0,00;0,00;0,00;0,00;0,00;0,00;0,00;0,00;0,00;0,00;0,00;0,00;0,00;0,00;0,00;0,00;0,00;0,00;0,00;0,00;0,00;0,00;0,00;0,00;0,00;0,00;0,00;0,00;0,00;0,00;0,00;0,00;0,00;0,00;0,00;0,00;0,00;0,00;0,00;0,00;0,00;0,00;0,00; -   ;0,00;0,00;0,00;0,00;0,00;0,00;0,00;0,00;0,00;0,00;0,00;0,00;0,00;0,00;0,00;0,00;0,00;0,00;0,00;0,00;0,00;0,00;0,00;0,00;0,00;0,00;0,00;0,00;0,00;0,00;0,00;0,00;0,00;0,00;0,00;0,00;0,00;0,00;0,00;0,00;0,00;0,00;0,00;0,00;1.091,37;971,20;0,00;0,00;0,00;0,00;0,00;392,43;0,00;0,00;0,00;0,00;0,00;0,00;0,00;0,00;0,00;0,00;0,00;0,00; -   ; -   ; -   ; -   ; -   ; -   ; -   ; -   ; -   ; -   ; -   ; -   ; -   ; -   ; -   ; -   ; -   ; -   ; -   ; -   ; -   ; -   ; -   ; -   ; -   ; -   ; -   ; -   ; -   ; 66,36 ; -   ; -   ; 59,49 ; 224,75 ; -   ; 25,19 ; -   ; -   ; -   ; -   ; -   ; -   ; -   ; -   ; -   ; -   ; -   ; -   ; -   ; -   ; -   ; -   ; -   ; -   ; -   ; -   ; -   ; -   ; -   ; -   ; -   ; -   ; -   ; -   ; -   ; -   ; -   ; -   ; -   ; -   ; -   ; -   ; -   ; -   ; -   ; -   ; -   ; -   ; -   ; -   ; -   ; -   ; -   ; -   ; -   ; -   ; -   ; -   ; -   ; -   ; -   ; -   ; -   ; -   ; -   ; -   ; -   ; -   ; -   ; -   ; -   ; 797,02 ; -   ; -   ; -   ; -   ; -   ; -   ; -   ; -   ; -   ; -   ; -   ; 107,56 ; -   ; -   ; -   ; -   ; -   ; -   ; -   ; -   ; -   ; -   ; -   ; -   ; -   ; -   ; -   ; -   ; -   ; -   ; -   ; -   ; -   ; -   ; -   ; -   ; -   ; -   ; -   ; -   ; -   ; -   ; -   ; -   ; -   ; -   ; -   ; -   ; -   ; -   ; -   ; -   ; -   ; -   ; -   ; -   ; -   ; -   ; -   ; -   ; -   ; -   ; -   ; -   ; -   ; -   ; -   ; -   ; -   ; -   ; -   ; -   ; -   ; -   ; -   ; -   ; -   ; -   ; -   ; -   ; -   ; -   ; -   ; -   ; -   ; -   ; -   ; -   ; -   ; -   ; -   ; -   ; -   ; -   ; -   ; -   ; -   ; -   ; -   ; -   ; -   ; -   ; -   ; -   ; -   ; -   ; -   ; -   ; -   ; -   ; -   ; -   ; -   ; -   ; -   ; -   ; -   ; -   ; -   ; -   ; -   ; -   ; -   ; -   ; -   ; -   
Mato Grosso;MT;28.786.674,12;0,00;69.308.755,68;34.996.127,21;0,00;37.151.587,90;42.466.715,41;105.408.544,02;0,00;84.566.172,28;79.629.064,71;190.493.818,73;218.754.685,04;124.239.623,65;226.730.802,97;167.529.151,49;54.876.972,45;625.070.329,15;225.875.622,56;417.104.343,67;770.307.220,58;794.103.678,49;1.229.211.466,03;1.135.722.726,39;1.357.881,92;806.874,67;2.526.577,99;403.061,78;5.654.547,35;4.251.603,29;5.874.562,99;7.819.730,43;10.280.234,24;17.603.462,24;20.557.707,59;37.221.093,36;13.739,31;21.529,51;23.325,98;13.769,22;46.167,97;59.325,38;34.839,46;130.458,08;53.850,53;90.151,46;84.179,08;85.880,46;98.411,28;30.145,54;61.855,37;35.911,87;72.054,50;34.469,01;61.720,85;77.894,04;37.608,66;71.447,23;33.442,04;42.195,14;30.227,39;52.488,66;29.477,90;42.831,82;27.735,37;15.684,82;28.709,97;24.655,29;11.643,92;39.512,31;15.165,75;9.753,34;19.500,57;5.374,64;5.105,28;5.187,82;1.800,13;0,00;44.487,74;56.411,97;59.767,26;36.274,28;19.665,99;10.527,04;15.661,84;36.487,14;19.617,37;23.117,61;37.022,59;21.396,12;14.520,27;6.297,24;16.179,97;24.428,09;10.247,50;22.275,84;18.079,69;13.023,29;27.099,85;17.700,46;33.870,32;20.448,25;29.891,97; 36.135,91 ;22.655,52;35.934,70;26.871,59;22.830,26;35.246,42;17.885,10;10.827,80;16.656,40;26.685,54;16.438,63;31.495,96;25.654,09;18.988,63;32.711,60;14.385,31;17.622,02;11.117,12;0,00;0,00;0,00;702,78;13.172,59;13.696,43;27.799,60;10.969,70;29.126,40;0,00;0,00;56.286,11;9.064,98;16.055,03;18.369,83;11.030,31;5.827,23;0,00;35.165,12;0,00;0,00;94.736,81;0,00;207.048,28;43.659,80;98.241,38;49.392,10;56.479,29;27.552,89;0,00;0,00;0,00;0,00;0,00;201.801,05;329.244,98;43.774,29;85.640,67;28.615,53;0,00;0,00;0,00;248.051,53;82.996,23;59.304,81;75.110,73;74.887,37; 37.924,95 ; 46.449,94 ; 33.017,97 ; 36.872,33 ; 29.322,50 ; 29.159,46 ; 26.198,28 ; 26.121,66 ; 25.567,75 ; 23.832,82 ; 32.254,44 ; 24.719,90 ; 32.424,49 ; 31.774,05 ; 39.885,43 ; 30.346,60 ; 35.426,14 ; 45.076,16 ; 47.639,24 ; 44.930,05 ; 54.962,17 ; 39.960,92 ; 44.867,92 ; 47.870,75 ; 52.841,22 ; 28.487,63 ; 39.714,40 ; 50.728,31 ; 68.770,71 ; 52.831,60 ; 61.232,46 ; 74.039,72 ; 23.026,58 ; 75.168,34 ; 57.105,35 ; 44.505,59 ; 65.172,72 ; 34.872,89 ; 46.850,47 ; 72.054,09 ; 42.530,22 ; 23.683,21 ; 57.837,91 ; 52.118,19 ; 32.657,80 ; 57.945,93 ; 76.103,14 ; 56.962,90 ; 58.948,63 ; -   ; 117.868,52 ; 56.486,44 ; 23.350,80 ; 22.413,94 ; 28.996,64 ; 35.412,66 ; 36.782,89 ; 45.761,78 ; 49.470,39 ; 35.081,71 ; 98.488,47 ; 75.223,70 ; 89.769,90 ; 50.000,31 ; 66.868,04 ; 80.017,44 ; 89.391,58 ; 103.701,71 ; 122.361,81 ; 155.315,43 ; 41.276,12 ; 113.686,01 ; 231.265,94 ; 104.807,18 ; 95.289,55 ; 99.272,45 ; 105.637,63 ; 100.770,70 ; 86.954,60 ; 148.353,44 ; 209.875,87 ; 217.699,09 ; 268.161,29 ; 280.795,90 ; 207.859,26 ; 140.080,23 ; 179.358,17 ; 231.680,88 ; 249.916,20 ; 269.655,46 ; 353.858,68 ; 425.246,81 ; 492.514,89 ; 563.518,66 ; 138.677,75 ; 610.120,50 ; 274.498,36 ; 255.813,85 ; 236.668,71 ; 278.477,49 ; 141.162,84 ; 173.481,44 ; 199.360,45 ; 481.375,04 ; 318.611,62 ; 614.360,90 ; 43.022,86 ; 685.882,77 ; 339.822,26 ; 275.158,52 ; 276.380,68 ; 241.705,88 ; 162.182,64 ; 175.781,30 ; 244.825,80 ; 241.321,29 ; 242.975,26 ; 237.449,83 ; 290.761,49 ; 168.766,37 ; 366.525,18 ; 178.297,06 ; 384.788,51 ; 316.932,46 ; 285.868,70 ; 370.575,71 ; 410.319,33 ; 532.491,81 ; -   ; -   ; -   ; 2.897.879,63 ; 1.099.145,21 ; 577.223,12 ; 610.833,28 ; 174.252,18 ; -   ; -   ; -   ; -   ; -   ; -   ; -   ; 6.333.606,61 ; 460.561,25 ; 416.329,17 ; 331.613,55 ; 377.116,06 ; 288.615,75 ; 402.113,67 ; 408.877,44 ; 515.574,29 ; 554.945,85 ; 610.803,17 ; 617.768,21 ; 576.283,56 ; 476.820,13 ; 369.441,32 ; 241.513,82 ; 299.188,04 ; 275.376,79 ; 323.991,80 ; 409.297,26 ; 516.132,09 ; 604.622,73 ; 570.408,36 ; 519.937,59 ; 552.502,71 ; 478.546,01 ; 378.593,43 ; 471.730,94 ; 536.121,19 ; 451.215,65 ; 507.719,02 ; 723.665,01 ; 827.076,46 ; 790.069,29 ; 865.128,97 ; 755.166,64 ; 902.212,44 ; 616.922,44 ; 725.742,81 ; 879.136,37 ; 785.969,93 ; 1.209.629,21 ; 1.075.814,50 ; 1.483.510,39 ; 1.690.261,14 ; 1.494.148,66 ; 1.725.824,36 ; 1.746.257,81 ; 1.413.667,09 ; 1.211.395,67 ; 1.566.906,11 ; 1.374.883,17 ; 1.537.831,41 ; 1.605.136,19 ; 1.988.282,55 ; 1.587.238,50 ; 1.833.039,73 ; 1.968.689,41 ; 2.264.599,02 ; 2.731.058,93 ; 2.412.012,29 ; 1.876.992,00 ; 1.714.146,00 ; 1.509.960,86 ; 1.440.694,58 ; 1.664.019,19 ; 1.677.118,62 ; 1.664.462,50 ; 1.892.019,84 ; 1.866.107,24 ; 1.737.842,37 ; 1.899.577,05 ; 1.649.895,26 ; 1.593.712,97 ; 1.507.881,12 ; 1.281.325,91 ; 1.583.310,86 ; 1.561.525,41 ; 1.410.283,50 ; 1.326.708,46 ; 1.725.982,60 ; 1.570.478,08 ; -   ; -   ; -   
Pará;PA;18.145.910,47;0,00;40.160.040,89;21.931.742,03;0,00;17.802.169,01;26.373.808,71;64.091.379,20;0,00;65.516.981,26;64.689.042,76;103.970.403,17;146.636.566,05;99.472.377,97;215.438.954,98;190.189.577,05;29.654.737,71;577.590.562,69;195.370.067,01;320.631.930,00;928.960.172,59;615.634.817,64;1.140.668.945,58;1.185.930.543,63;1.408.771,03;880.523,88;3.292.594,29;69.273,48;6.080.261,54;4.796.061,76;7.170.246,62;7.558.587,74;10.184.114,78;15.665.081,84;24.949.552,63;40.280.488,66;17.141,69;28.368,35;21.313,01;13.033,74;69.802,80;53.573,85;71.996,49;133.536,55;91.879,82;92.969,60;70.066,11;86.270,66;163.496,39;38.138,39;92.201,63;104.783,78;94.564,79;110.578,27;86.926,59;103.334,24;84.770,82;98.377,48;76.460,95;106.998,20;57.485,96;130.561,74;72.093,76;107.188,12;46.852,55;16.229,15;52.973,78;18.676,40;42.717,01;58.384,77;29.157,26;35.385,90;55.114,26;6.860,25;35.110,73;19.689,50;3.772,16;0,00;51.207,56;29.983,70;54.901,64;28.307,73;17.545,57;15.343,41;33.846,80;22.716,43;17.413,05;19.220,20;41.059,53;16.450,47;13.087,12;18.745,75;8.472,40;10.764,48;8.714,44;14.102,73;13.876,83;13.859,85;31.709,01;19.392,86;29.104,00;12.826,16;30.780,73; 48.877,90 ;34.238,47;52.468,59;37.905,22;31.989,58;37.002,18;28.288,60;26.656,33;24.862,78;46.799,82;37.072,76;34.600,18;35.579,79;22.310,73;49.108,69;21.870,60;27.843,93;22.603,18;0,00;0,00;0,00;9.180,93;21.942,54;39.468,90;47.926,96;23.806,01;43.675,36;0,00;0,00;91.288,83;35.213,46;26.328,26;36.518,62;30.936,56;9.270,41;0,00;74.581,67;0,00;0,00;197.721,40;0,00;369.524,02;91.502,51;155.770,82;66.087,16;99.645,48;52.316,37;0,00;0,00;0,00;0,00;0,00;291.656,12;506.096,99;69.699,74;112.229,29;39.859,02;0,00;0,00;0,00;390.689,14;119.444,38;78.787,18;104.820,50;113.688,50; 72.884,51 ; 84.035,27 ; 80.599,13 ; 72.347,59 ; 70.961,00 ; 79.285,86 ; 69.097,97 ; 75.139,89 ; 65.662,81 ; 67.265,86 ; 79.779,23 ; 57.196,44 ; 78.979,00 ; 76.206,13 ; 106.554,49 ; 57.609,54 ; 82.602,73 ; 102.437,38 ; 108.234,31 ; 99.233,24 ; 115.799,49 ; 94.191,69 ; 96.989,93 ; 97.910,93 ; 93.107,73 ; 77.937,53 ; 86.398,91 ; 91.634,20 ; 125.382,98 ; 87.779,04 ; 100.363,27 ; 125.822,65 ; 31.472,97 ; 143.671,73 ; 104.906,54 ; 121.099,86 ; 158.514,05 ; 82.605,06 ; 92.666,06 ; 162.729,89 ; 108.310,40 ; 63.534,51 ; 145.425,43 ; 109.567,50 ; 90.686,28 ; 126.653,53 ; 154.237,89 ; 115.554,30 ; 116.711,31 ; -   ; 387.141,01 ; 264.543,60 ; 97.472,95 ; 149.375,02 ; 162.435,12 ; 169.318,29 ; 143.031,66 ; 155.393,60 ; 154.920,65 ; 129.676,35 ; 128.811,29 ; 94.757,85 ; 127.936,88 ; 75.966,26 ; 99.068,02 ; 112.314,41 ; 125.418,82 ; 118.174,70 ; 90.954,17 ; 132.651,78 ; 47.853,55 ; 88.725,33 ; 174.081,10 ; 88.872,50 ; 67.801,59 ; 89.729,98 ; 80.013,82 ; 90.999,06 ; 94.813,99 ; 128.305,85 ; 112.902,39 ; 128.858,25 ; 154.443,04 ; 174.103,97 ; 191.146,73 ; 176.015,01 ; 131.969,58 ; 162.682,42 ; 189.099,58 ; 214.419,08 ; 257.684,95 ; 275.276,75 ; 309.205,28 ; 329.344,19 ; 59.072,04 ; 541.407,97 ; 300.727,26 ; 161.007,76 ; 258.106,69 ; 236.122,01 ; 127.267,69 ; 104.643,55 ; 156.842,61 ; 556.458,09 ; 195.045,39 ; 553.705,21 ; 32.465,92 ; 505.696,15 ; 416.726,54 ; 237.344,06 ; 247.364,73 ; 248.000,36 ; 176.583,72 ; 183.507,78 ; 205.346,06 ; 209.479,52 ; 244.255,05 ; 237.153,51 ; 218.716,81 ; 113.877,22 ; 359.196,66 ; 166.717,06 ; 340.589,20 ; 315.081,85 ; 290.079,70 ; 341.626,49 ; 294.967,19 ; 370.883,64 ; -   ; -   ; -   ; 2.137.025,63 ; 1.198.435,04 ; 681.497,82 ; 791.003,44 ; 208.395,82 ; -   ; -   ; -   ; -   ; -   ; -   ; -   ; 7.027.550,37 ; 625.156,26 ; 560.930,05 ; 450.657,37 ; 436.640,35 ; 375.510,19 ; 482.998,04 ; 448.431,05 ; 444.306,26 ; 527.472,84 ; 594.274,65 ; 654.009,87 ; 571.046,23 ; 512.656,41 ; 337.495,81 ; 250.708,28 ; 286.940,96 ; 380.581,83 ; 363.510,93 ; 378.911,70 ; 411.373,49 ; 576.800,24 ; 479.458,58 ; 470.868,72 ; 531.770,56 ; 553.581,65 ; 457.022,84 ; 480.544,86 ; 551.579,31 ; 463.976,38 ; 544.571,37 ; 754.384,01 ; 786.038,24 ; 1.154.490,49 ; 886.765,64 ; 800.905,48 ; 923.297,83 ; 849.456,21 ; 1.140.319,48 ; 1.172.089,51 ; 1.420.298,88 ; 2.371.789,33 ; 1.672.401,63 ; 2.192.975,19 ; 2.411.851,87 ; 2.394.329,41 ; 2.713.591,90 ; 2.349.081,53 ; 2.012.515,31 ; 1.584.106,31 ; 1.808.826,36 ; 1.618.764,97 ; 1.569.706,02 ; 1.795.174,00 ; 2.117.089,33 ; 1.578.985,59 ; 2.104.402,08 ; 2.110.863,86 ; 2.078.910,17 ; 2.231.950,89 ; 2.270.001,08 ; 2.230.449,05 ; 1.861.870,25 ; 1.697.586,56 ; 1.495.686,11 ; 1.817.281,78 ; 1.606.494,64 ; 1.820.068,15 ; 2.131.472,55 ; 1.808.688,82 ; 2.025.773,35 ; 1.721.271,51 ; 2.041.684,83 ; 2.100.237,22 ; 1.798.066,27 ; 1.293.747,43 ; 1.386.304,37 ; 1.310.581,74 ; 956.673,82 ; 606.264,24 ; 868.522,55 ; 630.256,99 ; -   ; -   ; -   
Paraíba;PB;30.214,29;0,00;99.285,26;478.186,32;0,00;227.315,85;0,00;0,00;0,00;8.392,98;0,00;168.815,29;0,00;0,00;0,00;0,00;0,00;0,00;0,00;0,00;0,00;0,00;0,00;0,00;0,00;0,00;1.417,57;0,00;0,00;2.451,60;0,00;4.859,07;0,00;0,00;135.731,94;15.652,10;7,30;0,00;0,00;0,00;0,00;0,00;0,00;0,00;0,00;0,00;0,00;0,00;0,00;0,00;0,00;0,00;0,00;0,00;0,00;0,00;0,00;0,00;0,00;0,00;0,00;165,04;0,00;0,00;0,00;0,00;0,00;0,00;0,00;0,00;0,00;0,00;0,00;0,00;0,00;0,00;0,00;0,00;0,00;0,00;0,00;0,00;0,00;0,00;0,00;0,00;0,00;0,00;0,00;0,00;0,00;0,00;0,00;0,00;0,00;0,00;0,00;0,00;0,00;0,00;0,00;0,00;0,00; -   ;0,00;0,00;0,00;0,00;0,00;0,00;0,00;0,00;0,00;0,00;0,00;0,00;0,00;0,00;0,00;0,00;0,00;0,00;0,00;0,00;0,00;0,00;0,00;0,00;0,00;0,00;0,00;0,00;0,00;0,00;0,00;0,00;0,00;0,00;0,00;0,00;0,00;0,00;0,00;0,00;0,00;0,00;0,00;0,00;0,00;0,00;0,00;0,00;0,00;0,00;0,00;0,00;0,00;0,00;0,00;0,00;0,00;0,00;0,00;92,83;0,00;0,00;0,00;0,00; -   ; -   ; -   ; -   ; -   ; -   ; -   ; -   ; -   ; -   ; -   ; -   ; -   ; -   ; -   ; -   ; -   ; -   ; -   ; -   ; -   ; -   ; -   ; -   ; -   ; -   ; -   ; -   ; -   ; -   ; -   ; -   ; -   ; -   ; -   ; 288,84 ; 2.389,78 ; 39,79 ; 119,35 ; 353,36 ; 2.025,76 ; 781,10 ; -   ; 132,16 ; 177,02 ; -   ; -   ; -   ; -   ; -   ; -   ; 1.577,73 ; -   ; -   ; -   ; 574,48 ; 350,93 ; -   ; -   ; -   ; -   ; -   ; -   ; -   ; -   ; -   ; -   ; -   ; -   ; -   ; -   ; -   ; -   ; -   ; -   ; -   ; -   ; -   ; -   ; -   ; -   ; -   ; -   ; -   ; -   ; -   ; -   ; -   ; -   ; -   ; -   ; 246,44 ; 363,42 ; -   ; -   ; -   ; -   ; -   ; 1.844,26 ; -   ; -   ; -   ; -   ; 468,93 ; -   ; -   ; -   ; -   ; -   ; -   ; -   ; -   ; 6,09 ; -   ; -   ; -   ; -   ; -   ; -   ; -   ; -   ; -   ; 94,02 ; 364,99 ; -   ; -   ; -   ; 484,58 ; -   ; -   ; -   ; 70,60 ; 135,73 ; -   ; -   ; -   ; -   ; -   ; -   ; -   ; -   ; -   ; -   ; 15,46 ; 318,15 ; -   ; -   ; -   ; 385,97 ; -   ; -   ; -   ; -   ; -   ; -   ; -   ; -   ; -   ; 71,98 ; -   ; -   ; -   ; -   ; -   ; -   ; -   ; -   ; -   ; -   ; -   ; -   ; -   ; -   ; 2.245,60 ; -   ; -   ; -   ; 210,88 ; -   ; 710,27 ; -   ; -   ; -   ; -   ; -   ; -   ; -   ; -   ; -   ; -   ; 699,79 ; -   ; -   ; 2.241,47 ; -   ; -   ; -   ; 15.320,80 ; 1.995,51 ; 16.983,44 ; 34.070,52 ; 38.848,69 ; 38.331,13 ; 253.023,44 ; 159.160,81 ; 343.808,23 ; 247.470,51 ; 221.141,42 ; 122.397,02 ; 177.238,25 ; 121.889,97 ; 249.314,40 ; 109.311,82 ; 94.204,47 ; 106.189,65 ; 136.227,89 ; 143.742,82 ; 120.766,15 ; 63.936,59 ; 66.536,29 ; 41.540,74 ; 8.033,54 ; 12.266,56 ; 25.652,50 ; 12.097,35 ; -   ; -   ; -   
Pernambuco;PE;9.601,25;0,00;0,00;0,00;0,00;0,00;0,00;0,00;0,00;0,00;0,00;64.659,25;0,00;0,00;0,00;0,00;246.275,07;0,00;0,00;357.373,17;0,00;68.734,40;0,00;0,00;0,00;0,00;0,00;0,00;0,00;0,00;0,00;0,00;0,00;0,00;0,00;0,00;0,00;20,61;0,00;0,00;0,00;0,00;0,00;0,00;0,00;0,00;0,00;0,00;0,00;0,00;0,00;0,00;0,00;0,00;0,00;0,00;0,00;0,00;0,00;0,00;0,00;0,00;0,00;36,37;0,00;0,00;0,00;0,00;0,00;0,00;0,00;0,00;0,00;0,00;0,00;0,00;0,00;0,00;0,00;0,00;0,00;0,00;0,00;0,00;0,00;0,00;0,00;0,00;0,00;0,00;0,00;0,00;0,00;0,00;0,00;0,00;0,00;0,00;0,00;0,00;0,00;0,00;0,00; -   ;0,00;0,00;0,00;0,00;0,00;0,00;0,00;0,00;0,00;0,00;0,00;0,00;0,00;0,00;0,00;0,00;0,00;0,00;0,00;0,00;0,00;0,00;0,00;0,00;0,00;0,00;0,00;0,00;0,00;0,00;0,00;0,00;0,00;0,00;0,00;0,00;0,00;0,00;0,00;0,00;0,00;0,00;0,00;0,00;0,00;0,00;0,00;0,00;0,00;0,00;0,00;0,00;0,00;0,00;0,00;0,00;0,00;0,00;0,00;0,00;0,00;0,00;0,00;0,00; -   ; -   ; -   ; -   ; -   ; -   ; -   ; -   ; -   ; -   ; -   ; -   ; -   ; -   ; -   ; -   ; -   ; -   ; -   ; -   ; -   ; -   ; -   ; -   ; -   ; -   ; -   ; -   ; -   ; -   ; -   ; -   ; -   ; 189,89 ; -   ; -   ; -   ; -   ; -   ; -   ; 20,16 ; -   ; -   ; -   ; -   ; -   ; -   ; -   ; -   ; -   ; -   ; -   ; -   ; -   ; -   ; -   ; -   ; -   ; -   ; -   ; -   ; -   ; -   ; -   ; -   ; -   ; -   ; -   ; -   ; -   ; -   ; -   ; -   ; -   ; -   ; -   ; -   ; -   ; -   ; -   ; -   ; -   ; -   ; -   ; -   ; -   ; -   ; -   ; -   ; -   ; -   ; -   ; -   ; -   ; -   ; -   ; -   ; -   ; 44,66 ; -   ; -   ; -   ; -   ; -   ; -   ; -   ; -   ; -   ; -   ; -   ; -   ; -   ; -   ; -   ; -   ; -   ; -   ; -   ; -   ; -   ; -   ; -   ; 2.699,28 ; -   ; -   ; -   ; -   ; -   ; -   ; -   ; -   ; -   ; -   ; -   ; -   ; -   ; -   ; -   ; -   ; -   ; -   ; -   ; -   ; -   ; -   ; -   ; -   ; -   ; -   ; -   ; -   ; 28,07 ; -   ; -   ; -   ; -   ; -   ; -   ; -   ; 56,97 ; -   ; -   ; -   ; -   ; -   ; -   ; -   ; -   ; -   ; -   ; -   ; -   ; -   ; -   ; -   ; -   ; -   ; -   ; 147,92 ; -   ; -   ; -   ; -   ; -   ; -   ; -   ; -   ; -   ; -   ; -   ; -   ; -   ; -   ; -   ; -   ; -   ; -   ; -   ; 18.778,87 ; 27.586,90 ; 13.048,59 ; 11.137,81 ; 41.202,06 ; 74.758,06 ; 54.589,53 ; 24.475,34 ; 30.907,72 ; 13.909,14 ; 9.196,35 ; 22.729,10 ; 19.588,02 ; 8.425,48 ; -   ; -   ; -   ; -   ; -   ; -   ; -   ; -   ; 2.056,68 ; -   ; 87,04 ; 283,32 ; -   ; -   ; -   ; -   
Piauí;PI;0,00;0,00;0,00;0,00;0,00;0,00;0,00;695.393,43;0,00;0,00;0,00;0,00;0,00;0,00;0,00;0,00;0,00;0,00;0,00;0,00;0,00;0,00;0,00;0,00;0,00;0,00;0,00;0,00;0,00;0,00;0,00;0,00;8.144,32;0,00;1.684,87;0,00;279,39;0,00;0,00;0,00;0,00;0,00;0,00;0,00;0,00;0,00;0,00;0,00;0,00;0,00;0,00;0,00;0,00;0,00;0,00;0,00;0,00;0,00;0,00;0,00;0,00;0,00;0,00;0,00;0,00;0,00;0,00;0,00;0,00;0,00;0,00;0,00;0,00;0,00;0,00;0,00;0,00;0,00;0,00;0,00;0,00;0,00;0,00;0,00;0,00;0,00;0,00;0,00;0,00;0,00;0,00;0,00;0,00;0,00;0,00;0,00;0,00;0,00;0,00;0,00;0,00;0,00;0,00; -   ;0,00;0,00;0,00;0,00;0,00;0,00;0,00;0,00;0,00;0,00;0,00;0,00;0,00;0,00;0,00;0,00;0,00;0,00;0,00;0,00;0,00;0,00;0,00;0,00;0,00;0,00;0,00;0,00;0,00;0,00;0,00;0,00;0,00;0,00;0,00;0,00;0,00;0,00;0,00;0,00;0,00;0,00;0,00;0,00;0,00;0,00;0,00;0,00;0,00;0,00;0,00;0,00;0,00;0,00;0,00;98,00;0,00;0,00;0,00;0,00;0,00;0,00;0,00;0,00; -   ; -   ; -   ; -   ; -   ; -   ; -   ; -   ; -   ; -   ; -   ; -   ; -   ; -   ; -   ; -   ; -   ; -   ; -   ; -   ; -   ; -   ; -   ; -   ; -   ; -   ; -   ; -   ; -   ; -   ; -   ; -   ; -   ; -   ; 290,28 ; 250,69 ; -   ; -   ; -   ; -   ; 72,61 ; -   ; -   ; -   ; 109,24 ; 46,91 ; 152,53 ; 79,63 ; -   ; -   ; 39,73 ; 1.086,77 ; 207,41 ; -   ; -   ; -   ; -   ; 218,42 ; 148,61 ; -   ; -   ; -   ; -   ; 219,25 ; -   ; -   ; -   ; -   ; -   ; -   ; -   ; 109,24 ; -   ; -   ; -   ; -   ; -   ; -   ; -   ; -   ; -   ; -   ; -   ; 109,24 ; -   ; -   ; 169,70 ; -   ; -   ; 73,87 ; 133,06 ; 355,34 ; -   ; -   ; 72,73 ; -   ; 423,92 ; -   ; 291,96 ; 478,64 ; -   ; 425,59 ; -   ; 1.562,99 ; 38,43 ; -   ; -   ; -   ; 56.313,19 ; 263,94 ; 385,58 ; -   ; 113,49 ; -   ; -   ; -   ; -   ; -   ; -   ; -   ; -   ; -   ; -   ; -   ; 4.217,43 ; 429,17 ; -   ; 378,45 ; -   ; -   ; -   ; 348,65 ; -   ; 786,80 ; -   ; 473,62 ; -   ; -   ; -   ; -   ; -   ; -   ; -   ; 180,07 ; 555,75 ; -   ; 376,62 ; -   ; -   ; 89,40 ; -   ; 77,37 ; -   ; 109,47 ; -   ; -   ; -   ; -   ; -   ; -   ; -   ; -   ; -   ; -   ; -   ; -   ; -   ; -   ; -   ; -   ; 3.182,83 ; -   ; 17,50 ; -   ; 69,23 ; -   ; -   ; 391,87 ; 402,59 ; -   ; 8.439,62 ; 98,32 ; -   ; -   ; -   ; 93.249,90 ; 627,41 ; 79.155,01 ; 22.430,66 ; 7.230,67 ; 136.344,98 ; 118.889,96 ; 137.876,05 ; 162.596,85 ; 223.461,75 ; 159.955,53 ; 171.444,74 ; 145.245,39 ; 95.546,94 ; 99.812,70 ; 198.857,46 ; 166.896,18 ; 160.512,59 ; -   ; 14,16 ; -   ; 334,16 ; 76,13 ; -   ; -   ; -   ; 384,82 ; -   ; 99,61 ; -   ; -   ; -   ; -   ; -   ; 10,57 ; -   ; -   ; 35,00 ; 134,41 ; -   ; -   ; -   ; -   
Paraná;PR;1.128.383,13;0,00;3.306.206,77;2.126.632,57;0,00;0,00;0,00;0,00;0,00;68.928,53;0,00;181.521,36;35.700,00;218.836,31;6.689.397,38;103.733,72;104.597,84;117.644,10;206.162,87;194.599,72;227.944,64;159.881,47;252.000,00;725.740,67;1.019,34;0,00;155,32;0,00;1.370,49;0,00;0,00;0,00;16.696,03;0,00;0,00;11.650,42;0,00;0,00;0,00;0,00;0,00;0,00;0,00;0,00;0,00;0,00;0,00;0,00;585,78;0,00;0,00;1.949,45;2.366,86;595,01;0,00;0,00;0,00;0,00;0,00;533,77;0,00;0,00;0,00;0,00;0,00;0,00;0,00;0,00;0,00;0,00;0,00;69,27;0,00;0,00;0,00;0,00;0,00;0,00;0,00;293,36;0,00;0,00;0,00;0,00;1.388,03;0,00;0,00;0,00;0,00;0,00;0,00;0,00;0,00;0,00;0,00;0,00;0,00;0,00;0,00;0,00;0,00;0,00;0,00; -   ;0,00;0,00;0,00;0,00;0,00;0,00;0,00;0,00;0,00;0,00;0,00;0,00;0,00;0,00;0,00;0,00;1.011,78;0,00;0,00;0,00;687,40;2.411,50;3.568,97;2.251,20;2.296,00;3.668,00;0,00;0,00;9.709,07;3.293,50;3.089,10;10.485,44;652,08;1.433,53;0,00;16.214,92;0,00;0,00;12.392,77;0,00;26.471,66;5.757,50;6.929,30;0,00;0,00;0,00;0,00;0,00;0,00;0,00;0,00;0,00;0,00;0,00;0,00;0,00;0,00;0,00;0,00;0,00;0,00;0,00;0,00;0,00; -   ; -   ; -   ; -   ; -   ; -   ; -   ; -   ; -   ; -   ; -   ; -   ; -   ; -   ; -   ; -   ; -   ; 1.456,06 ; -   ; -   ; -   ; 1.460,92 ; 278,76 ; -   ; -   ; -   ; -   ; 1.513,80 ; -   ; 1.515,14 ; -   ; 689,85 ; -   ; -   ; 538,81 ; 102,19 ; 5.922,00 ; -   ; -   ; -   ; -   ; -   ; -   ; -   ; -   ; -   ; -   ; -   ; -   ; -   ; -   ; -   ; -   ; -   ; -   ; -   ; -   ; -   ; -   ; -   ; -   ; -   ; -   ; -   ; -   ; -   ; -   ; -   ; -   ; -   ; -   ; -   ; -   ; -   ; -   ; -   ; -   ; -   ; 1.497,81 ; -   ; -   ; -   ; 232,84 ; -   ; -   ; -   ; -   ; -   ; -   ; -   ; -   ; -   ; -   ; -   ; -   ; -   ; -   ; -   ; -   ; -   ; -   ; -   ; -   ; -   ; -   ; -   ; -   ; -   ; -   ; -   ; -   ; -   ; -   ; -   ; -   ; -   ; -   ; -   ; -   ; -   ; -   ; -   ; -   ; 97,02 ; -   ; -   ; -   ; -   ; -   ; -   ; -   ; 8,33 ; -   ; -   ; -   ; -   ; -   ; -   ; -   ; -   ; -   ; -   ; -   ; -   ; -   ; -   ; -   ; -   ; -   ; -   ; -   ; -   ; -   ; -   ; -   ; -   ; -   ; 70,28 ; -   ; -   ; -   ; -   ; -   ; 78,50 ; 375,16 ; 9,84 ; 275,00 ; 281,88 ; 571,01 ; -   ; -   ; -   ; -   ; -   ; -   ; -   ; -   ; -   ; -   ; -   ; -   ; -   ; -   ; -   ; -   ; -   ; -   ; -   ; -   ; 146,30 ; -   ; -   ; -   ; -   ; -   ; -   ; -   ; -   ; -   ; -   ; -   ; -   ; -   ; -   ; -   ; -   ; -   ; -   ; -   ; -   ; -   ; -   ; -   ; -   ; -   ; -   ; -   ; -   ; -   ; -   ; -   ; -   ; -   ; -   ; 50,93 ; -   ; -   ; -   
Rio de Janeiro;RJ;620.478,07;0,00;260.350,31;34.662,89;0,00;62,59;0,00;0,00;0,00;4.489.147,98;4.533.941,37;2.932.951,47;14.187.511,81;0,00;11.659.856,75;839.110,51;0,00;27.982.955,59;-13.032.143,10;316.920,29;1.337.376,72;46.193.559,30;54.983.527,51;62.371.760,85;202.903,75;158.854,10;123.012,34;0,00;198.226,37;350.212,41;16.752,75;10.819,93;2.484.871,93;2.822.050,33;1.790.372,51;5.446.564,45;1.571,72;2.812,73;1.485,48;1.811,77;1.356,90;114,62;140,51;13,49;334,73;8.331,65;7.810,39;6.594,42;8.007,12;63,41;121,92;30,57;348,71;0,00;1.917,20;212,88;197,86;679,66;175,91;598,35;388,76;1.470,01;176,96;208,15;1.171,71;2.861,08;21.584,34;2.913,18;3.517,63;88,45;0,00;0,00;10.306,26;0,00;0,00;0,00;0,00;0,00;0,00;0,00;665,10;1.916,18;482,89;375,98;0,00;0,00;0,00;0,00;14.674,17;0,00;120,96;0,00;0,00;630,36;282,40;12.722,72;1.913,95;238,13;2.830,20;0,00;386,49;0,00;0,00; -   ;0,00;0,00;0,00;0,00;0,00;0,00;0,00;0,00;0,00;0,00;0,00;0,00;0,00;0,00;0,00;0,00;0,00;0,00;0,00;0,00;0,00;0,00;2.532,47;0,00;0,00;880,95;0,00;0,00;1.523,96;1.130,13;1.575,00;791,00;760,66;0,00;0,00;1.493,29;0,00;0,00;2.674,30;0,00;16.373,16;3.510,31;7.659,65;3.214,81;3.590,94;3.711,58;0,00;0,00;0,00;0,00;0,00;28.116,90;62.309,61;8.301,67;19.248,68;4.513,92;0,00;0,00;0,00;71.921,63;20.572,59;15.172,33;12.414,23;22.792,28; 10.669,00 ; 10.453,02 ; 5.404,47 ; 10.879,82 ; 13.114,62 ; 6.235,98 ; 6.676,43 ; 8.886,95 ; 9.522,25 ; 8.642,65 ; 9.569,38 ; 10.188,69 ; 12.119,08 ; 13.034,43 ; 12.503,61 ; 9.322,70 ; 16.049,41 ; 16.956,77 ; 12.022,90 ; 12.388,53 ; 14.849,25 ; 16.648,82 ; 9.613,72 ; 13.203,26 ; 15.378,00 ; 10.683,41 ; 10.761,06 ; 17.403,49 ; 18.950,17 ; 17.497,48 ; 17.199,88 ; 20.116,32 ; 1.958,92 ; 21.259,38 ; 13.286,74 ; 18.762,23 ; 20.068,29 ; 14.832,84 ; 12.471,73 ; 18.195,88 ; 13.145,73 ; 8.179,69 ; 22.555,58 ; 19.564,84 ; 10.135,83 ; 18.419,40 ; 12.255,75 ; 10.663,70 ; 3.938,61 ; -   ; 28.832,80 ; 31.223,32 ; 5.946,01 ; 18.617,08 ; 5.084,71 ; 7.904,43 ; 9.581,58 ; 8.616,52 ; 6.712,03 ; 7.769,60 ; 5.482,79 ; 1.335,62 ; 1.966,36 ; 5.092,61 ; 7.217,93 ; 6.646,71 ; 7.736,14 ; 1.836,37 ; 5.014,12 ; 6.099,49 ; 1.229,75 ; 7.402,19 ; 21.462,53 ; 773,66 ; 6.039,11 ; 9.652,66 ; 4.211,24 ; 7.097,98 ; 2.255,73 ; 2.297,32 ; 7.547,55 ; 7.156,97 ; 3.629,86 ; 2.777,49 ; 1.430,61 ; 7.717,05 ; 6.689,00 ; 2.137,03 ; 8.881,97 ; 16.008,93 ; 4.703,69 ; 7.647,72 ; 12.762,18 ; 13.585,21 ; 3.527,99 ; 32.945,18 ; 4.486,85 ; 10.807,82 ; 8.713,38 ; 11.510,65 ; 7.286,68 ; 5.288,09 ; 4.580,23 ; 12.560,97 ; 16.906,78 ; 14.677,97 ; 1.150,85 ; 10.495,97 ; 11.492,18 ; 5.730,01 ; 11.662,48 ; 8.040,27 ; 1.895,70 ; 1.868,45 ; 4.607,92 ; 4.535,37 ; 8.468,24 ; 5.434,46 ; 6.365,25 ; 2.773,76 ; 10.358,42 ; 5.761,88 ; 18.113,61 ; 19.978,02 ; 15.324,03 ; 23.736,68 ; 12.312,01 ; 22.681,24 ; -   ; -   ; -   ; 166.568,95 ; 56.138,55 ; 45.823,09 ; 84.548,38 ; 18.607,11 ; -   ; -   ; -   ; -   ; -   ; -   ; -   ; 359.897,80 ; 13.106,95 ; 23.971,79 ; 26.918,56 ; 22.815,72 ; 30.185,61 ; 28.633,29 ; 18.040,82 ; 14.736,65 ; 19.415,07 ; 10.388,92 ; 15.204,14 ; 12.480,36 ; 3.893,87 ; 9.053,15 ; 9.227,20 ; 11.428,53 ; 10.469,26 ; 10.339,66 ; 8.468,39 ; 6.467,49 ; 15.828,47 ; 13.678,42 ; 4.458,73 ; 7.496,24 ; 4.386,21 ; 5.848,39 ; 10.252,85 ; 14.135,77 ; 6.134,02 ; 9.517,09 ; 3.109,64 ; -   ; -   ; -   ; -   ; -   ; -   ; -   ; -   ; -   ; -   ; -   ; -   ; -   ; -   ; -   ; -   ; -   ; 2.072,21 ; -   ; -   ; -   ; -   ; -   ; -   ; -   ; -   ; -   ; -   ; 2.756,15 ; -   ; 79,58 ; -   ; -   ; -   ; -   ; -   ; -   ; -   ; -   ; -   ; -   ; -   ; -   ; -   ; -   ; -   ; -   ; 10.899,86 ; 12.255,50 ; -   ; -   ; -   ; -   
Rio Grande do Norte;RN;0,00;0,00;166.944,80;16.806,33;0,00;0,00;0,00;0,00;0,00;0,00;0,00;160.881,88;0,00;0,00;0,00;0,00;0,00;0,00;0,00;0,00;0,00;0,00;0,00;0,00;0,00;0,00;0,00;0,00;0,74;0,00;0,00;0,00;0,00;0,00;0,00;0,00;0,00;0,00;0,00;0,00;18,78;0,00;0,00;0,00;0,00;0,00;0,00;0,00;0,00;0,00;0,00;0,00;0,00;0,00;0,00;0,00;0,00;0,00;0,00;0,00;0,00;0,00;0,00;0,00;0,00;0,00;0,00;0,00;0,00;0,00;0,00;0,00;0,00;0,00;0,00;0,00;0,00;0,00;0,00;0,00;0,00;0,00;0,00;0,00;0,00;0,00;0,00;0,00;0,00;0,00;0,00;0,00;0,00;0,00;0,00;0,00;0,00;0,00;0,00;0,00;0,00;0,00;0,00; -   ;0,00;0,00;0,00;0,00;0,00;0,00;0,00;0,00;0,00;0,00;0,00;0,00;0,00;0,00;0,00;0,00;0,00;0,00;0,00;0,00;0,00;0,00;0,00;0,00;0,00;0,00;0,00;0,00;0,00;0,00;0,00;0,00;0,00;0,00;0,00;0,00;0,00;0,00;0,00;0,00;0,00;0,00;0,00;0,00;0,00;0,00;0,00;0,00;0,00;0,00;0,00;0,00;0,00;0,00;0,00;0,00;0,00;0,00;0,00;0,00;0,00;0,00;0,00;0,00; -   ; -   ; -   ; -   ; -   ; -   ; -   ; -   ; -   ; -   ; -   ; -   ; -   ; -   ; -   ; -   ; -   ; -   ; -   ; -   ; -   ; -   ; -   ; -   ; -   ; -   ; -   ; -   ; -   ; -   ; -   ; -   ; -   ; -   ; -   ; -   ; -   ; 1.515,02 ; -   ; -   ; -   ; 213,79 ; -   ; -   ; -   ; -   ; -   ; -   ; -   ; -   ; -   ; -   ; -   ; -   ; -   ; -   ; -   ; -   ; 48,02 ; -   ; -   ; -   ; -   ; -   ; -   ; -   ; -   ; -   ; 375,09 ; -   ; -   ; -   ; -   ; 1.163,59 ; -   ; -   ; -   ; 292,90 ; -   ; -   ; 514,52 ; -   ; 77,94 ; -   ; 49,82 ; -   ; -   ; -   ; -   ; -   ; -   ; -   ; -   ; -   ; -   ; -   ; 9,80 ; -   ; -   ; -   ; -   ; -   ; -   ; -   ; 152,67 ; -   ; -   ; -   ; -   ; -   ; -   ; -   ; -   ; -   ; 43,48 ; 611,42 ; 4.839,74 ; 338,82 ; -   ; 463,55 ; 540,65 ; -   ; 376,94 ; -   ; -   ; -   ; -   ; -   ; -   ; -   ; -   ; -   ; -   ; -   ; -   ; -   ; -   ; -   ; -   ; -   ; -   ; -   ; -   ; 105,64 ; -   ; -   ; -   ; -   ; -   ; -   ; -   ; -   ; -   ; -   ; 291,17 ; -   ; -   ; -   ; -   ; -   ; -   ; -   ; 13.933,03 ; 33.735,21 ; 45.236,41 ; 52.468,09 ; 50.363,46 ; 73.987,53 ; 57.227,11 ; 30.236,25 ; 25.032,02 ; 26.002,75 ; 23.777,33 ; 28.743,73 ; 70.071,32 ; 57.479,56 ; 94.241,19 ; 86.055,27 ; 79.026,18 ; 83.796,18 ; 65.033,10 ; 40.008,59 ; 18.987,56 ; 40.360,53 ; 31.101,67 ; 24.815,39 ; 11.322,06 ; 26.776,88 ; 21.360,34 ; 9.347,74 ; 8.977,48 ; 19.519,51 ; 5.408,77 ; 6.513,12 ; 5.001,80 ; 12.182,52 ; 6.136,59 ; 7.953,65 ; 10.069,26 ; 16.437,53 ; 21.623,55 ; 15.499,83 ; 194.431,65 ; 94.031,30 ; 51.992,11 ; 40.280,95 ; 181.349,07 ; 164.542,37 ; 208.409,03 ; 120.492,30 ; 117.239,22 ; 109.015,29 ; 66.981,74 ; 45.028,59 ; 6.483,45 ; 30.947,65 ; 68.164,08 ; 42.588,17 ; 25.822,89 ; 13.138,94 ; 12.829,90 ; 2.007,76 ; 3.389,29 ; 4.233,08 ; 3.197,64 ; -   ; -   ; -   
Rondônia;RO;8.274.774,39;0,00;19.089.273,38;7.839.648,84;0,00;6.629.345,98;6.477.596,04;12.059.314,41;0,00;16.305.847,40;34.958.475,20;42.273.191,73;44.615.043,90;19.995.149,65;44.243.029,03;40.966.074,20;11.328.875,62;96.878.512,63;48.960.753,85;56.981.002,19;176.996.473,86;179.175.742,59;232.365.616,84;315.759.176,52;291.313,08;142.576,56;507.124,85;74.312,39;937.000,92;529.001,56;814.131,34;1.149.141,13;1.869.143,49;3.826.972,79;4.116.319,13;8.058.976,01;2.804,03;5.235,49;4.306,62;2.591,72;11.196,62;12.065,93;7.607,89;33.656,81;11.980,85;19.051,46;17.711,28;20.513,60;20.493,65;6.727,42;9.354,92;6.234,68;9.563,30;6.765,45;11.323,27;16.201,31;5.867,49;11.813,66;8.022,89;9.135,73;4.400,35;9.567,48;3.950,46;7.136,05;3.261,51;2.733,49;8.743,96;2.478,20;7.539,06;13.001,06;5.865,33;6.436,73;8.456,67;784,03;6.556,60;3.361,54;1.804,60;0,00;7.993,81;17.461,53;9.280,26;10.744,94;8.145,29;3.049,98;17.185,63;1.752,96;2.153,62;4.485,47;1.517,66;1.020,12;7.138,01;1.403,57;4.250,92;5.280,36;1.778,78;17.943,69;3.194,97;4.005,18;17.040,46;6.712,69;8.560,28;7.509,58;11.668,57; 15.847,71 ;15.672,40;18.440,07;20.490,77;8.636,37;12.098,68;13.281,43;8.844,77;3.988,58;13.550,72;5.022,57;13.357,33;6.685,11;5.851,52;17.491,31;8.402,18;15.499,99;8.753,26;0,00;0,00;0,00;3.361,26;11.809,04;13.567,44;31.088,85;7.830,31;37.102,14;0,00;0,00;74.252,76;8.642,83;25.073,80;13.109,36;11.245,73;7.139,25;0,00;44.707,32;0,00;0,00;142.505,39;0,00;239.828,96;56.005,72;87.009,50;44.994,52;43.253,65;34.961,44;0,00;0,00;0,00;0,00;0,00;202.271,69;309.734,83;30.363,65;90.373,54;30.679,49;0,00;0,00;0,00;292.935,16;96.671,10;61.188,30;85.050,09;80.086,29; 39.410,27 ; 39.020,18 ; 35.009,61 ; 37.849,43 ; 24.589,30 ; 22.993,17 ; 21.900,40 ; 19.480,77 ; 29.286,05 ; 18.480,62 ; 15.876,96 ; 10.516,88 ; 13.339,68 ; 8.856,20 ; 14.664,71 ; 10.713,10 ; 7.628,44 ; 24.754,98 ; 27.366,84 ; 17.570,34 ; 28.582,23 ; 18.729,34 ; 14.098,90 ; 10.132,44 ; 14.117,22 ; 16.461,39 ; 12.747,05 ; 21.352,26 ; 21.976,87 ; 31.106,86 ; 28.350,24 ; 16.912,61 ; 5.692,91 ; 16.631,04 ; 8.590,46 ; 23.774,72 ; 23.923,09 ; 11.653,78 ; 11.977,21 ; 32.699,73 ; 15.131,48 ; 11.404,74 ; 19.606,31 ; 16.937,14 ; 20.153,61 ; 40.741,24 ; 44.377,02 ; 41.799,45 ; 43.674,39 ; -   ; 54.489,18 ; 53.454,82 ; 14.116,01 ; 19.251,60 ; 22.975,85 ; 22.312,65 ; 17.811,28 ; 16.052,64 ; 23.797,09 ; 23.237,07 ; 28.662,72 ; 13.663,59 ; 24.462,50 ; 16.915,88 ; 20.977,52 ; 26.014,89 ; 23.831,73 ; 25.181,57 ; 35.222,02 ; 49.441,20 ; 9.826,34 ; 41.228,14 ; 92.550,53 ; 44.186,94 ; 36.075,58 ; 90.961,19 ; 28.746,33 ; 34.912,19 ; 43.144,67 ; 48.959,05 ; 64.692,30 ; 61.600,25 ; 64.130,79 ; 60.638,69 ; 15.866,27 ; 16.810,78 ; 16.275,67 ; 24.298,30 ; 29.564,96 ; 48.608,44 ; 60.345,14 ; 52.669,24 ; 45.605,59 ; 53.242,09 ; 13.933,16 ; 57.085,86 ; 20.676,16 ; 17.352,60 ; 29.145,38 ; 29.772,04 ; 14.359,31 ; 18.524,09 ; 31.221,85 ; 59.981,67 ; 28.141,00 ; 64.863,94 ; 5.988,84 ; 84.312,76 ; 41.123,83 ; 30.683,31 ; 32.608,19 ; 47.428,66 ; 34.161,34 ; 36.183,61 ; 39.200,57 ; 42.902,58 ; 37.368,07 ; 41.282,59 ; 64.169,24 ; 35.816,07 ; 47.505,87 ; 25.407,14 ; 61.889,62 ; 49.761,87 ; 54.651,80 ; 55.033,23 ; 54.387,13 ; 105.397,52 ; -   ; -   ; -   ; 433.502,27 ; 131.512,02 ; 93.848,85 ; 99.652,05 ; 20.121,62 ; -   ; -   ; -   ; -   ; -   ; -   ; -   ; 726.253,09 ; 43.253,90 ; 31.830,90 ; 24.117,90 ; 28.633,07 ; 24.126,96 ; 15.990,41 ; 9.111,09 ; 5.825,35 ; 6.359,62 ; 6.586,59 ; 9.210,55 ; 8.736,24 ; 6.058,83 ; 4.037,76 ; 7.493,67 ; 5.625,42 ; 6.655,25 ; 4.784,85 ; 3.200,28 ; 6.169,65 ; 6.427,26 ; 5.140,75 ; 4.870,81 ; 4.184,45 ; 10.560,99 ; 6.770,51 ; 8.327,47 ; 8.834,86 ; 5.108,25 ; 4.019,42 ; 5.165,43 ; 3.570,32 ; 16.929,49 ; 8.307,43 ; 4.220,37 ; 12.352,31 ; 23.703,31 ; 19.242,06 ; 30.876,12 ; 149.187,85 ; 276.737,37 ; 222.200,66 ; 303.722,95 ; 348.018,88 ; 254.870,28 ; 216.792,08 ; 187.867,34 ; 152.435,45 ; 166.694,59 ; 286.344,29 ; 153.373,31 ; 195.791,24 ; 216.250,36 ; 289.705,34 ; 217.836,62 ; 315.690,21 ; 295.492,37 ; 208.989,86 ; 334.281,77 ; 309.772,42 ; 232.314,34 ; 208.454,09 ; 219.572,92 ; 112.475,06 ; 257.425,69 ; 251.881,46 ; 256.531,62 ; 257.613,44 ; 185.350,09 ; 171.791,15 ; 155.452,16 ; 148.239,37 ; 175.064,59 ; 153.848,07 ; 135.372,03 ; 209.400,68 ; 227.233,89 ; 143.477,12 ; 146.335,91 ; 184.512,03 ; 146.091,64 ; -   ; -   ; -   
Roraima;RR;2.825.018,24;0,00;7.324.297,48;3.612.888,70;0,00;4.279.019,06;6.013.722,67;10.708.621,03;0,00;4.735.223,00;4.487.625,05;7.710.538,09;13.189.418,76;4.676.352,52;13.408.112,86;8.663.468,95;310.816,31;32.503.553,46;6.862.018,37;18.486.708,45;46.228.722,78;48.189.039,17;79.337.225,20;87.357.570,16;133.412,88;66.262,28;287.042,76;23.414,02;500.160,56;260.315,87;429.489,26;558.568,32;675.775,37;1.036.443,16;1.281.559,43;2.166.606,79;834,84;1.696,58;1.673,99;1.183,84;4.556,75;4.397,02;2.664,61;8.715,92;3.587,82;6.702,58;3.683,86;5.224,60;5.496,17;2.104,64;3.606,12;2.797,28;4.440,72;2.493,19;2.766,56;3.086,28;1.216,16;2.099,39;655,14;1.373,54;916,75;784,71;533,49;1.586,31;540,95;851,10;2.178,44;625,84;531,48;3.086,04;1.575,76;1.655,35;3.409,77;0,00;2.131,84;194,18;0,00;0,00;0,00;403,69;1.285,57;1.160,24;1.710,57;363,32;3.057,42;0,00;24,80;850,10;1.600,18;694,39;0,00;0,00;0,00;1.120,00;0,00;336,00;1.035,85;896,00;3.222,77;560,00;1.715,28;3.167,14;5.829,63; 2.407,48 ;560,00;1.064,59;980,00;761,48;1.973,51;602,65;1.261,26;1.896,27;1.410,57;1.140,77;3.005,14;1.663,12;455,79;1.882,06;1.131,58;1.396,43;1.050,00;0,00;0,00;0,00;0,00;1.750,00;1.190,00;2.310,00;770,00;4.014,22;0,00;0,00;4.920,96;2.271,65;2.589,51;5.604,57;2.237,17;1.964,21;0,00;4.956,01;0,00;0,00;11.667,88;0,00;20.279,67;22.549,29;11.596,84;8.735,29;4.315,66;3.285,82;0,00;0,00;0,00;0,00;0,00;16.176,99;18.591,24;3.119,03;6.400,25;3.131,38;0,00;0,00;0,00;27.121,65;7.217,26;8.357,34;4.739,07;6.897,12; 1.545,92 ; 2.681,82 ; 941,11 ; 4.083,76 ; 2.263,67 ; 1.525,25 ; 1.718,43 ; 1.138,82 ; 780,05 ; 351,19 ; 746,52 ; 1.118,03 ; 979,79 ; 544,90 ; 1.756,26 ; 1.005,94 ; 1.931,11 ; 2.344,71 ; 1.704,54 ; 1.215,27 ; 2.040,51 ; 1.464,25 ; 2.649,05 ; 1.015,55 ; 2.804,55 ; -   ; 1.226,40 ; 1.907,64 ; 5.444,10 ; 3.681,66 ; 2.525,74 ; 4.207,72 ; 1.180,33 ; 1.760,13 ; 815,58 ; 1.028,23 ; 5.510,90 ; 543,48 ; -   ; 4.245,68 ; 5.006,85 ; 2.649,90 ; 3.074,01 ; 1.533,50 ; 4.144,04 ; 5.098,57 ; 3.940,60 ; 3.404,99 ; 4.141,40 ; -   ; 7.038,85 ; 6.754,45 ; 3.755,10 ; 4.042,60 ; 2.483,57 ; 1.509,72 ; 2.559,93 ; 2.461,29 ; 4.730,49 ; 2.153,43 ; -   ; -   ; -   ; -   ; -   ; -   ; -   ; -   ; -   ; -   ; -   ; -   ; -   ; -   ; -   ; -   ; -   ; -   ; -   ; -   ; -   ; -   ; -   ; -   ; -   ; -   ; -   ; -   ; -   ; -   ; -   ; -   ; -   ; -   ; -   ; -   ; -   ; -   ; -   ; -   ; -   ; -   ; -   ; -   ; -   ; -   ; -   ; -   ; -   ; -   ; -   ; -   ; -   ; -   ; -   ; -   ; -   ; -   ; -   ; -   ; -   ; -   ; -   ; -   ; -   ; -   ; -   ; -   ; -   ; -   ; -   ; -   ; -   ; -   ; -   ; -   ; -   ; -   ; -   ; -   ; -   ; -   ; -   ; -   ; -   ; -   ; -   ; -   ; -   ; -   ; -   ; -   ; -   ; -   ; -   ; -   ; -   ; -   ; -   ; -   ; -   ; -   ; -   ; -   ; -   ; -   ; -   ; -   ; -   ; -   ; -   ; 1.016,75 ; -   ; -   ; -   ; -   ; -   ; -   ; -   ; -   ; -   ; -   ; -   ; -   ; -   ; -   ; -   ; -   ; -   ; -   ; -   ; -   ; -   ; -   ; -   ; -   ; -   ; -   ; -   ; -   ; -   ; -   ; -   ; -   ; -   ; -   ; -   ; -   ; -   ; -   ; -   ; -   ; -   ; -   ; -   ; -   ; -   ; -   ; -   ; -   ; -   ; -   ; -   ; -   ; -   ; -   ; -   ; -   
Rio Grande do Sul;RS;37.156,86;0,00;1.196.996,36;0,00;0,00;0,00;0,00;0,00;0,00;0,00;0,00;0,00;0,00;0,00;0,00;0,00;0,00;0,00;0,00;0,00;0,00;0,00;0,00;0,00;0,00;0,00;0,00;0,00;0,00;0,00;0,00;15.853,65;0,00;0,00;0,00;0,00;9,96;0,00;0,00;0,00;0,00;0,00;0,00;24,58;0,00;0,00;0,00;0,00;0,00;0,00;0,00;0,00;52,68;5,91;0,00;3,59;0,00;0,00;0,00;0,00;0,00;0,00;67,98;0,00;0,00;0,00;0,00;0,00;0,00;0,00;0,00;0,00;0,00;0,00;0,00;0,00;0,00;0,00;0,00;0,00;0,00;0,00;0,00;0,00;0,00;0,00;0,00;0,00;0,00;0,00;0,00;0,00;0,00;0,00;0,00;0,00;0,00;0,00;0,00;0,00;0,00;0,00;0,00; -   ;0,00;5,60;0,00;0,00;0,00;0,00;0,00;0,00;0,00;0,00;0,00;0,00;0,00;0,00;0,00;0,00;0,00;0,00;0,00;0,00;0,00;0,00;0,00;0,00;0,00;0,00;0,00;0,00;0,00;0,00;0,00;0,00;0,00;0,00;0,00;0,00;0,00;0,00;0,00;0,00;0,00;0,00;0,00;0,00;0,00;0,00;0,00;0,00;0,00;0,00;0,00;283,03;0,00;0,00;0,00;0,00;0,00;0,00;0,00;0,00;0,00;0,00;0,00;0,00; -   ; -   ; -   ; -   ; -   ; -   ; -   ; -   ; -   ; -   ; -   ; -   ; -   ; -   ; -   ; -   ; -   ; -   ; -   ; -   ; -   ; -   ; -   ; -   ; -   ; -   ; -   ; -   ; -   ; -   ; -   ; -   ; -   ; -   ; -   ; -   ; -   ; -   ; -   ; -   ; -   ; -   ; 424,06 ; -   ; -   ; 405,28 ; -   ; -   ; -   ; -   ; 3.554,19 ; -   ; -   ; -   ; -   ; -   ; -   ; -   ; -   ; -   ; -   ; -   ; -   ; -   ; -   ; -   ; -   ; -   ; -   ; -   ; -   ; -   ; 6.532,16 ; 150,35 ; -   ; -   ; -   ; -   ; -   ; -   ; -   ; -   ; -   ; 3.023,69 ; 8,38 ; 1.332,07 ; -   ; -   ; -   ; -   ; -   ; -   ; -   ; -   ; -   ; -   ; -   ; -   ; 1.249,18 ; -   ; -   ; -   ; -   ; -   ; -   ; 698,27 ; 36,90 ; -   ; -   ; -   ; 390,86 ; -   ; -   ; 8,26 ; -   ; 376,43 ; 155,95 ; 74,33 ; -   ; 891,23 ; -   ; -   ; -   ; -   ; -   ; 757,46 ; -   ; 458,03 ; -   ; -   ; -   ; 402,52 ; 118,72 ; -   ; -   ; -   ; -   ; -   ; -   ; -   ; -   ; -   ; -   ; 261,75 ; -   ; -   ; -   ; -   ; -   ; -   ; -   ; -   ; -   ; -   ; -   ; 399,42 ; -   ; -   ; -   ; -   ; -   ; -   ; -   ; -   ; -   ; 157,92 ; -   ; -   ; -   ; -   ; -   ; -   ; -   ; -   ; -   ; -   ; -   ; -   ; -   ; 1,43 ; -   ; -   ; 425,44 ; -   ; -   ; -   ; 87,07 ; -   ; -   ; -   ; -   ; -   ; -   ; -   ; -   ; -   ; 80,31 ; -   ; 91,46 ; -   ; -   ; 813,55 ; -   ; -   ; -   ; -   ; -   ; -   ; 139,66 ; 12,15 ; -   ; -   ; -   ; -   ; -   ; -   ; -   ; 404,87 ; -   ; -   ; -   ; 151,12 ; -   ; -   ; -   ; -   ; -   ; -   
Santa Catarina;SC;13.767.946,50;0,00;88.988,24;0,00;0,00;0,00;0,00;0,00;0,00;0,00;0,00;1.257,86;0,00;0,00;0,00;0,00;0,00;0,00;0,00;490.514,19;0,00;0,00;0,00;0,00;0,00;0,00;0,00;0,00;0,00;0,00;0,00;0,00;0,00;0,00;0,00;0,00;0,00;0,00;0,00;0,00;0,00;0,00;1.518,21;0,00;0,00;0,00;0,00;0,00;0,00;0,00;0,00;0,00;0,00;0,00;0,00;4,90;0,00;0,00;0,00;0,00;0,00;0,00;0,00;0,00;0,00;0,00;0,00;0,00;0,00;0,00;0,00;0,00;0,00;0,00;0,00;0,00;0,00;0,00;0,00;0,00;0,00;0,00;0,00;0,00;0,00;0,00;0,00;0,00;0,00;0,00;0,00;0,00;0,00;0,00;0,00;0,00;0,00;0,00;0,00;0,00;0,00;0,00;0,00; -   ;0,00;0,00;0,00;0,00;0,00;0,00;0,00;0,00;0,00;0,00;0,00;0,00;0,00;0,00;0,00;0,00;0,00;0,00;0,00;0,00;0,00;0,00;0,00;0,00;0,00;0,00;0,00;0,00;0,00;0,00;0,00;0,00;0,00;0,00;0,00;0,00;0,00;0,00;0,00;0,00;0,00;0,00;0,00;0,00;0,00;0,00;0,00;0,00;0,00;0,00;0,00;0,00;95,22;0,00;0,00;0,00;0,00;0,00;0,00;0,00;0,00;0,00;0,00;0,00; -   ; -   ; -   ; -   ; -   ; -   ; -   ; -   ; -   ; -   ; -   ; -   ; -   ; -   ; -   ; -   ; -   ; -   ; -   ; -   ; -   ; -   ; -   ; -   ; 154,17 ; -   ; -   ; -   ; -   ; -   ; -   ; -   ; -   ; -   ; -   ; -   ; -   ; -   ; -   ; -   ; -   ; -   ; -   ; -   ; -   ; -   ; -   ; -   ; -   ; -   ; -   ; -   ; 2.325,24 ; -   ; -   ; -   ; -   ; -   ; -   ; -   ; -   ; -   ; -   ; -   ; -   ; -   ; -   ; -   ; -   ; -   ; -   ; -   ; 1.715,70 ; -   ; -   ; -   ; -   ; -   ; -   ; -   ; 251,98 ; -   ; -   ; -   ; -   ; -   ; 64,45 ; -   ; -   ; -   ; -   ; -   ; -   ; -   ; -   ; 3.934,69 ; 8.662,17 ; 5.038,60 ; 4.926,18 ; 6.238,07 ; 6.887,61 ; 5.506,88 ; 4.787,43 ; 9.358,64 ; 7.917,88 ; 9.852,27 ; 2.638,44 ; 16.384,13 ; 17.485,53 ; 13.221,66 ; 11.363,75 ; 22.514,09 ; 13.637,27 ; 22.171,72 ; 26.107,83 ; 27.057,29 ; 16.115,80 ; 16.234,06 ; 16.016,91 ; 11.715,24 ; 23.125,42 ; 8.948,90 ; 25.214,94 ; 11.631,10 ; 19.602,76 ; 17.532,58 ; 19.208,76 ; 9.726,31 ; -   ; -   ; -   ; 77,63 ; -   ; -   ; -   ; -   ; -   ; -   ; -   ; -   ; -   ; -   ; -   ; 9.946,23 ; -   ; -   ; -   ; -   ; -   ; -   ; -   ; -   ; -   ; 11,45 ; -   ; -   ; -   ; -   ; -   ; -   ; -   ; -   ; -   ; -   ; -   ; -   ; -   ; -   ; -   ; -   ; -   ; -   ; 102,65 ; -   ; -   ; -   ; -   ; -   ; 6.253,90 ; -   ; -   ; -   ; -   ; -   ; -   ; -   ; -   ; -   ; -   ; -   ; -   ; -   ; 236,43 ; -   ; -   ; -   ; -   ; -   ; -   ; -   ; 8,40 ; -   ; -   ; -   ; -   ; -   ; -   ; -   ; -   ; -   ; -   ; -   ; -   ; -   ; -   ; -   ; -   ; -   ; -   ; -   ; -   ; -   ; -   ; -   ; -   ; -   ; -   ; -   
Sergipe;SE;0,00;0,00;0,00;0,00;0,00;0,00;0,00;0,00;0,00;0,00;0,00;0,00;0,00;0,00;0,00;3.871.624,54;0,00;24.440.640,00;-12.220.320,00;0,00;78.953.728,07;0,00;58.938.764,21;0,00;0,00;0,00;0,00;0,00;0,00;0,00;0,00;0,00;0,00;0,00;0,00;0,00;0,00;0,00;0,00;0,00;0,00;1.860,98;2.349,34;18.164,19;864,33;7.450,78;0,00;0,00;0,00;0,00;0,00;0,00;0,00;0,00;0,00;0,00;0,00;0,00;0,00;0,00;0,00;0,00;0,00;0,00;0,00;0,00;0,00;0,00;0,00;0,00;0,00;0,00;0,00;0,00;0,00;0,00;0,00;0,00;0,00;0,00;0,00;0,00;0,00;0,00;0,00;0,00;0,00;0,00;0,00;0,00;0,00;0,00;0,00;0,00;0,00;0,00;0,00;0,00;0,00;0,00;0,00;0,00;0,00; -   ;0,00;0,00;0,00;0,00;0,00;0,00;0,00;0,00;0,00;0,00;0,00;0,00;0,00;0,00;0,00;0,00;0,00;0,00;0,00;0,00;0,00;0,00;0,00;0,00;0,00;0,00;0,00;0,00;0,00;0,00;0,00;0,00;0,00;0,00;0,00;0,00;0,00;0,00;0,00;0,00;0,00;0,00;0,00;0,00;0,00;0,00;0,00;0,00;0,00;0,00;0,00;0,00;0,00;0,00;0,00;0,00;0,00;0,00;0,00;0,00;0,00;0,00;0,00;0,00; -   ; -   ; -   ; -   ; -   ; -   ; -   ; -   ; -   ; -   ; -   ; -   ; -   ; -   ; -   ; -   ; -   ; -   ; -   ; -   ; -   ; -   ; -   ; -   ; -   ; -   ; -   ; -   ; -   ; -   ; -   ; -   ; -   ; -   ; -   ; -   ; -   ; -   ; -   ; -   ; -   ; -   ; -   ; -   ; -   ; -   ; -   ; -   ; -   ; -   ; -   ; -   ; -   ; -   ; -   ; -   ; -   ; -   ; -   ; -   ; -   ; -   ; -   ; -   ; -   ; -   ; -   ; -   ; -   ; -   ; -   ; -   ; -   ; -   ; -   ; -   ; -   ; -   ; -   ; -   ; -   ; -   ; -   ; -   ; -   ; -   ; -   ; -   ; -   ; -   ; -   ; -   ; -   ; -   ; -   ; 79,14 ; -   ; -   ; -   ; -   ; -   ; -   ; -   ; -   ; -   ; -   ; -   ; -   ; -   ; -   ; -   ; -   ; -   ; -   ; -   ; -   ; 1.832,92 ; -   ; -   ; -   ; -   ; -   ; -   ; -   ; -   ; -   ; -   ; -   ; -   ; -   ; -   ; -   ; -   ; -   ; -   ; -   ; -   ; -   ; -   ; -   ; -   ; -   ; -   ; -   ; -   ; -   ; -   ; -   ; -   ; -   ; -   ; -   ; -   ; -   ; -   ; 4.238,31 ; -   ; -   ; -   ; -   ; -   ; -   ; -   ; -   ; -   ; -   ; -   ; -   ; -   ; -   ; -   ; -   ; -   ; -   ; -   ; -   ; -   ; -   ; -   ; -   ; -   ; -   ; -   ; -   ; -   ; -   ; -   ; -   ; -   ; -   ; -   ; -   ; -   ; -   ; -   ; -   ; -   ; -   ; -   ; -   ; -   ; -   ; -   ; -   ; -   ; -   ; -   ; -   ; -   ; -   ; -   ; -   ; -   ; -   ; -   ; -   ; -   ; -   ; -   ; -   ; -   ; -   ; -   ; -   ; -   ; -   ; -   ; -   
São Paulo;SP;11.533.951,75;0,00;41.439.545,49;11.338.660,96;0,00;660.301,30;0,00;0,00;0,00;84.092,42;0,00;1.092,48;0,00;0,00;139.251,01;0,00;0,00;406.827,18;207.112,83;0,00;31.305,00;402.472,97;0,00;0,00;2.693,65;0,00;4.635,36;0,00;7.378,92;18.040,83;6.966,58;9.030,39;11.869,73;29.936,18;44.812,47;805.945,11;39,09;57,67;45,73;31,61;54,32;1.614,07;101,24;540,04;106,56;273,78;817,33;123,02;368,14;240,45;455,29;211,95;616,41;155,76;587,30;232,38;1.089,84;4.478,92;161,56;159,79;768,35;208,07;127,96;217,20;6.433,97;651,37;165,91;330,36;181,81;495,13;288,77;607,41;85,68;23,46;8,08;65,80;0,00;0,00;764,28;285,67;109,86;205,94;201,09;227,81;0,00;144,01;516,19;419,76;747,70;80,11;202,83;454,46;275,26;33,57;101,57;304,55;129,33;760,59;155,94;82,08;73,96;2.158,05;575,67; 47,71 ;70,01;88,70;83,07;0,00;0,00;181,44;52,70;0,00;10,92;288,21;475,16;149,39;68,29;1.462,01;52.003,03;86.299,86;59.604,62;0,00;0,00;0,00;266,00;7.639,86;65.218,63;289,80;0,00;404,13;0,00;0,00;0,00;46.075,50;0,00;163,49;77,35;0,00;0,00;31.454,55;0,00;0,00;95.267,43;0,00;33.888,54;1.522,88;2.047,33;3.883,06;7.115,06;4.079,47;0,00;0,00;0,00;0,00;0,00;72.574,25;38.716,84;5.457,72;9.165,76;3.077,22;0,00;0,00;0,00;23.145,71;4.066,60;1.617,42;1.341,50;2.152,52; 979,39 ; 140,00 ; 483,00 ; 248,85 ; 1.208,88 ; 849,87 ; 1.475,15 ; 1.228,92 ; 2.154,20 ; 471,68 ; 689,05 ; -   ; 289,26 ; 592,50 ; 193,64 ; 2.001,55 ; 432,32 ; 4.442,64 ; 665,00 ; 1.492,40 ; 830,63 ; 438,90 ; 439,40 ; 1.032,98 ; 772,75 ; 1.503,54 ; 603,54 ; 351,56 ; 504,30 ; 2.449,13 ; 6.451,02 ; 2.493,82 ; 578,80 ; 1.232,20 ; 312,20 ; 386,28 ; 7.821,42 ; 5.382,19 ; 11.834,78 ; 10.493,60 ; 9.648,66 ; 1.009,91 ; 1.753,80 ; 675,27 ; 1.860,09 ; 1.511,92 ; 486,15 ; 1.561,63 ; 4.505,35 ; -   ; 12.314,70 ; 2.215,93 ; 17,39 ; 8.003,01 ; 1.124,65 ; 1.602,55 ; 1.500,11 ; 2.810,92 ; 237,86 ; 3.719,35 ; 5.709,72 ; 3.420,13 ; 2.655,27 ; 2.571,64 ; 17.733,23 ; 972,44 ; 909,88 ; 55,62 ; 5.135,40 ; 1.886,64 ; 377,83 ; 311,47 ; 280.530,22 ; 201.393,71 ; 4.625,05 ; 28.791,39 ; 2.236,97 ; 3.471,19 ; 2.201,52 ; 811,62 ; 8.597,31 ; 9.224,40 ; 4.764,01 ; 4.014,70 ; 5.724,40 ; 2.498,62 ; 6.789,30 ; 3.265,90 ; 16.944,90 ; 4.453,23 ; 7.024,48 ; 6.732,09 ; 2.244,27 ; 6.911,59 ; -   ; 2.062,10 ; 228,89 ; 8.198,68 ; 1.676,88 ; 3.336,92 ; 114.361,93 ; 432,53 ; 1.194,85 ; 1.192,91 ; 909,31 ; 1.029,21 ; 7,00 ; 1.778,18 ; 1.816,12 ; 665,18 ; 760,40 ; 1.651,39 ; 829,89 ; 3.894,96 ; 1.627,21 ; 12.075,61 ; 590,72 ; 701,14 ; 265,38 ; -   ; 2.050,42 ; 472,75 ; 207,02 ; 282,40 ; 209,21 ; 750,07 ; 179,64 ; 3.739,39 ; -   ; -   ; -   ; 11.169,98 ; 746,89 ; 5.554,87 ; 11.508,30 ; 1.146,74 ; -   ; -   ; -   ; -   ; -   ; -   ; -   ; 136.821,28 ; 4.927,61 ; 1.410,97 ; 6.775,82 ; 7.342,60 ; 2.458,12 ; 12.000,06 ; 6.807,97 ; 2.457,78 ; 1.713,68 ; 3.137,43 ; 3.658,91 ; 1.179,71 ; 2.390,60 ; 2.281,30 ; 1.450,50 ; 4.149,20 ; 1.736,63 ; 3.883,72 ; 1.466,58 ; 6.275,43 ; 14.055,59 ; 13.866,00 ; 7.209,13 ; 5.743,49 ; 19.515,12 ; 7.795,57 ; 16.958,93 ; 50.262,55 ; 35.053,55 ; 67.292,14 ; 38.586,63 ; 38.526,91 ; 145.866,35 ; 161.193,80 ; 99.076,19 ; 134.319,13 ; 113.038,17 ; 86.062,62 ; 101.253,28 ; 69.303,54 ; 127.994,88 ; 122.447,06 ; 297.670,66 ; 112.132,22 ; 146.871,23 ; 242.534,04 ; 221.461,40 ; 180.970,35 ; 104.526,46 ; 226.869,66 ; 219.425,20 ; 226.172,90 ; 232.788,60 ; 185.374,94 ; 113.405,64 ; 204.477,91 ; 152.587,44 ; 105.692,48 ; 269.220,25 ; 266.381,12 ; 278.082,81 ; 230.585,79 ; 194.618,71 ; 316.190,08 ; 208.762,64 ; 211.529,49 ; 248.003,07 ; 238.511,83 ; 141.681,60 ; 95.914,80 ; 124.858,12 ; 122.757,20 ; 202.437,66 ; 166.137,82 ; 134.229,41 ; 164.669,15 ; 204.710,98 ; 242.436,78 ; 157.268,62 ; 65.478,95 ; 24.088,80 ; -   ; -   ; -   
Tocantins;TO;16.210,18;0,00;18.830,95;0,00;0,00;0,00;0,00;4.546,64;0,00;2.076,90;139.715,80;64.635,41;119.620,31;37.272,58;34.695,58;937.074,23;0,00;0,00;275.568,19;357.418,88;1.640.161,74;553.391,35;1.174.367,52;734.706,18;657,86;154,92;5.684,48;0,00;4.892,04;1.201,15;16.819,59;5.240,71;0,00;0,00;0,00;0,00;0,00;0,00;0,00;0,00;0,00;0,00;0,00;0,00;;25,91;0,00;;0,00;0,00;0,00;0,00;0,00;0,00;0,00;0,00;0,00;0,00;0,00;0,00;0,00;0,00;0,00;0,00;0,00;9.240,55;0,00;0,00;48,64;3.544,63;7.158,01;3.584,55;13.773,80;6.223,35;39,76;0,00;0,00;0,00;0,00;0,00;0,00;0,00;0,00;0,00;0,00;0,00;0,00;0,00;0,00;0,00;0,00;0,00;0,00;0,00;0,00;0,00;0,00;0,00;0,00;0,00;0,00;0,00;0,00; -   ;0,00;0,00;0,00;0,00;0,00;0,00;0,00;0,00;0,00;0,00;0,00;0,00;0,00;0,00;0,00;0,00;0,00;0,00;0,00;0,00;0,00;0,00;0,00;0,00;0,00;0,00;0,00;0,00;0,00;0,00;0,00;0,00;0,00;0,00;0,00;0,00;0,00;0,00;0,00;0,00;0,00;0,00;0,00;0,00;0,00;0,00;0,00;0,00;0,00;0,00;0,00;140,46;146,25;0,00;0,00;0,00;0,00;0,00;0,00;0,00;0,00;0,00;0,00;0,00; -   ; -   ; -   ; -   ; -   ; -   ; -   ; -   ; -   ; -   ; -   ; -   ; -   ; -   ; -   ; -   ; -   ; -   ; 240,10 ; 754,23 ; -   ; -   ; -   ; -   ; -   ; -   ; -   ; -   ; -   ; 376,20 ; 623,83 ; 950,04 ; 177,02 ; 1.228,21 ; 121,78 ; 945,86 ; 803,69 ; 106,89 ; 23,61 ; -   ; -   ; -   ; -   ; -   ; -   ; -   ; -   ; -   ; -   ; -   ; -   ; -   ; -   ; -   ; -   ; 45,20 ; -   ; -   ; -   ; -   ; -   ; -   ; -   ; -   ; -   ; -   ; -   ; -   ; -   ; -   ; -   ; -   ; -   ; -   ; -   ; 1.011,78 ; -   ; -   ; -   ; -   ; -   ; -   ; -   ; -   ; -   ; -   ; -   ; -   ; -   ; -   ; -   ; -   ; -   ; -   ; -   ; -   ; 1,75 ; -   ; 15,37 ; -   ; 2.160,34 ; 2.394,49 ; 1.780,56 ; 1.071,89 ; 514,48 ; 1.498,78 ; -   ; 1.034,44 ; 344,73 ; -   ; -   ; 430,11 ; 313,00 ; -   ; 540,10 ; -   ; -   ; 327,78 ; -   ; 428,65 ; 497,46 ; 907,36 ; 1.275,78 ; 362,62 ; 435,75 ; 449,42 ; 309,04 ; 230,87 ; -   ; -   ; -   ; 406,13 ; -   ; -   ; -   ; -   ; -   ; -   ; -   ; -   ; -   ; -   ; -   ; 615,75 ; -   ; -   ; -   ; -   ; -   ; -   ; -   ; -   ; -   ; -   ; -   ; -   ; -   ; -   ; -   ; -   ; -   ; -   ; -   ; -   ; -   ; -   ; 7,00 ; -   ; -   ; 1,75 ; -   ; -   ; -   ; -   ; -   ; -   ; -   ; -   ; -   ; -   ; -   ; -   ; -   ; -   ; -   ; -   ; -   ; -   ; -   ; 1.851,51 ; 1.000,23 ; 2.521,49 ; -   ; -   ; -   ; 1,75 ; 1.890,00 ; -   ; -   ; 173,92 ; -   ; -   ; -   ; -   ; 51,60 ; -   ; -   ; -   ; -   ; -   ; -   ; -   ; -   ; -   ; -   ; -   ; -   ; 3,50 ; -   ; -   ; -   ; -   ; -   ; -   ; -   ; -   ; -   ; -   
;;;;;;;;;;;;;;;;;;;;;;;;;;;;;;;;;;;;;;;;;;;;;;;;;;;;;;;;;;;;;;;;;;;;;;;;;;;;;;;;;;;;;;;;;;;;;;;;;;;;;;;;;;;;;;;;;;;;;;;;;;;;;;;;;;;;;;;;;;;;;;;;;;;;;;;;;;;;;;;;;;;;;;;;;;;;;;;;;;;;;;;;;;;;;;;;;;;;;;;;;;;;;;;;;;;;;;;;;;;;;;;;;;;;;;;;;;;;;;;;;;;;;;;;;;;;;;;;;;;;;;;;;;;;;;;;;;;;;;;;;;;;;;;;;;;;;;;;;;;;;;;;;;;;;;;;;;;;;;;;;;;;;;;;;;;;;;;;;;;;;;;;;;;;;;;;;;;;;;;;;;;;;;;;;;;;;;;;;;;;;;;;;;;;;;;;;;;;;
;; 108.322.352,01 ; -   ; 260.676.147,89 ; 107.498.999,82 ; -   ; 118.345.463,04 ; 141.625.377,99 ; 329.415.100,38 ; -   ; 299.886.284,66 ; 292.719.277,65 ; 584.196.814,94 ; 626.689.917,43 ; 520.909.230,79 ; 875.379.163,71 ; 723.212.122,16 ; 98.734.079,89 ; 2.503.334.017,30 ; 743.543.701,15 ; 1.310.681.154,31 ; 3.529.511.733,71 ; 2.843.700.369,44 ; 4.748.509.086,76 ; 5.101.559.441,53 ; 6.810.341,86 ; 4.347.087,08 ; 12.082.874,59 ; 664.683,95 ; 26.458.731,74 ; 18.087.972,72 ; 29.541.667,86 ; 37.741.765,33 ; 45.714.129,56 ; 63.321.905,20 ; 96.359.772,53 ; 156.154.199,90 ; 67.835,05 ; 93.068,79 ; 94.241,16 ; 52.951,05 ; 200.316,33 ; 253.125,47 ; 201.575,70 ; 415.123,17 ; 204.697,65 ; 289.076,22 ; 233.320,58 ; 264.050,79 ; 492.788,82 ; 91.257,25 ; 203.874,21 ; 181.405,10 ; 221.063,16 ; 207.293,48 ; 206.629,40 ; 240.573,13 ; 159.173,93 ; 236.698,92 ; 139.830,07 ; 209.009,33 ; 107.938,14 ; 224.724,28 ; 125.245,61 ; 181.948,31 ; 99.310,95 ; 60.192,28 ; 144.495,19 ; 67.960,00 ; 92.743,68 ; 154.203,03 ; 71.549,39 ; 84.134,69 ; 176.230,77 ; 30.974,57 ; 63.145,88 ; 37.937,40 ; 11.379,17 ; -   ; 139.513,22 ; 125.933,83 ; 137.671,63 ; 91.075,42 ; 52.843,90 ; 38.468,73 ; 82.326,37 ; 68.677,51 ; 43.328,37 ; 50.713,91 ; 98.412,72 ; 42.818,51 ; 41.472,86 ; 29.896,63 ; 32.825,33 ; 42.630,87 ; 21.350,88 ; 67.831,62 ; 40.340,99 ; 33.030,58 ; 84.194,05 ; 44.563,50 ; 76.898,11 ; 47.192,02 ; 82.832,12 ; 108.475,30 ; 82.482,72 ; 123.462,71 ; 94.374,72 ; 70.852,87 ; 95.876,13 ; 65.197,07 ; 53.795,78 ; 51.027,92 ; 91.069,55 ; 69.488,17 ; 101.363,99 ; 84.597,92 ; 52.791,89 ; 132.552,23 ; 107.309,34 ; 167.274,63 ; 116.506,10 ; -   ; -   ; -   ; 21.773,88 ; 76.622,81 ; 162.662,89 ; 160.815,72 ; 75.033,66 ; 168.958,42 ; -   ; -   ; 344.265,83 ; 136.985,11 ; 113.905,01 ; 136.338,95 ; 90.001,12 ; 36.613,56 ; -   ; 285.877,59 ; -   ; -   ; 754.973,80 ; -   ; 1.232.117,99 ; 311.645,28 ; 484.587,81 ; 248.335,81 ; 261.343,75 ; 145.574,07 ; -   ; -   ; -   ; -   ; -   ; 1.012.001,40 ; 1.629.566,44 ; 214.322,04 ; 427.597,05 ; 153.350,24 ; -   ; -   ; -   ; 1.354.208,77 ; 418.583,45 ; 285.764,46 ; 367.390,48 ; 378.003,20 ; 215.491,55 ; 223.450,74 ; 205.933,22 ; 192.791,54 ; 157.656,00 ; 170.338,94 ; 151.955,71 ; 168.790,30 ; 168.495,14 ; 153.626,86 ; 175.868,34 ; 137.356,04 ; 178.400,66 ; 170.217,11 ; 214.390,91 ; 132.198,32 ; 179.865,82 ; 235.556,78 ; 236.702,05 ; 223.398,85 ; 254.299,55 ; 201.967,71 ; 202.581,92 ; 213.633,78 ; 222.044,38 ; 167.928,36 ; 194.168,46 ; 225.892,77 ; 283.866,78 ; 238.685,87 ; 252.070,57 ; 314.032,57 ; 76.564,88 ; 319.231,71 ; 225.122,93 ; 249.853,57 ; 357.974,51 ; 175.720,21 ; 203.427,54 ; 344.546,51 ; 222.446,61 ; 140.157,16 ; 289.710,91 ; 250.223,41 ; 196.887,91 ; 297.621,65 ; 337.576,24 ; 279.190,46 ; 293.613,64 ; -   ; 765.901,29 ; 500.911,56 ; 179.606,02 ; 269.176,49 ; 265.266,91 ; 273.034,69 ; 250.429,91 ; 271.007,36 ; 276.692,03 ; 232.771,92 ; 307.790,96 ; 221.411,35 ; 292.998,44 ; 175.699,93 ; 227.088,15 ; 245.461,88 ; 256.246,61 ; 250.142,80 ; 266.255,20 ; 367.158,83 ; 104.417,98 ; 267.920,70 ; 840.052,70 ; 454.085,15 ; 223.505,39 ; 333.174,56 ; 229.592,76 ; 245.248,06 ; 240.796,27 ; 344.788,35 ; 423.637,80 ; 447.165,55 ; 512.713,98 ; 555.775,35 ; 444.664,84 ; 357.913,32 ; 351.338,59 ; 439.270,74 ; 513.675,45 ; 577.654,65 ; 702.738,53 ; 797.015,12 ; 882.683,28 ; 993.619,65 ; 222.090,33 ; 1.277.668,83 ; 630.403,56 ; 491.962,50 ; 566.035,47 ; 593.096,77 ; 432.272,02 ; 330.260,53 ; 419.319,36 ; 1.153.875,62 ; 624.045,80 ; 1.314.587,49 ; 90.901,16 ; 1.373.068,88 ; 924.779,20 ; 594.495,24 ; 616.420,67 ; 599.500,84 ; 413.495,98 ; 447.544,21 ; 548.992,14 ; 569.034,53 ; 595.419,29 ; 571.371,81 ; 619.759,60 ; 349.347,54 ; 852.557,90 ; 402.974,08 ; 878.109,55 ; 744.740,86 ; 698.090,32 ; 837.299,16 ; 822.980,75 ; 1.074.477,04 ; -   ; -   ; -   ; 5.810.793,53 ; 2.557.830,70 ; 1.452.530,77 ; 1.653.896,83 ; 435.260,85 ; -   ; -   ; -   ; -   ; -   ; -   ; -   ; 14.939.876,70 ; 1.180.076,48 ; 1.069.853,12 ; 852.365,45 ; 884.211,33 ; 731.754,72 ; 954.497,76 ; 904.398,84 ; 998.611,89 ; 1.125.107,39 ; 1.237.547,33 ; 1.315.195,31 ; 1.186.317,05 ; 1.027.023,84 ; 735.155,90 ; 513.923,55 ; 617.810,22 ; 690.601,19 ; 719.377,23 ; 827.492,87 ; 989.816,84 ; 1.275.545,03 ; 1.186.773,33 ; 1.071.496,83 ; 1.186.305,13 ; 1.135.938,77 ; 895.670,95 ; 1.028.502,56 ; 1.210.258,76 ; 1.004.284,90 ; 1.176.818,63 ; 1.622.652,78 ; 1.735.943,49 ; 2.234.196,63 ; 2.029.619,05 ; 1.772.949,83 ; 2.084.851,53 ; 1.713.011,71 ; 2.035.301,03 ; 2.222.749,19 ; 2.486.192,42 ; 4.071.092,99 ; 3.264.379,21 ; 4.365.433,90 ; 4.759.025,46 ; 4.462.756,85 ; 5.062.818,57 ; 4.762.827,61 ; 4.021.551,22 ; 3.317.850,63 ; 4.217.647,32 ; 3.688.793,57 ; 3.810.267,64 ; 4.116.740,12 ; 4.861.579,10 ; 3.708.288,21 ; 4.709.334,43 ; 4.906.512,87 ; 4.989.726,26 ; 6.124.561,81 ; 5.837.367,89 ; 4.996.517,68 ; 4.513.875,84 ; 4.165.089,63 ; 3.818.529,29 ; 4.375.534,92 ; 4.146.428,29 ; 4.340.018,14 ; 4.982.528,62 ; 4.230.729,45 ; 4.223.846,24 ; 4.091.667,85 ; 4.235.905,70 ; 4.397.074,77 ; 3.852.011,47 ; 2.987.551,42 ; 3.478.097,96 ; 3.438.257,78 ; 2.799.576,16 ; 2.295.521,02 ; 2.947.120,16 ; 2.444.555,62 ; -   ; -   ; -   
;;;;;;;;;;;;;;;;;;;;;;;;;;;;;;;;;;;;;;;;;;;;;;;;;;;;;;;;;;;;;;;;;;;;;;;;;;;;;;;;;;;;;;;;;;;;;;;;;;;;;;;;;;;;;;;;;;;;;;;;;;;;;;;;;;;;;;;;;;;;;;;;;;;;;;;;;;;;;;;;;;;;;;;;;;;;;;;;;;;;;;;;;;;;;;;;;;;;;;;;;;;;;;;;;;;;;;;;;;;;;;;;;;;;;;;;;;;;;;;;;;;;;;;;;;;;;;;;;;;;;;;;;;;;;;;;;;;;;;;;;;;;;;;;;;;;;;;;;;;;;;;;;;;;;;;;;;;;;;;;;;;;;;;;;;;;;;;;;;;;;;;;;;;;;;;;;;;;;;;;;;;;;;;;;;;;;;;;;;;;;;;;;;;;;;;;;;;;;
Dados extraídos do SIAFI;;;;;;;;;;;;;;;;;;;;;;;;;;;;;;;;;;;;;;;;;;;;;;;;;;;;;;;;;;;;;;;;;;;;;;;;;;;;;;;;;;;;;;;;;;;;;;;;;;;;;;;;;;;;;;;;;;;;;;;;;;;;;;;;;;;;;;;;;;;;;;;;;;;;;;;;;;;;;;;;;;;;;;;;;;;;;;;;;;;;;;;;;;;;;;;;;;;;;;;;;;;;;;;;;;;;;;;;;;;;;;;;;;;;;;;;;;;;;;;;;;;;;;;;;;;;;;;;;;;;;;;;;;;;;;;;;;;;;;;;;;;;;;;;;;;;;;;;;;;;;;;;;;;;;;;;;;;;;;;;;;;;;;;;;;;;;;;;;;;;;;;;;;;;;;;;;;;;;;;;;;;;;;;;;;;;;;;;;;;;;;;;;;;;;;;;;;;;;
;;;;;;;;;;;;;;;;;;;;;;;;;;;;;;;;;;;;;;;;;;;;;;;;;;;;;;;;;;;;;;;;;;;;;;;;;;;;;;;;;;;;;;;;;;;;;;;;;;;;;;;;;;;;;;;;;;;;;;;;;;;;;;;;;;;;;;;;;;;;;;;;;;;;;;;;;;;;;;;;;;;;;;;;;;;;;;;;;;;;;;;;;;;;;;;;;;;;;;;;;;;;;;;;;;;;;;;;;;;;;;;;;;;;;;;;;;;;;;;;;;;;;;;;;;;;;;;;;;;;;;;;;;;;;;;;;;;;;;;;;;;;;;;;;;;;;;;;;;;;;;;;;;;;;;;;;;;;;;;;;;;;;;;;;;;;;;;;;;;;;;;;;;;;;;;;;;;;;;;;;;;;;;;;;;;;;;;;;;;;;;;;;;;;;;;;;;;;;
;;;;;;;;;;;;;;;;;;;;;;;;;;;;;;;;;;;;;;;;;;;;;;;;;;;;;;;;;;;;;;;;;;;;;;;;;;;;;;;;;;;;;;;;;;;;;;;;;;;;;;;;;;;;;;;;;;;;;;;;;;;;;;;;;;;;;;;;;;;;;;;;;;;;;;;;;;;;;;;;;;;;;;;;;;;;;;;;;;;;;;;;;;;;;;;;;;;;;;;;;;;;;;;;;;;;;;;;;;;;;;;;;;;;;;;;;;;;;;;;;;;;;;;;;;;;;;;;;;;;;;;;;;;;;;;;;;;;;;;;;;;;;;;;;;;;;;;;;;;;;;;;;;;;;;;;;;;;;;;;;;;;;;;;;;;;;;;;;;;;;;;;;;;;;;;;;;;;;;;;;;;;;;;;;;;;;;;;;;;;;;;;;;;;;;;;;;;;;
;;;;;;;;;;;;;;;;;;;;;;;;;;;;;;;;;;;;;;;;;;;;;;;;;;;;;;;;;;;;;;;;;;;;;;;;;;;;;;;;;;;;;;;;;;;;;;;;;;;;;;;;;;;;;;;;;;;;;;;;;;;;;;;;;;;;;;;;;;;;;;;;;;;;;;;;;;;;;;;;;;;;;;;;;;;;;;;;;;;;;;;;;;;;;;;;;;;;;;;;;;;;;;;;;;;;;;;;;;;;;;;;;;;;;;;;;;;;;;;;;;;;;;;;;;;;;;;;;;;;;;;;;;;;;;;;;;;;;;;;;;;;;;;;;;;;;;;;;;;;;;;;;;;;;;;;;;;;;;;;;;;;;;;;;;;;;;;;;;;;;;;;;;;;;;;;;;;;;;;;;;;;;;;;;;;;;;;;;;;;;;;;;;;;;;;;;;;;;
;;;;;;;;;;;;;;;;;;;;;;;;;;;;;;;;;;;;;;;;;;;;;;;;;;;;;;;;;;;;;;;;;;;;;;;;;;;;;;;;;;;;;;;;;;;;;;;;;;;;;;;;;;;;;;;;;;;;;;;;;;;;;;;;;;;;;;;;;;;;;;;;;;;;;;;;;;;;;;;;;;;;;;;;;;;;;;;;;;;;;;;;;;;;;;;;;;;;;;;;;;;;;;;;;;;;;;;;;;;;;;;;;;;;;;;;;;;;;;;;;;;;;;;;;;;;;;;;;;;;;;;;;;;;;;;;;;;;;;;;;;;;;;;;;;;;;;;;;;;;;;;;;;;;;;;;;;;;;;;;;;;;;;;;;;;;;;;;;;;;;;;;;;;;;;;;;;;;;;;;;;;;;;;;;;;;;;;;;;;;;;;;;;;;;;;;;;;;;
;;;;;;;;;;;;;;;;;;;;;;;;;;;;;;;;;;;;;;;;;;;;;;;;;;;;;;;;;;;;;;;;;;;;;;;;;;;;;;;;;;;;;;;;;;;;;;;;;;;;;;;;;;;;;;;;;;;;;;;;;;;;;;;;;;;;;;;;;;;;;;;;;;;;;;;;;;;;;;;;;;;;;;;;;;;;;;;;;;;;;;;;;;;;;;;;;;;;;;;;;;;;;;;;;;;;;;;;;;;;;;;;;;;;;;;;;;;;;;;;;;;;;;;;;;;;;;;;;;;;;;;;;;;;;;;;;;;;;;;;;;;;;;;;;;;;;;;;;;;;;;;;;;;;;;;;;;;;;;;;;;;;;;;;;;;;;;;;;;;;;;;;;;;;;;;;;;;;;;;;;;;;;;;;;;;;;;;;;;;;;;;;;;;;;;;;;;;;;
;;;;;;;;;;;;;;;;;;;;;;;;;;;;;;;;;;;;;;;;;;;;;;;;;;;;;;;;;;;;;;;;;;;;;;;;;;;;;;;;;;;;;;;;;;;;;;;;;;;;;;;;;;;;;;;;;;;;;;;;;;;;;;;;;;;;;;;;;;;;;;;;;;;;;;;;;;;;;;;;;;;;;;;;;;;;;;;;;;;;;;;;;;;;;;;;;;;;;;;;;;;;;;;;;;;;;;;;;;;;;;;;;;;;;;;;;;;;;;;;;;;;;;;;;;;;;;;;;;;;;;;;;;;;;;;;;;;;;;;;;;;;;;;;;;;;;;;;;;;;;;;;;;;;;;;;;;;;;;;;;;;;;;;;;;;;;;;;;;;;;;;;;;;;;;;;;;;;;;;;;;;;;;;;;;;;;;;;;;;;;;;;;;;;;;;;;;;;;
;;;;;;;;;;;;;;;;;;;;;;;;;;;;;;;;;;;;;;;;;;;;;;;;;;;;;;;;;;;;;;;;;;;;;;;;;;;;;;;;;;;;;;;;;;;;;;;;;;;;;;;;;;;;;;;;;;;;;;;;;;;;;;;;;;;;;;;;;;;;;;;;;;;;;;;;;;;;;;;;;;;;;;;;;;;;;;;;;;;;;;;;;;;;;;;;;;;;;;;;;;;;;;;;;;;;;;;;;;;;;;;;;;;;;;;;;;;;;;;;;;;;;;;;;;;;;;;;;;;;;;;;;;;;;;;;;;;;;;;;;;;;;;;;;;;;;;;;;;;;;;;;;;;;;;;;;;;;;;;;;;;;;;;;;;;;;;;;;;;;;;;;;;;;;;;;;;;;;;;;;;;;;;;;;;;;;;;;;;;;;;;;;;;;;;;;;;;;;
;;;;;;;;;;;;;;;;;;;;;;;;;;;;;;;;;;;;;;;;;;;;;;;;;;;;;;;;;;;;;;;;;;;;;;;;;;;;;;;;;;;;;;;;;;;;;;;;;;;;;;;;;;;;;;;;;;;;;;;;;;;;;;;;;;;;;;;;;;;;;;;;;;;;;;;;;;;;;;;;;;;;;;;;;;;;;;;;;;;;;;;;;;;;;;;;;;;;;;;;;;;;;;;;;;;;;;;;;;;;;;;;;;;;;;;;;;;;;;;;;;;;;;;;;;;;;;;;;;;;;;;;;;;;;;;;;;;;;;;;;;;;;;;;;;;;;;;;;;;;;;;;;;;;;;;;;;;;;;;;;;;;;;;;;;;;;;;;;;;;;;;;;;;;;;;;;;;;;;;;;;;;;;;;;;;;;;;;;;;;;;;;;;;;;;;;;;;;;
;;;;;;;;;;;;;;;;;;;;;;;;;;;;;;;;;;;;;;;;;;;;;;;;;;;;;;;;;;;;;;;;;;;;;;;;;;;;;;;;;;;;;;;;;;;;;;;;;;;;;;;;;;;;;;;;;;;;;;;;;;;;;;;;;;;;;;;;;;;;;;;;;;;;;;;;;;;;;;;;;;;;;;;;;;;;;;;;;;;;;;;;;;;;;;;;;;;;;;;;;;;;;;;;;;;;;;;;;;;;;;;;;;;;;;;;;;;;;;;;;;;;;;;;;;;;;;;;;;;;;;;;;;;;;;;;;;;;;;;;;;;;;;;;;;;;;;;;;;;;;;;;;;;;;;;;;;;;;;;;;;;;;;;;;;;;;;;;;;;;;;;;;;;;;;;;;;;;;;;;;;;;;;;;;;;;;;;;;;;;;;;;;;;;;;;;;;;;;
;;;;;;;;;;;;;;;;;;;;;;;;;;;;;;;;;;;;;;;;;;;;;;;;;;;;;;;;;;;;;;;;;;;;;;;;;;;;;;;;;;;;;;;;;;;;;;;;;;;;;;;;;;;;;;;;;;;;;;;;;;;;;;;;;;;;;;;;;;;;;;;;;;;;;;;;;;;;;;;;;;;;;;;;;;;;;;;;;;;;;;;;;;;;;;;;;;;;;;;;;;;;;;;;;;;;;;;;;;;;;;;;;;;;;;;;;;;;;;;;;;;;;;;;;;;;;;;;;;;;;;;;;;;;;;;;;;;;;;;;;;;;;;;;;;;;;;;;;;;;;;;;;;;;;;;;;;;;;;;;;;;;;;;;;;;;;;;;;;;;;;;;;;;;;;;;;;;;;;;;;;;;;;;;;;;;;;;;;;;;;;;;;;;;;;;;;;;;;
;;;;;;;;;;;;;;;;;;;;;;;;;;;;;;;;;;;;;;;;;;;;;;;;;;;;;;;;;;;;;;;;;;;;;;;;;;;;;;;;;;;;;;;;;;;;;;;;;;;;;;;;;;;;;;;;;;;;;;;;;;;;;;;;;;;;;;;;;;;;;;;;;;;;;;;;;;;;;;;;;;;;;;;;;;;;;;;;;;;;;;;;;;;;;;;;;;;;;;;;;;;;;;;;;;;;;;;;;;;;;;;;;;;;;;;;;;;;;;;;;;;;;;;;;;;;;;;;;;;;;;;;;;;;;;;;;;;;;;;;;;;;;;;;;;;;;;;;;;;;;;;;;;;;;;;;;;;;;;;;;;;;;;;;;;;;;;;;;;;;;;;;;;;;;;;;;;;;;;;;;;;;;;;;;;;;;;;;;;;;;;;;;;;;;;;;;;;;;
;;;;;;;;;;;;;;;;;;;;;;;;;;;;;;;;;;;;;;;;;;;;;;;;;;;;;;;;;;;;;;;;;;;;;;;;;;;;;;;;;;;;;;;;;;;;;;;;;;;;;;;;;;;;;;;;;;;;;;;;;;;;;;;;;;;;;;;;;;;;;;;;;;;;;;;;;;;;;;;;;;;;;;;;;;;;;;;;;;;;;;;;;;;;;;;;;;;;;;;;;;;;;;;;;;;;;;;;;;;;;;;;;;;;;;;;;;;;;;;;;;;;;;;;;;;;;;;;;;;;;;;;;;;;;;;;;;;;;;;;;;;;;;;;;;;;;;;;;;;;;;;;;;;;;;;;;;;;;;;;;;;;;;;;;;;;;;;;;;;;;;;;;;;;;;;;;;;;;;;;;;;;;;;;;;;;;;;;;;;;;;;;;;;;;;;;;;;;;
;;;;;;;;;;;;;;;;;;;;;;;;;;;;;;;;;;;;;;;;;;;;;;;;;;;;;;;;;;;;;;;;;;;;;;;;;;;;;;;;;;;;;;;;;;;;;;;;;;;;;;;;;;;;;;;;;;;;;;;;;;;;;;;;;;;;;;;;;;;;;;;;;;;;;;;;;;;;;;;;;;;;;;;;;;;;;;;;;;;;;;;;;;;;;;;;;;;;;;;;;;;;;;;;;;;;;;;;;;;;;;;;;;;;;;;;;;;;;;;;;;;;;;;;;;;;;;;;;;;;;;;;;;;;;;;;;;;;;;;;;;;;;;;;;;;;;;;;;;;;;;;;;;;;;;;;;;;;;;;;;;;;;;;;;;;;;;;;;;;;;;;;;;;;;;;;;;;;;;;;;;;;;;;;;;;;;;;;;;;;;;;;;;;;;;;;;;;;;
;;;;;;;;;;;;;;;;;;;;;;;;;;;;;;;;;;;;;;;;;;;;;;;;;;;;;;;;;;;;;;;;;;;;;;;;;;;;;;;;;;;;;;;;;;;;;;;;;;;;;;;;;;;;;;;;;;;;;;;;;;;;;;;;;;;;;;;;;;;;;;;;;;;;;;;;;;;;;;;;;;;;;;;;;;;;;;;;;;;;;;;;;;;;;;;;;;;;;;;;;;;;;;;;;;;;;;;;;;;;;;;;;;;;;;;;;;;;;;;;;;;;;;;;;;;;;;;;;;;;;;;;;;;;;;;;;;;;;;;;;;;;;;;;;;;;;;;;;;;;;;;;;;;;;;;;;;;;;;;;;;;;;;;;;;;;;;;;;;;;;;;;;;;;;;;;;;;;;;;;;;;;;;;;;;;;;;;;;;;;;;;;;;;;;;;;;;;;;
;;;;;;;;;;;;;;;;;;;;;;;;;;;;;;;;;;;;;;;;;;;;;;;;;;;;;;;;;;;;;;;;;;;;;;;;;;;;;;;;;;;;;;;;;;;;;;;;;;;;;;;;;;;;;;;;;;;;;;;;;;;;;;;;;;;;;;;;;;;;;;;;;;;;;;;;;;;;;;;;;;;;;;;;;;;;;;;;;;;;;;;;;;;;;;;;;;;;;;;;;;;;;;;;;;;;;;;;;;;;;;;;;;;;;;;;;;;;;;;;;;;;;;;;;;;;;;;;;;;;;;;;;;;;;;;;;;;;;;;;;;;;;;;;;;;;;;;;;;;;;;;;;;;;;;;;;;;;;;;;;;;;;;;;;;;;;;;;;;;;;;;;;;;;;;;;;;;;;;;;;;;;;;;;;;;;;;;;;;;;;;;;;;;;;;;;;;;;;
